image_path,class_name,source_filename,source_id,capture_time,block_id,true_label,predicted_label,true_class,predicted_class,confidence
train/freshapples/saltandpepper_Screen Shot 2018-06-08 at 5.18.26 PM.png,freshapples,Screen Shot 2018-06-08 at 5.18.26 PM.png,Screen Shot 2018-06-08 at 5.18.26 PM.png_freshapples,2018-06-08 17:18:26,freshapples::block_5,0,0,freshapples,freshapples,0.95970947
train/freshapples/rotated_by_60_Screen Shot 2018-06-08 at 5.20.26 PM.png,freshapples,Screen Shot 2018-06-08 at 5.20.26 PM.png,Screen Shot 2018-06-08 at 5.20.26 PM.png_freshapples,2018-06-08 17:20:26,freshapples::block_5,0,0,freshapples,freshapples,0.95417386
train/freshapples/rotated_by_60_Screen Shot 2018-06-08 at 5.17.10 PM.png,freshapples,Screen Shot 2018-06-08 at 5.17.10 PM.png,Screen Shot 2018-06-08 at 5.17.10 PM.png_freshapples,2018-06-08 17:17:10,freshapples::block_5,0,0,freshapples,freshapples,0.9999989
train/freshapples/rotated_by_15_Screen Shot 2018-06-08 at 5.18.58 PM.png,freshapples,Screen Shot 2018-06-08 at 5.18.58 PM.png,Screen Shot 2018-06-08 at 5.18.58 PM.png_freshapples,2018-06-08 17:18:58,freshapples::block_5,0,0,freshapples,freshapples,0.9998692
train/freshapples/saltandpepper_Screen Shot 2018-06-08 at 5.17.34 PM.png,freshapples,Screen Shot 2018-06-08 at 5.17.34 PM.png,Screen Shot 2018-06-08 at 5.17.34 PM.png_freshapples,2018-06-08 17:17:34,freshapples::block_5,0,0,freshapples,freshapples,0.9490265
train/freshapples/rotated_by_45_Screen Shot 2018-06-08 at 5.17.04 PM.png,freshapples,Screen Shot 2018-06-08 at 5.17.04 PM.png,Screen Shot 2018-06-08 at 5.17.04 PM.png_freshapples,2018-06-08 17:17:04,freshapples::block_5,0,0,freshapples,freshapples,0.9994862
train/freshapples/vertical_flip_Screen Shot 2018-06-08 at 5.20.26 PM.png,freshapples,Screen Shot 2018-06-08 at 5.20.26 PM.png,Screen Shot 2018-06-08 at 5.20.26 PM.png_freshapples,2018-06-08 17:20:26,freshapples::block_5,0,0,freshapples,freshapples,0.95314956
train/freshapples/saltandpepper_Screen Shot 2018-06-08 at 5.17.58 PM.png,freshapples,Screen Shot 2018-06-08 at 5.17.58 PM.png,Screen Shot 2018-06-08 at 5.17.58 PM.png_freshapples,2018-06-08 17:17:58,freshapples::block_5,0,0,freshapples,freshapples,0.9633743
train/freshapples/rotated_by_30_Screen Shot 2018-06-08 at 5.17.58 PM.png,freshapples,Screen Shot 2018-06-08 at 5.17.58 PM.png,Screen Shot 2018-06-08 at 5.17.58 PM.png_freshapples,2018-06-08 17:17:58,freshapples::block_5,0,0,freshapples,freshapples,0.9841383
train/freshapples/vertical_flip_Screen Shot 2018-06-08 at 5.20.08 PM.png,freshapples,Screen Shot 2018-06-08 at 5.20.08 PM.png,Screen Shot 2018-06-08 at 5.20.08 PM.png_freshapples,2018-06-08 17:20:08,freshapples::block_5,0,0,freshapples,freshapples,0.99750876
train/freshapples/rotated_by_60_Screen Shot 2018-06-08 at 5.18.16 PM.png,freshapples,Screen Shot 2018-06-08 at 5.18.16 PM.png,Screen Shot 2018-06-08 at 5.18.16 PM.png_freshapples,2018-06-08 17:18:16,freshapples::block_5,0,3,freshapples,rottenapples,0.61962426
train/freshapples/Screen Shot 2018-06-08 at 5.17.10 PM.png,freshapples,Screen Shot 2018-06-08 at 5.17.10 PM.png,Screen Shot 2018-06-08 at 5.17.10 PM.png_freshapples,2018-06-08 17:17:10,freshapples::block_5,0,0,freshapples,freshapples,0.99999905
train/freshapples/Screen Shot 2018-06-08 at 5.20.32 PM.png,freshapples,Screen Shot 2018-06-08 at 5.20.32 PM.png,Screen Shot 2018-06-08 at 5.20.32 PM.png_freshapples,2018-06-08 17:20:32,freshapples::block_5,0,0,freshapples,freshapples,0.9970382
train/freshapples/saltandpepper_Screen Shot 2018-06-08 at 5.18.12 PM.png,freshapples,Screen Shot 2018-06-08 at 5.18.12 PM.png,Screen Shot 2018-06-08 at 5.18.12 PM.png_freshapples,2018-06-08 17:18:12,freshapples::block_5,0,0,freshapples,freshapples,0.83945817
train/freshapples/rotated_by_60_Screen Shot 2018-06-08 at 5.20.42 PM.png,freshapples,Screen Shot 2018-06-08 at 5.20.42 PM.png,Screen Shot 2018-06-08 at 5.20.42 PM.png_freshapples,2018-06-08 17:20:42,freshapples::block_5,0,0,freshapples,freshapples,0.99999976
train/freshapples/vertical_flip_Screen Shot 2018-06-08 at 5.17.34 PM.png,freshapples,Screen Shot 2018-06-08 at 5.17.34 PM.png,Screen Shot 2018-06-08 at 5.17.34 PM.png_freshapples,2018-06-08 17:17:34,freshapples::block_5,0,0,freshapples,freshapples,0.9827091
train/freshapples/rotated_by_75_Screen Shot 2018-06-08 at 5.17.04 PM.png,freshapples,Screen Shot 2018-06-08 at 5.17.04 PM.png,Screen Shot 2018-06-08 at 5.17.04 PM.png_freshapples,2018-06-08 17:17:04,freshapples::block_5,0,0,freshapples,freshapples,0.99929667
train/freshapples/Screen Shot 2018-06-08 at 5.33.47 PM.png,freshapples,Screen Shot 2018-06-08 at 5.33.47 PM.png,Screen Shot 2018-06-08 at 5.33.47 PM.png_freshapples,2018-06-08 17:33:47,freshapples::block_9,0,0,freshapples,freshapples,0.9999993
train/freshapples/vertical_flip_Screen Shot 2018-06-08 at 5.17.58 PM.png,freshapples,Screen Shot 2018-06-08 at 5.17.58 PM.png,Screen Shot 2018-06-08 at 5.17.58 PM.png_freshapples,2018-06-08 17:17:58,freshapples::block_5,0,0,freshapples,freshapples,0.9768942
train/freshapples/vertical_flip_Screen Shot 2018-06-08 at 5.20.42 PM.png,freshapples,Screen Shot 2018-06-08 at 5.20.42 PM.png,Screen Shot 2018-06-08 at 5.20.42 PM.png_freshapples,2018-06-08 17:20:42,freshapples::block_5,0,0,freshapples,freshapples,0.99999976
train/freshapples/rotated_by_45_Screen Shot 2018-06-08 at 5.18.12 PM.png,freshapples,Screen Shot 2018-06-08 at 5.18.12 PM.png,Screen Shot 2018-06-08 at 5.18.12 PM.png_freshapples,2018-06-08 17:18:12,freshapples::block_5,0,0,freshapples,freshapples,0.94038296
train/freshapples/saltandpepper_Screen Shot 2018-06-08 at 5.17.42 PM.png,freshapples,Screen Shot 2018-06-08 at 5.17.42 PM.png,Screen Shot 2018-06-08 at 5.17.42 PM.png_freshapples,2018-06-08 17:17:42,freshapples::block_5,0,0,freshapples,freshapples,1.0
train/freshapples/saltandpepper_Screen Shot 2018-06-08 at 5.20.26 PM.png,freshapples,Screen Shot 2018-06-08 at 5.20.26 PM.png,Screen Shot 2018-06-08 at 5.20.26 PM.png_freshapples,2018-06-08 17:20:26,freshapples::block_5,0,0,freshapples,freshapples,0.9266781
train/freshapples/rotated_by_60_Screen Shot 2018-06-08 at 5.20.08 PM.png,freshapples,Screen Shot 2018-06-08 at 5.20.08 PM.png,Screen Shot 2018-06-08 at 5.20.08 PM.png_freshapples,2018-06-08 17:20:08,freshapples::block_5,0,0,freshapples,freshapples,0.9970222
train/freshapples/rotated_by_75_Screen Shot 2018-06-08 at 5.20.26 PM.png,freshapples,Screen Shot 2018-06-08 at 5.20.26 PM.png,Screen Shot 2018-06-08 at 5.20.26 PM.png_freshapples,2018-06-08 17:20:26,freshapples::block_5,0,0,freshapples,freshapples,0.9518563
train/freshapples/rotated_by_45_Screen Shot 2018-06-08 at 5.17.42 PM.png,freshapples,Screen Shot 2018-06-08 at 5.17.42 PM.png,Screen Shot 2018-06-08 at 5.17.42 PM.png_freshapples,2018-06-08 17:17:42,freshapples::block_5,0,0,freshapples,freshapples,0.9999999
train/freshapples/rotated_by_60_Screen Shot 2018-06-08 at 5.17.42 PM.png,freshapples,Screen Shot 2018-06-08 at 5.17.42 PM.png,Screen Shot 2018-06-08 at 5.17.42 PM.png_freshapples,2018-06-08 17:17:42,freshapples::block_5,0,0,freshapples,freshapples,1.0
train/freshapples/rotated_by_30_Screen Shot 2018-06-08 at 5.17.04 PM.png,freshapples,Screen Shot 2018-06-08 at 5.17.04 PM.png,Screen Shot 2018-06-08 at 5.17.04 PM.png_freshapples,2018-06-08 17:17:04,freshapples::block_5,0,0,freshapples,freshapples,0.9994036
train/freshapples/vertical_flip_Screen Shot 2018-06-08 at 5.18.58 PM.png,freshapples,Screen Shot 2018-06-08 at 5.18.58 PM.png,Screen Shot 2018-06-08 at 5.18.58 PM.png_freshapples,2018-06-08 17:18:58,freshapples::block_5,0,0,freshapples,freshapples,0.9999006
train/freshapples/rotated_by_30_Screen Shot 2018-06-08 at 5.17.10 PM.png,freshapples,Screen Shot 2018-06-08 at 5.17.10 PM.png,Screen Shot 2018-06-08 at 5.17.10 PM.png_freshapples,2018-06-08 17:17:10,freshapples::block_5,0,0,freshapples,freshapples,0.9999988
train/freshapples/rotated_by_45_Screen Shot 2018-06-08 at 5.18.58 PM.png,freshapples,Screen Shot 2018-06-08 at 5.18.58 PM.png,Screen Shot 2018-06-08 at 5.18.58 PM.png_freshapples,2018-06-08 17:18:58,freshapples::block_5,0,0,freshapples,freshapples,0.9998096
train/freshapples/translation_Screen Shot 2018-06-08 at 5.18.26 PM.png,freshapples,Screen Shot 2018-06-08 at 5.18.26 PM.png,Screen Shot 2018-06-08 at 5.18.26 PM.png_freshapples,2018-06-08 17:18:26,freshapples::block_5,0,0,freshapples,freshapples,0.97475195
train/freshapples/rotated_by_15_Screen Shot 2018-06-08 at 5.18.16 PM.png,freshapples,Screen Shot 2018-06-08 at 5.18.16 PM.png,Screen Shot 2018-06-08 at 5.18.16 PM.png_freshapples,2018-06-08 17:18:16,freshapples::block_5,0,3,freshapples,rottenapples,0.66483665
train/freshapples/rotated_by_30_Screen Shot 2018-06-08 at 5.17.42 PM.png,freshapples,Screen Shot 2018-06-08 at 5.17.42 PM.png,Screen Shot 2018-06-08 at 5.17.42 PM.png_freshapples,2018-06-08 17:17:42,freshapples::block_5,0,0,freshapples,freshapples,1.0
train/freshapples/saltandpepper_Screen Shot 2018-06-08 at 5.20.08 PM.png,freshapples,Screen Shot 2018-06-08 at 5.20.08 PM.png,Screen Shot 2018-06-08 at 5.20.08 PM.png_freshapples,2018-06-08 17:20:08,freshapples::block_5,0,0,freshapples,freshapples,0.9975688
train/freshapples/Screen Shot 2018-06-08 at 5.20.26 PM.png,freshapples,Screen Shot 2018-06-08 at 5.20.26 PM.png,Screen Shot 2018-06-08 at 5.20.26 PM.png_freshapples,2018-06-08 17:20:26,freshapples::block_5,0,0,freshapples,freshapples,0.9507504
train/freshapples/saltandpepper_Screen Shot 2018-06-08 at 5.18.58 PM.png,freshapples,Screen Shot 2018-06-08 at 5.18.58 PM.png,Screen Shot 2018-06-08 at 5.18.58 PM.png_freshapples,2018-06-08 17:18:58,freshapples::block_5,0,0,freshapples,freshapples,0.9999107
train/freshapples/saltandpepper_Screen Shot 2018-06-08 at 5.20.42 PM.png,freshapples,Screen Shot 2018-06-08 at 5.20.42 PM.png,Screen Shot 2018-06-08 at 5.20.42 PM.png_freshapples,2018-06-08 17:20:42,freshapples::block_5,0,0,freshapples,freshapples,0.99999976
train/freshapples/rotated_by_30_Screen Shot 2018-06-08 at 5.18.37 PM.png,freshapples,Screen Shot 2018-06-08 at 5.18.37 PM.png,Screen Shot 2018-06-08 at 5.18.37 PM.png_freshapples,2018-06-08 17:18:37,freshapples::block_5,0,0,freshapples,freshapples,0.99827945
train/freshapples/rotated_by_75_Screen Shot 2018-06-08 at 5.20.32 PM.png,freshapples,Screen Shot 2018-06-08 at 5.20.32 PM.png,Screen Shot 2018-06-08 at 5.20.32 PM.png_freshapples,2018-06-08 17:20:32,freshapples::block_5,0,0,freshapples,freshapples,0.99711823
train/freshapples/rotated_by_45_Screen Shot 2018-06-08 at 5.17.34 PM.png,freshapples,Screen Shot 2018-06-08 at 5.17.34 PM.png,Screen Shot 2018-06-08 at 5.17.34 PM.png_freshapples,2018-06-08 17:17:34,freshapples::block_5,0,0,freshapples,freshapples,0.98902553
train/freshapples/rotated_by_75_Screen Shot 2018-06-08 at 5.18.16 PM.png,freshapples,Screen Shot 2018-06-08 at 5.18.16 PM.png,Screen Shot 2018-06-08 at 5.18.16 PM.png_freshapples,2018-06-08 17:18:16,freshapples::block_5,0,3,freshapples,rottenapples,0.645664
train/freshapples/rotated_by_60_Screen Shot 2018-06-08 at 5.17.04 PM.png,freshapples,Screen Shot 2018-06-08 at 5.17.04 PM.png,Screen Shot 2018-06-08 at 5.17.04 PM.png_freshapples,2018-06-08 17:17:04,freshapples::block_5,0,0,freshapples,freshapples,0.99940777
train/freshapples/rotated_by_75_Screen Shot 2018-06-08 at 5.33.47 PM.png,freshapples,Screen Shot 2018-06-08 at 5.33.47 PM.png,Screen Shot 2018-06-08 at 5.33.47 PM.png_freshapples,2018-06-08 17:33:47,freshapples::block_9,0,0,freshapples,freshapples,0.99999607
train/freshapples/rotated_by_30_Screen Shot 2018-06-08 at 5.20.26 PM.png,freshapples,Screen Shot 2018-06-08 at 5.20.26 PM.png,Screen Shot 2018-06-08 at 5.20.26 PM.png_freshapples,2018-06-08 17:20:26,freshapples::block_5,0,0,freshapples,freshapples,0.95027936
train/freshapples/translation_Screen Shot 2018-06-08 at 5.17.10 PM.png,freshapples,Screen Shot 2018-06-08 at 5.17.10 PM.png,Screen Shot 2018-06-08 at 5.17.10 PM.png_freshapples,2018-06-08 17:17:10,freshapples::block_5,0,0,freshapples,freshapples,0.9999989
train/freshapples/translation_Screen Shot 2018-06-08 at 5.17.58 PM.png,freshapples,Screen Shot 2018-06-08 at 5.17.58 PM.png,Screen Shot 2018-06-08 at 5.17.58 PM.png_freshapples,2018-06-08 17:17:58,freshapples::block_5,0,0,freshapples,freshapples,0.9845842
train/freshapples/rotated_by_75_Screen Shot 2018-06-08 at 5.17.42 PM.png,freshapples,Screen Shot 2018-06-08 at 5.17.42 PM.png,Screen Shot 2018-06-08 at 5.17.42 PM.png_freshapples,2018-06-08 17:17:42,freshapples::block_5,0,0,freshapples,freshapples,1.0
train/freshapples/Screen Shot 2018-06-08 at 5.18.37 PM.png,freshapples,Screen Shot 2018-06-08 at 5.18.37 PM.png,Screen Shot 2018-06-08 at 5.18.37 PM.png_freshapples,2018-06-08 17:18:37,freshapples::block_5,0,0,freshapples,freshapples,0.9985933
train/freshapples/translation_Screen Shot 2018-06-08 at 5.18.12 PM.png,freshapples,Screen Shot 2018-06-08 at 5.18.12 PM.png,Screen Shot 2018-06-08 at 5.18.12 PM.png_freshapples,2018-06-08 17:18:12,freshapples::block_5,0,0,freshapples,freshapples,0.9356445
train/freshapples/rotated_by_15_Screen Shot 2018-06-08 at 5.17.34 PM.png,freshapples,Screen Shot 2018-06-08 at 5.17.34 PM.png,Screen Shot 2018-06-08 at 5.17.34 PM.png_freshapples,2018-06-08 17:17:34,freshapples::block_5,0,0,freshapples,freshapples,0.984175
train/freshapples/rotated_by_75_Screen Shot 2018-06-08 at 5.17.58 PM.png,freshapples,Screen Shot 2018-06-08 at 5.17.58 PM.png,Screen Shot 2018-06-08 at 5.17.58 PM.png_freshapples,2018-06-08 17:17:58,freshapples::block_5,0,0,freshapples,freshapples,0.9844439
train/freshapples/rotated_by_30_Screen Shot 2018-06-08 at 5.18.12 PM.png,freshapples,Screen Shot 2018-06-08 at 5.18.12 PM.png,Screen Shot 2018-06-08 at 5.18.12 PM.png_freshapples,2018-06-08 17:18:12,freshapples::block_5,0,0,freshapples,freshapples,0.92783296
train/freshapples/Screen Shot 2018-06-08 at 5.20.42 PM.png,freshapples,Screen Shot 2018-06-08 at 5.20.42 PM.png,Screen Shot 2018-06-08 at 5.20.42 PM.png_freshapples,2018-06-08 17:20:42,freshapples::block_5,0,0,freshapples,freshapples,0.99999976
train/freshapples/saltandpepper_Screen Shot 2018-06-08 at 5.33.47 PM.png,freshapples,Screen Shot 2018-06-08 at 5.33.47 PM.png,Screen Shot 2018-06-08 at 5.33.47 PM.png_freshapples,2018-06-08 17:33:47,freshapples::block_9,0,0,freshapples,freshapples,0.9999993
train/freshapples/vertical_flip_Screen Shot 2018-06-08 at 5.17.42 PM.png,freshapples,Screen Shot 2018-06-08 at 5.17.42 PM.png,Screen Shot 2018-06-08 at 5.17.42 PM.png_freshapples,2018-06-08 17:17:42,freshapples::block_5,0,0,freshapples,freshapples,1.0
train/freshapples/rotated_by_30_Screen Shot 2018-06-08 at 5.20.32 PM.png,freshapples,Screen Shot 2018-06-08 at 5.20.32 PM.png,Screen Shot 2018-06-08 at 5.20.32 PM.png_freshapples,2018-06-08 17:20:32,freshapples::block_5,0,0,freshapples,freshapples,0.9971173
train/freshapples/Screen Shot 2018-06-08 at 5.20.08 PM.png,freshapples,Screen Shot 2018-06-08 at 5.20.08 PM.png,Screen Shot 2018-06-08 at 5.20.08 PM.png_freshapples,2018-06-08 17:20:08,freshapples::block_5,0,0,freshapples,freshapples,0.9978955
train/freshapples/vertical_flip_Screen Shot 2018-06-08 at 5.20.32 PM.png,freshapples,Screen Shot 2018-06-08 at 5.20.32 PM.png,Screen Shot 2018-06-08 at 5.20.32 PM.png_freshapples,2018-06-08 17:20:32,freshapples::block_5,0,0,freshapples,freshapples,0.9963712
train/freshapples/translation_Screen Shot 2018-06-08 at 5.18.58 PM.png,freshapples,Screen Shot 2018-06-08 at 5.18.58 PM.png,Screen Shot 2018-06-08 at 5.18.58 PM.png_freshapples,2018-06-08 17:18:58,freshapples::block_5,0,0,freshapples,freshapples,0.99995065
train/freshapples/rotated_by_60_Screen Shot 2018-06-08 at 5.18.12 PM.png,freshapples,Screen Shot 2018-06-08 at 5.18.12 PM.png,Screen Shot 2018-06-08 at 5.18.12 PM.png_freshapples,2018-06-08 17:18:12,freshapples::block_5,0,0,freshapples,freshapples,0.9396439
train/freshapples/Screen Shot 2018-06-08 at 5.18.26 PM.png,freshapples,Screen Shot 2018-06-08 at 5.18.26 PM.png,Screen Shot 2018-06-08 at 5.18.26 PM.png_freshapples,2018-06-08 17:18:26,freshapples::block_5,0,0,freshapples,freshapples,0.9689756
train/freshapples/rotated_by_30_Screen Shot 2018-06-08 at 5.18.58 PM.png,freshapples,Screen Shot 2018-06-08 at 5.18.58 PM.png,Screen Shot 2018-06-08 at 5.18.58 PM.png_freshapples,2018-06-08 17:18:58,freshapples::block_5,0,0,freshapples,freshapples,0.9998292
train/freshapples/Screen Shot 2018-06-08 at 5.17.34 PM.png,freshapples,Screen Shot 2018-06-08 at 5.17.34 PM.png,Screen Shot 2018-06-08 at 5.17.34 PM.png_freshapples,2018-06-08 17:17:34,freshapples::block_5,0,0,freshapples,freshapples,0.9842606
train/freshapples/vertical_flip_Screen Shot 2018-06-08 at 5.18.16 PM.png,freshapples,Screen Shot 2018-06-08 at 5.18.16 PM.png,Screen Shot 2018-06-08 at 5.18.16 PM.png_freshapples,2018-06-08 17:18:16,freshapples::block_5,0,3,freshapples,rottenapples,0.6757096
train/freshapples/rotated_by_30_Screen Shot 2018-06-08 at 5.33.47 PM.png,freshapples,Screen Shot 2018-06-08 at 5.33.47 PM.png,Screen Shot 2018-06-08 at 5.33.47 PM.png_freshapples,2018-06-08 17:33:47,freshapples::block_9,0,0,freshapples,freshapples,0.99999774
train/freshapples/rotated_by_15_Screen Shot 2018-06-08 at 5.20.08 PM.png,freshapples,Screen Shot 2018-06-08 at 5.20.08 PM.png,Screen Shot 2018-06-08 at 5.20.08 PM.png_freshapples,2018-06-08 17:20:08,freshapples::block_5,0,0,freshapples,freshapples,0.99837923
train/freshapples/translation_Screen Shot 2018-06-08 at 5.20.42 PM.png,freshapples,Screen Shot 2018-06-08 at 5.20.42 PM.png,Screen Shot 2018-06-08 at 5.20.42 PM.png_freshapples,2018-06-08 17:20:42,freshapples::block_5,0,0,freshapples,freshapples,0.99999976
train/freshapples/rotated_by_75_Screen Shot 2018-06-08 at 5.17.10 PM.png,freshapples,Screen Shot 2018-06-08 at 5.17.10 PM.png,Screen Shot 2018-06-08 at 5.17.10 PM.png_freshapples,2018-06-08 17:17:10,freshapples::block_5,0,0,freshapples,freshapples,0.99999905
train/freshapples/rotated_by_15_Screen Shot 2018-06-08 at 5.18.26 PM.png,freshapples,Screen Shot 2018-06-08 at 5.18.26 PM.png,Screen Shot 2018-06-08 at 5.18.26 PM.png_freshapples,2018-06-08 17:18:26,freshapples::block_5,0,0,freshapples,freshapples,0.96792775
train/freshapples/rotated_by_45_Screen Shot 2018-06-08 at 5.18.16 PM.png,freshapples,Screen Shot 2018-06-08 at 5.18.16 PM.png,Screen Shot 2018-06-08 at 5.18.16 PM.png_freshapples,2018-06-08 17:18:16,freshapples::block_5,0,3,freshapples,rottenapples,0.62349516
train/freshapples/vertical_flip_Screen Shot 2018-06-08 at 5.18.12 PM.png,freshapples,Screen Shot 2018-06-08 at 5.18.12 PM.png,Screen Shot 2018-06-08 at 5.18.12 PM.png_freshapples,2018-06-08 17:18:12,freshapples::block_5,0,0,freshapples,freshapples,0.92759746
train/freshapples/rotated_by_45_Screen Shot 2018-06-08 at 5.20.42 PM.png,freshapples,Screen Shot 2018-06-08 at 5.20.42 PM.png,Screen Shot 2018-06-08 at 5.20.42 PM.png_freshapples,2018-06-08 17:20:42,freshapples::block_5,0,0,freshapples,freshapples,0.99999976
train/freshapples/rotated_by_75_Screen Shot 2018-06-08 at 5.18.26 PM.png,freshapples,Screen Shot 2018-06-08 at 5.18.26 PM.png,Screen Shot 2018-06-08 at 5.18.26 PM.png_freshapples,2018-06-08 17:18:26,freshapples::block_5,0,0,freshapples,freshapples,0.9758841
train/freshapples/rotated_by_15_Screen Shot 2018-06-08 at 5.33.47 PM.png,freshapples,Screen Shot 2018-06-08 at 5.33.47 PM.png,Screen Shot 2018-06-08 at 5.33.47 PM.png_freshapples,2018-06-08 17:33:47,freshapples::block_9,0,0,freshapples,freshapples,0.9999988
train/freshapples/rotated_by_45_Screen Shot 2018-06-08 at 5.33.47 PM.png,freshapples,Screen Shot 2018-06-08 at 5.33.47 PM.png,Screen Shot 2018-06-08 at 5.33.47 PM.png_freshapples,2018-06-08 17:33:47,freshapples::block_9,0,0,freshapples,freshapples,0.99999666
train/freshapples/rotated_by_30_Screen Shot 2018-06-08 at 5.17.34 PM.png,freshapples,Screen Shot 2018-06-08 at 5.17.34 PM.png,Screen Shot 2018-06-08 at 5.17.34 PM.png_freshapples,2018-06-08 17:17:34,freshapples::block_5,0,0,freshapples,freshapples,0.986759
train/freshapples/translation_Screen Shot 2018-06-08 at 5.17.42 PM.png,freshapples,Screen Shot 2018-06-08 at 5.17.42 PM.png,Screen Shot 2018-06-08 at 5.17.42 PM.png_freshapples,2018-06-08 17:17:42,freshapples::block_5,0,0,freshapples,freshapples,1.0
train/freshapples/translation_Screen Shot 2018-06-08 at 5.33.47 PM.png,freshapples,Screen Shot 2018-06-08 at 5.33.47 PM.png,Screen Shot 2018-06-08 at 5.33.47 PM.png_freshapples,2018-06-08 17:33:47,freshapples::block_9,0,0,freshapples,freshapples,0.99999774
train/freshapples/rotated_by_15_Screen Shot 2018-06-08 at 5.20.26 PM.png,freshapples,Screen Shot 2018-06-08 at 5.20.26 PM.png,Screen Shot 2018-06-08 at 5.20.26 PM.png_freshapples,2018-06-08 17:20:26,freshapples::block_5,0,0,freshapples,freshapples,0.94773453
train/freshapples/translation_Screen Shot 2018-06-08 at 5.20.08 PM.png,freshapples,Screen Shot 2018-06-08 at 5.20.08 PM.png,Screen Shot 2018-06-08 at 5.20.08 PM.png_freshapples,2018-06-08 17:20:08,freshapples::block_5,0,0,freshapples,freshapples,0.9981384
train/freshapples/rotated_by_45_Screen Shot 2018-06-08 at 5.17.58 PM.png,freshapples,Screen Shot 2018-06-08 at 5.17.58 PM.png,Screen Shot 2018-06-08 at 5.17.58 PM.png_freshapples,2018-06-08 17:17:58,freshapples::block_5,0,0,freshapples,freshapples,0.986433
train/freshapples/vertical_flip_Screen Shot 2018-06-08 at 5.33.47 PM.png,freshapples,Screen Shot 2018-06-08 at 5.33.47 PM.png,Screen Shot 2018-06-08 at 5.33.47 PM.png_freshapples,2018-06-08 17:33:47,freshapples::block_9,0,0,freshapples,freshapples,0.9999993
train/freshapples/rotated_by_60_Screen Shot 2018-06-08 at 5.17.34 PM.png,freshapples,Screen Shot 2018-06-08 at 5.17.34 PM.png,Screen Shot 2018-06-08 at 5.17.34 PM.png_freshapples,2018-06-08 17:17:34,freshapples::block_5,0,0,freshapples,freshapples,0.9876518
train/freshapples/translation_Screen Shot 2018-06-08 at 5.20.32 PM.png,freshapples,Screen Shot 2018-06-08 at 5.20.32 PM.png,Screen Shot 2018-06-08 at 5.20.32 PM.png_freshapples,2018-06-08 17:20:32,freshapples::block_5,0,0,freshapples,freshapples,0.9971011
train/freshapples/Screen Shot 2018-06-08 at 5.18.16 PM.png,freshapples,Screen Shot 2018-06-08 at 5.18.16 PM.png,Screen Shot 2018-06-08 at 5.18.16 PM.png_freshapples,2018-06-08 17:18:16,freshapples::block_5,0,3,freshapples,rottenapples,0.6462702
train/freshapples/Screen Shot 2018-06-08 at 5.18.58 PM.png,freshapples,Screen Shot 2018-06-08 at 5.18.58 PM.png,Screen Shot 2018-06-08 at 5.18.58 PM.png_freshapples,2018-06-08 17:18:58,freshapples::block_5,0,0,freshapples,freshapples,0.9999149
train/freshapples/Screen Shot 2018-06-08 at 5.17.04 PM.png,freshapples,Screen Shot 2018-06-08 at 5.17.04 PM.png,Screen Shot 2018-06-08 at 5.17.04 PM.png_freshapples,2018-06-08 17:17:04,freshapples::block_5,0,0,freshapples,freshapples,0.99937725
train/freshapples/saltandpepper_Screen Shot 2018-06-08 at 5.20.32 PM.png,freshapples,Screen Shot 2018-06-08 at 5.20.32 PM.png,Screen Shot 2018-06-08 at 5.20.32 PM.png_freshapples,2018-06-08 17:20:32,freshapples::block_5,0,0,freshapples,freshapples,0.996521
train/freshapples/rotated_by_15_Screen Shot 2018-06-08 at 5.17.10 PM.png,freshapples,Screen Shot 2018-06-08 at 5.17.10 PM.png,Screen Shot 2018-06-08 at 5.17.10 PM.png_freshapples,2018-06-08 17:17:10,freshapples::block_5,0,0,freshapples,freshapples,0.9999988
train/freshapples/rotated_by_60_Screen Shot 2018-06-08 at 5.18.26 PM.png,freshapples,Screen Shot 2018-06-08 at 5.18.26 PM.png,Screen Shot 2018-06-08 at 5.18.26 PM.png_freshapples,2018-06-08 17:18:26,freshapples::block_5,0,0,freshapples,freshapples,0.978018
train/freshapples/rotated_by_60_Screen Shot 2018-06-08 at 5.17.58 PM.png,freshapples,Screen Shot 2018-06-08 at 5.17.58 PM.png,Screen Shot 2018-06-08 at 5.17.58 PM.png_freshapples,2018-06-08 17:17:58,freshapples::block_5,0,0,freshapples,freshapples,0.98578936
train/freshapples/rotated_by_30_Screen Shot 2018-06-08 at 5.18.26 PM.png,freshapples,Screen Shot 2018-06-08 at 5.18.26 PM.png,Screen Shot 2018-06-08 at 5.18.26 PM.png_freshapples,2018-06-08 17:18:26,freshapples::block_5,0,0,freshapples,freshapples,0.9714463
train/freshapples/rotated_by_75_Screen Shot 2018-06-08 at 5.17.34 PM.png,freshapples,Screen Shot 2018-06-08 at 5.17.34 PM.png,Screen Shot 2018-06-08 at 5.17.34 PM.png_freshapples,2018-06-08 17:17:34,freshapples::block_5,0,0,freshapples,freshapples,0.98568124
train/freshapples/saltandpepper_Screen Shot 2018-06-08 at 5.17.10 PM.png,freshapples,Screen Shot 2018-06-08 at 5.17.10 PM.png,Screen Shot 2018-06-08 at 5.17.10 PM.png_freshapples,2018-06-08 17:17:10,freshapples::block_5,0,0,freshapples,freshapples,0.9999993
train/freshapples/rotated_by_15_Screen Shot 2018-06-08 at 5.18.12 PM.png,freshapples,Screen Shot 2018-06-08 at 5.18.12 PM.png,Screen Shot 2018-06-08 at 5.18.12 PM.png_freshapples,2018-06-08 17:18:12,freshapples::block_5,0,0,freshapples,freshapples,0.9136027
train/freshapples/rotated_by_75_Screen Shot 2018-06-08 at 5.18.12 PM.png,freshapples,Screen Shot 2018-06-08 at 5.18.12 PM.png,Screen Shot 2018-06-08 at 5.18.12 PM.png_freshapples,2018-06-08 17:18:12,freshapples::block_5,0,0,freshapples,freshapples,0.9328155
train/freshapples/rotated_by_30_Screen Shot 2018-06-08 at 5.18.16 PM.png,freshapples,Screen Shot 2018-06-08 at 5.18.16 PM.png,Screen Shot 2018-06-08 at 5.18.16 PM.png_freshapples,2018-06-08 17:18:16,freshapples::block_5,0,3,freshapples,rottenapples,0.64961964
train/freshapples/translation_Screen Shot 2018-06-08 at 5.18.16 PM.png,freshapples,Screen Shot 2018-06-08 at 5.18.16 PM.png,Screen Shot 2018-06-08 at 5.18.16 PM.png_freshapples,2018-06-08 17:18:16,freshapples::block_5,0,3,freshapples,rottenapples,0.5021177
train/freshapples/rotated_by_45_Screen Shot 2018-06-08 at 5.20.08 PM.png,freshapples,Screen Shot 2018-06-08 at 5.20.08 PM.png,Screen Shot 2018-06-08 at 5.20.08 PM.png_freshapples,2018-06-08 17:20:08,freshapples::block_5,0,0,freshapples,freshapples,0.9979061
train/freshapples/saltandpepper_Screen Shot 2018-06-08 at 5.17.04 PM.png,freshapples,Screen Shot 2018-06-08 at 5.17.04 PM.png,Screen Shot 2018-06-08 at 5.17.04 PM.png_freshapples,2018-06-08 17:17:04,freshapples::block_5,0,0,freshapples,freshapples,0.9990915
train/freshapples/Screen Shot 2018-06-08 at 5.17.42 PM.png,freshapples,Screen Shot 2018-06-08 at 5.17.42 PM.png,Screen Shot 2018-06-08 at 5.17.42 PM.png_freshapples,2018-06-08 17:17:42,freshapples::block_5,0,0,freshapples,freshapples,1.0
train/freshapples/translation_Screen Shot 2018-06-08 at 5.17.34 PM.png,freshapples,Screen Shot 2018-06-08 at 5.17.34 PM.png,Screen Shot 2018-06-08 at 5.17.34 PM.png_freshapples,2018-06-08 17:17:34,freshapples::block_5,0,0,freshapples,freshapples,0.986411
train/freshapples/rotated_by_75_Screen Shot 2018-06-08 at 5.18.58 PM.png,freshapples,Screen Shot 2018-06-08 at 5.18.58 PM.png,Screen Shot 2018-06-08 at 5.18.58 PM.png_freshapples,2018-06-08 17:18:58,freshapples::block_5,0,0,freshapples,freshapples,0.99985445
train/freshapples/rotated_by_30_Screen Shot 2018-06-08 at 5.20.08 PM.png,freshapples,Screen Shot 2018-06-08 at 5.20.08 PM.png,Screen Shot 2018-06-08 at 5.20.08 PM.png_freshapples,2018-06-08 17:20:08,freshapples::block_5,0,0,freshapples,freshapples,0.9983361
train/freshapples/vertical_flip_Screen Shot 2018-06-08 at 5.17.04 PM.png,freshapples,Screen Shot 2018-06-08 at 5.17.04 PM.png,Screen Shot 2018-06-08 at 5.17.04 PM.png_freshapples,2018-06-08 17:17:04,freshapples::block_5,0,0,freshapples,freshapples,0.99948597
train/freshapples/rotated_by_60_Screen Shot 2018-06-08 at 5.18.37 PM.png,freshapples,Screen Shot 2018-06-08 at 5.18.37 PM.png,Screen Shot 2018-06-08 at 5.18.37 PM.png_freshapples,2018-06-08 17:18:37,freshapples::block_5,0,0,freshapples,freshapples,0.9988864
train/freshapples/translation_Screen Shot 2018-06-08 at 5.20.26 PM.png,freshapples,Screen Shot 2018-06-08 at 5.20.26 PM.png,Screen Shot 2018-06-08 at 5.20.26 PM.png_freshapples,2018-06-08 17:20:26,freshapples::block_5,0,0,freshapples,freshapples,0.9503834
train/freshapples/rotated_by_15_Screen Shot 2018-06-08 at 5.20.32 PM.png,freshapples,Screen Shot 2018-06-08 at 5.20.32 PM.png,Screen Shot 2018-06-08 at 5.20.32 PM.png_freshapples,2018-06-08 17:20:32,freshapples::block_5,0,0,freshapples,freshapples,0.9968231
train/freshapples/vertical_flip_Screen Shot 2018-06-08 at 5.17.10 PM.png,freshapples,Screen Shot 2018-06-08 at 5.17.10 PM.png,Screen Shot 2018-06-08 at 5.17.10 PM.png_freshapples,2018-06-08 17:17:10,freshapples::block_5,0,0,freshapples,freshapples,0.99999905
train/freshapples/rotated_by_15_Screen Shot 2018-06-08 at 5.17.42 PM.png,freshapples,Screen Shot 2018-06-08 at 5.17.42 PM.png,Screen Shot 2018-06-08 at 5.17.42 PM.png_freshapples,2018-06-08 17:17:42,freshapples::block_5,0,0,freshapples,freshapples,1.0
train/freshapples/Screen Shot 2018-06-08 at 5.18.12 PM.png,freshapples,Screen Shot 2018-06-08 at 5.18.12 PM.png,Screen Shot 2018-06-08 at 5.18.12 PM.png_freshapples,2018-06-08 17:18:12,freshapples::block_5,0,0,freshapples,freshapples,0.91439116
train/freshapples/saltandpepper_Screen Shot 2018-06-08 at 5.18.16 PM.png,freshapples,Screen Shot 2018-06-08 at 5.18.16 PM.png,Screen Shot 2018-06-08 at 5.18.16 PM.png_freshapples,2018-06-08 17:18:16,freshapples::block_5,0,3,freshapples,rottenapples,0.7524842
train/freshbanana/rotated_by_60_Screen Shot 2018-06-12 at 9.58.07 PM.png,freshbanana,Screen Shot 2018-06-12 at 9.58.07 PM.png,Screen Shot 2018-06-12 at 9.58.07 PM.png_freshbanana,2018-06-12 21:58:07,freshbanana::block_6,1,1,freshbanana,freshbanana,0.88862836
train/freshbanana/rotated_by_30_Screen Shot 2018-06-12 at 9.58.56 PM.png,freshbanana,Screen Shot 2018-06-12 at 9.58.56 PM.png,Screen Shot 2018-06-12 at 9.58.56 PM.png_freshbanana,2018-06-12 21:58:56,freshbanana::block_6,1,1,freshbanana,freshbanana,0.9003032
train/freshbanana/rotated_by_45_Screen Shot 2018-06-12 at 9.58.56 PM.png,freshbanana,Screen Shot 2018-06-12 at 9.58.56 PM.png,Screen Shot 2018-06-12 at 9.58.56 PM.png_freshbanana,2018-06-12 21:58:56,freshbanana::block_6,1,1,freshbanana,freshbanana,0.8949975
train/freshbanana/saltandpepper_Screen Shot 2018-06-12 at 9.58.07 PM.png,freshbanana,Screen Shot 2018-06-12 at 9.58.07 PM.png,Screen Shot 2018-06-12 at 9.58.07 PM.png_freshbanana,2018-06-12 21:58:07,freshbanana::block_6,1,1,freshbanana,freshbanana,0.9408423
train/freshbanana/rotated_by_60_Screen Shot 2018-06-12 at 9.58.56 PM.png,freshbanana,Screen Shot 2018-06-12 at 9.58.56 PM.png,Screen Shot 2018-06-12 at 9.58.56 PM.png_freshbanana,2018-06-12 21:58:56,freshbanana::block_6,1,1,freshbanana,freshbanana,0.9176405
train/freshbanana/saltandpepper_Screen Shot 2018-06-12 at 9.58.56 PM.png,freshbanana,Screen Shot 2018-06-12 at 9.58.56 PM.png,Screen Shot 2018-06-12 at 9.58.56 PM.png_freshbanana,2018-06-12 21:58:56,freshbanana::block_6,1,1,freshbanana,freshbanana,0.9482974
train/freshbanana/translation_Screen Shot 2018-06-12 at 9.58.07 PM.png,freshbanana,Screen Shot 2018-06-12 at 9.58.07 PM.png,Screen Shot 2018-06-12 at 9.58.07 PM.png_freshbanana,2018-06-12 21:58:07,freshbanana::block_6,1,1,freshbanana,freshbanana,0.90276474
train/freshbanana/rotated_by_75_Screen Shot 2018-06-12 at 9.58.56 PM.png,freshbanana,Screen Shot 2018-06-12 at 9.58.56 PM.png,Screen Shot 2018-06-12 at 9.58.56 PM.png_freshbanana,2018-06-12 21:58:56,freshbanana::block_6,1,1,freshbanana,freshbanana,0.9467191
train/freshbanana/vertical_flip_Screen Shot 2018-06-12 at 9.58.49 PM.png,freshbanana,Screen Shot 2018-06-12 at 9.58.49 PM.png,Screen Shot 2018-06-12 at 9.58.49 PM.png_freshbanana,2018-06-12 21:58:49,freshbanana::block_6,1,1,freshbanana,freshbanana,0.96886003
train/freshbanana/rotated_by_30_Screen Shot 2018-06-12 at 9.58.49 PM.png,freshbanana,Screen Shot 2018-06-12 at 9.58.49 PM.png,Screen Shot 2018-06-12 at 9.58.49 PM.png_freshbanana,2018-06-12 21:58:49,freshbanana::block_6,1,1,freshbanana,freshbanana,0.91711974
train/freshbanana/saltandpepper_Screen Shot 2018-06-12 at 9.58.49 PM.png,freshbanana,Screen Shot 2018-06-12 at 9.58.49 PM.png,Screen Shot 2018-06-12 at 9.58.49 PM.png_freshbanana,2018-06-12 21:58:49,freshbanana::block_6,1,1,freshbanana,freshbanana,0.97689384
train/freshbanana/translation_Screen Shot 2018-06-12 at 9.58.49 PM.png,freshbanana,Screen Shot 2018-06-12 at 9.58.49 PM.png,Screen Shot 2018-06-12 at 9.58.49 PM.png_freshbanana,2018-06-12 21:58:49,freshbanana::block_6,1,1,freshbanana,freshbanana,0.8932928
train/freshbanana/rotated_by_15_Screen Shot 2018-06-12 at 9.58.49 PM.png,freshbanana,Screen Shot 2018-06-12 at 9.58.49 PM.png,Screen Shot 2018-06-12 at 9.58.49 PM.png_freshbanana,2018-06-12 21:58:49,freshbanana::block_6,1,1,freshbanana,freshbanana,0.95565593
train/freshbanana/translation_Screen Shot 2018-06-12 at 9.58.56 PM.png,freshbanana,Screen Shot 2018-06-12 at 9.58.56 PM.png,Screen Shot 2018-06-12 at 9.58.56 PM.png_freshbanana,2018-06-12 21:58:56,freshbanana::block_6,1,1,freshbanana,freshbanana,0.85906315
train/freshbanana/Screen Shot 2018-06-12 at 9.58.07 PM.png,freshbanana,Screen Shot 2018-06-12 at 9.58.07 PM.png,Screen Shot 2018-06-12 at 9.58.07 PM.png_freshbanana,2018-06-12 21:58:07,freshbanana::block_6,1,1,freshbanana,freshbanana,0.94097894
train/freshbanana/rotated_by_30_Screen Shot 2018-06-12 at 9.58.07 PM.png,freshbanana,Screen Shot 2018-06-12 at 9.58.07 PM.png,Screen Shot 2018-06-12 at 9.58.07 PM.png_freshbanana,2018-06-12 21:58:07,freshbanana::block_6,1,1,freshbanana,freshbanana,0.88314253
train/freshbanana/Screen Shot 2018-06-12 at 9.58.49 PM.png,freshbanana,Screen Shot 2018-06-12 at 9.58.49 PM.png,Screen Shot 2018-06-12 at 9.58.49 PM.png_freshbanana,2018-06-12 21:58:49,freshbanana::block_6,1,1,freshbanana,freshbanana,0.9734257
train/freshbanana/rotated_by_60_Screen Shot 2018-06-12 at 9.58.49 PM.png,freshbanana,Screen Shot 2018-06-12 at 9.58.49 PM.png,Screen Shot 2018-06-12 at 9.58.49 PM.png_freshbanana,2018-06-12 21:58:49,freshbanana::block_6,1,1,freshbanana,freshbanana,0.8550478
train/freshbanana/vertical_flip_Screen Shot 2018-06-12 at 9.58.07 PM.png,freshbanana,Screen Shot 2018-06-12 at 9.58.07 PM.png,Screen Shot 2018-06-12 at 9.58.07 PM.png_freshbanana,2018-06-12 21:58:07,freshbanana::block_6,1,1,freshbanana,freshbanana,0.9407974
train/freshbanana/rotated_by_75_Screen Shot 2018-06-12 at 9.58.49 PM.png,freshbanana,Screen Shot 2018-06-12 at 9.58.49 PM.png,Screen Shot 2018-06-12 at 9.58.49 PM.png_freshbanana,2018-06-12 21:58:49,freshbanana::block_6,1,1,freshbanana,freshbanana,0.8757865
train/freshbanana/rotated_by_45_Screen Shot 2018-06-12 at 9.58.07 PM.png,freshbanana,Screen Shot 2018-06-12 at 9.58.07 PM.png,Screen Shot 2018-06-12 at 9.58.07 PM.png_freshbanana,2018-06-12 21:58:07,freshbanana::block_6,1,1,freshbanana,freshbanana,0.86462986
train/freshoranges/rotated_by_30_Screen Shot 2018-06-13 at 12.17.31 AM.png,freshoranges,Screen Shot 2018-06-13 at 12.17.31 AM.png,Screen Shot 2018-06-13 at 12.17.31 AM.png_freshoranges,2018-06-13 00:17:31,freshoranges::block_7,2,2,freshoranges,freshoranges,0.84698313
train/freshoranges/translation_Screen Shot 2018-06-13 at 12.19.43 AM.png,freshoranges,Screen Shot 2018-06-13 at 12.19.43 AM.png,Screen Shot 2018-06-13 at 12.19.43 AM.png_freshoranges,2018-06-13 00:19:43,freshoranges::block_8,2,2,freshoranges,freshoranges,0.90708286
train/freshoranges/rotated_by_60_Screen Shot 2018-06-13 at 12.19.17 AM.png,freshoranges,Screen Shot 2018-06-13 at 12.19.17 AM.png,Screen Shot 2018-06-13 at 12.19.17 AM.png_freshoranges,2018-06-13 00:19:17,freshoranges::block_7,2,2,freshoranges,freshoranges,0.9634974
train/freshoranges/rotated_by_30_Screen Shot 2018-06-13 at 12.18.34 AM.png,freshoranges,Screen Shot 2018-06-13 at 12.18.34 AM.png,Screen Shot 2018-06-13 at 12.18.34 AM.png_freshoranges,2018-06-13 00:18:34,freshoranges::block_7,2,2,freshoranges,freshoranges,0.56913203
train/freshoranges/rotated_by_45_Screen Shot 2018-06-13 at 12.18.52 AM.png,freshoranges,Screen Shot 2018-06-13 at 12.18.52 AM.png,Screen Shot 2018-06-13 at 12.18.52 AM.png_freshoranges,2018-06-13 00:18:52,freshoranges::block_7,2,2,freshoranges,freshoranges,0.9826797
train/freshoranges/saltandpepper_Screen Shot 2018-06-13 at 12.18.07 AM.png,freshoranges,Screen Shot 2018-06-13 at 12.18.07 AM.png,Screen Shot 2018-06-13 at 12.18.07 AM.png_freshoranges,2018-06-13 00:18:07,freshoranges::block_7,2,2,freshoranges,freshoranges,0.692518
train/freshoranges/rotated_by_45_Screen Shot 2018-06-13 at 12.19.43 AM.png,freshoranges,Screen Shot 2018-06-13 at 12.19.43 AM.png,Screen Shot 2018-06-13 at 12.19.43 AM.png_freshoranges,2018-06-13 00:19:43,freshoranges::block_8,2,2,freshoranges,freshoranges,0.90458035
train/freshoranges/Screen Shot 2018-06-13 at 12.17.55 AM.png,freshoranges,Screen Shot 2018-06-13 at 12.17.55 AM.png,Screen Shot 2018-06-13 at 12.17.55 AM.png_freshoranges,2018-06-13 00:17:55,freshoranges::block_7,2,5,freshoranges,rottenoranges,0.5363822
train/freshoranges/rotated_by_15_Screen Shot 2018-06-13 at 12.17.05 AM.png,freshoranges,Screen Shot 2018-06-13 at 12.17.05 AM.png,Screen Shot 2018-06-13 at 12.17.05 AM.png_freshoranges,2018-06-13 00:17:05,freshoranges::block_7,2,2,freshoranges,freshoranges,0.85707706
train/freshoranges/vertical_flip_Screen Shot 2018-06-13 at 12.19.43 AM.png,freshoranges,Screen Shot 2018-06-13 at 12.19.43 AM.png,Screen Shot 2018-06-13 at 12.19.43 AM.png_freshoranges,2018-06-13 00:19:43,freshoranges::block_8,2,2,freshoranges,freshoranges,0.8793199
train/freshoranges/rotated_by_45_Screen Shot 2018-06-13 at 12.19.17 AM.png,freshoranges,Screen Shot 2018-06-13 at 12.19.17 AM.png,Screen Shot 2018-06-13 at 12.19.17 AM.png_freshoranges,2018-06-13 00:19:17,freshoranges::block_7,2,2,freshoranges,freshoranges,0.96414334
train/freshoranges/vertical_flip_Screen Shot 2018-06-13 at 12.17.10 AM.png,freshoranges,Screen Shot 2018-06-13 at 12.17.10 AM.png,Screen Shot 2018-06-13 at 12.17.10 AM.png_freshoranges,2018-06-13 00:17:10,freshoranges::block_7,2,2,freshoranges,freshoranges,0.8526461
train/freshoranges/saltandpepper_Screen Shot 2018-06-13 at 12.18.27 AM.png,freshoranges,Screen Shot 2018-06-13 at 12.18.27 AM.png,Screen Shot 2018-06-13 at 12.18.27 AM.png_freshoranges,2018-06-13 00:18:27,freshoranges::block_7,2,2,freshoranges,freshoranges,0.9353134
train/freshoranges/translation_Screen Shot 2018-06-13 at 12.17.10 AM.png,freshoranges,Screen Shot 2018-06-13 at 12.17.10 AM.png,Screen Shot 2018-06-13 at 12.17.10 AM.png_freshoranges,2018-06-13 00:17:10,freshoranges::block_7,2,2,freshoranges,freshoranges,0.88739556
train/freshoranges/rotated_by_45_Screen Shot 2018-06-13 at 12.18.34 AM.png,freshoranges,Screen Shot 2018-06-13 at 12.18.34 AM.png,Screen Shot 2018-06-13 at 12.18.34 AM.png_freshoranges,2018-06-13 00:18:34,freshoranges::block_7,2,2,freshoranges,freshoranges,0.6110585
train/freshoranges/rotated_by_30_Screen Shot 2018-06-13 at 12.19.17 AM.png,freshoranges,Screen Shot 2018-06-13 at 12.19.17 AM.png,Screen Shot 2018-06-13 at 12.19.17 AM.png_freshoranges,2018-06-13 00:19:17,freshoranges::block_7,2,2,freshoranges,freshoranges,0.96038705
train/freshoranges/Screen Shot 2018-06-13 at 12.17.05 AM.png,freshoranges,Screen Shot 2018-06-13 at 12.17.05 AM.png,Screen Shot 2018-06-13 at 12.17.05 AM.png_freshoranges,2018-06-13 00:17:05,freshoranges::block_7,2,2,freshoranges,freshoranges,0.83875066
train/freshoranges/Screen Shot 2018-06-13 at 12.18.02 AM.png,freshoranges,Screen Shot 2018-06-13 at 12.18.02 AM.png,Screen Shot 2018-06-13 at 12.18.02 AM.png_freshoranges,2018-06-13 00:18:02,freshoranges::block_7,2,2,freshoranges,freshoranges,0.74772215
train/freshoranges/Screen Shot 2018-06-13 at 12.19.43 AM.png,freshoranges,Screen Shot 2018-06-13 at 12.19.43 AM.png,Screen Shot 2018-06-13 at 12.19.43 AM.png_freshoranges,2018-06-13 00:19:43,freshoranges::block_8,2,2,freshoranges,freshoranges,0.87853
train/freshoranges/rotated_by_45_Screen Shot 2018-06-13 at 12.17.31 AM.png,freshoranges,Screen Shot 2018-06-13 at 12.17.31 AM.png,Screen Shot 2018-06-13 at 12.17.31 AM.png_freshoranges,2018-06-13 00:17:31,freshoranges::block_7,2,2,freshoranges,freshoranges,0.86094403
train/freshoranges/rotated_by_15_Screen Shot 2018-06-13 at 12.17.55 AM.png,freshoranges,Screen Shot 2018-06-13 at 12.17.55 AM.png,Screen Shot 2018-06-13 at 12.17.55 AM.png_freshoranges,2018-06-13 00:17:55,freshoranges::block_7,2,5,freshoranges,rottenoranges,0.5465495
train/freshoranges/rotated_by_30_Screen Shot 2018-06-13 at 12.19.08 AM.png,freshoranges,Screen Shot 2018-06-13 at 12.19.08 AM.png,Screen Shot 2018-06-13 at 12.19.08 AM.png_freshoranges,2018-06-13 00:19:08,freshoranges::block_7,2,2,freshoranges,freshoranges,0.90131545
train/freshoranges/vertical_flip_Screen Shot 2018-06-13 at 12.18.52 AM.png,freshoranges,Screen Shot 2018-06-13 at 12.18.52 AM.png,Screen Shot 2018-06-13 at 12.18.52 AM.png_freshoranges,2018-06-13 00:18:52,freshoranges::block_7,2,2,freshoranges,freshoranges,0.98503786
train/freshoranges/rotated_by_15_Screen Shot 2018-06-13 at 12.18.02 AM.png,freshoranges,Screen Shot 2018-06-13 at 12.18.02 AM.png,Screen Shot 2018-06-13 at 12.18.02 AM.png_freshoranges,2018-06-13 00:18:02,freshoranges::block_7,2,2,freshoranges,freshoranges,0.753063
train/freshoranges/translation_Screen Shot 2018-06-13 at 12.19.17 AM.png,freshoranges,Screen Shot 2018-06-13 at 12.19.17 AM.png,Screen Shot 2018-06-13 at 12.19.17 AM.png_freshoranges,2018-06-13 00:19:17,freshoranges::block_7,2,2,freshoranges,freshoranges,0.96924776
train/freshoranges/saltandpepper_Screen Shot 2018-06-13 at 12.17.10 AM.png,freshoranges,Screen Shot 2018-06-13 at 12.17.10 AM.png,Screen Shot 2018-06-13 at 12.17.10 AM.png_freshoranges,2018-06-13 00:17:10,freshoranges::block_7,2,2,freshoranges,freshoranges,0.7910831
train/freshoranges/rotated_by_45_Screen Shot 2018-06-13 at 12.17.10 AM.png,freshoranges,Screen Shot 2018-06-13 at 12.17.10 AM.png,Screen Shot 2018-06-13 at 12.17.10 AM.png_freshoranges,2018-06-13 00:17:10,freshoranges::block_7,2,2,freshoranges,freshoranges,0.8919967
train/freshoranges/saltandpepper_Screen Shot 2018-06-13 at 12.17.05 AM.png,freshoranges,Screen Shot 2018-06-13 at 12.17.05 AM.png,Screen Shot 2018-06-13 at 12.17.05 AM.png_freshoranges,2018-06-13 00:17:05,freshoranges::block_7,2,2,freshoranges,freshoranges,0.7860403
train/freshoranges/Screen Shot 2018-06-13 at 12.17.31 AM.png,freshoranges,Screen Shot 2018-06-13 at 12.17.31 AM.png,Screen Shot 2018-06-13 at 12.17.31 AM.png_freshoranges,2018-06-13 00:17:31,freshoranges::block_7,2,2,freshoranges,freshoranges,0.8155114
train/freshoranges/Screen Shot 2018-06-13 at 12.18.52 AM.png,freshoranges,Screen Shot 2018-06-13 at 12.18.52 AM.png,Screen Shot 2018-06-13 at 12.18.52 AM.png_freshoranges,2018-06-13 00:18:52,freshoranges::block_7,2,2,freshoranges,freshoranges,0.98618543
train/freshoranges/rotated_by_75_Screen Shot 2018-06-13 at 12.17.37 AM.png,freshoranges,Screen Shot 2018-06-13 at 12.17.37 AM.png,Screen Shot 2018-06-13 at 12.17.37 AM.png_freshoranges,2018-06-13 00:17:37,freshoranges::block_7,2,2,freshoranges,freshoranges,0.95726115
train/freshoranges/rotated_by_75_Screen Shot 2018-06-13 at 12.17.43 AM.png,freshoranges,Screen Shot 2018-06-13 at 12.17.43 AM.png,Screen Shot 2018-06-13 at 12.17.43 AM.png_freshoranges,2018-06-13 00:17:43,freshoranges::block_7,2,2,freshoranges,freshoranges,0.914648
train/freshoranges/vertical_flip_Screen Shot 2018-06-13 at 12.17.19 AM.png,freshoranges,Screen Shot 2018-06-13 at 12.17.19 AM.png,Screen Shot 2018-06-13 at 12.17.19 AM.png_freshoranges,2018-06-13 00:17:19,freshoranges::block_7,2,2,freshoranges,freshoranges,0.9428882
train/freshoranges/rotated_by_60_Screen Shot 2018-06-13 at 12.18.34 AM.png,freshoranges,Screen Shot 2018-06-13 at 12.18.34 AM.png,Screen Shot 2018-06-13 at 12.18.34 AM.png_freshoranges,2018-06-13 00:18:34,freshoranges::block_7,2,2,freshoranges,freshoranges,0.5976454
train/freshoranges/rotated_by_30_Screen Shot 2018-06-13 at 12.19.43 AM.png,freshoranges,Screen Shot 2018-06-13 at 12.19.43 AM.png,Screen Shot 2018-06-13 at 12.19.43 AM.png_freshoranges,2018-06-13 00:19:43,freshoranges::block_8,2,2,freshoranges,freshoranges,0.89626294
train/freshoranges/rotated_by_60_Screen Shot 2018-06-13 at 12.17.55 AM.png,freshoranges,Screen Shot 2018-06-13 at 12.17.55 AM.png,Screen Shot 2018-06-13 at 12.17.55 AM.png_freshoranges,2018-06-13 00:17:55,freshoranges::block_7,2,5,freshoranges,rottenoranges,0.5587232
train/freshoranges/rotated_by_45_Screen Shot 2018-06-13 at 12.18.02 AM.png,freshoranges,Screen Shot 2018-06-13 at 12.18.02 AM.png,Screen Shot 2018-06-13 at 12.18.02 AM.png_freshoranges,2018-06-13 00:18:02,freshoranges::block_7,2,2,freshoranges,freshoranges,0.8188803
train/freshoranges/translation_Screen Shot 2018-06-13 at 12.17.19 AM.png,freshoranges,Screen Shot 2018-06-13 at 12.17.19 AM.png,Screen Shot 2018-06-13 at 12.17.19 AM.png_freshoranges,2018-06-13 00:17:19,freshoranges::block_7,2,2,freshoranges,freshoranges,0.9505214
train/freshoranges/rotated_by_45_Screen Shot 2018-06-13 at 12.17.55 AM.png,freshoranges,Screen Shot 2018-06-13 at 12.17.55 AM.png,Screen Shot 2018-06-13 at 12.17.55 AM.png_freshoranges,2018-06-13 00:17:55,freshoranges::block_7,2,5,freshoranges,rottenoranges,0.5238118
train/freshoranges/Screen Shot 2018-06-13 at 12.18.27 AM.png,freshoranges,Screen Shot 2018-06-13 at 12.18.27 AM.png,Screen Shot 2018-06-13 at 12.18.27 AM.png_freshoranges,2018-06-13 00:18:27,freshoranges::block_7,2,2,freshoranges,freshoranges,0.95269424
train/freshoranges/rotated_by_60_Screen Shot 2018-06-13 at 12.17.10 AM.png,freshoranges,Screen Shot 2018-06-13 at 12.17.10 AM.png,Screen Shot 2018-06-13 at 12.17.10 AM.png_freshoranges,2018-06-13 00:17:10,freshoranges::block_7,2,2,freshoranges,freshoranges,0.88411176
train/freshoranges/rotated_by_15_Screen Shot 2018-06-13 at 12.18.07 AM.png,freshoranges,Screen Shot 2018-06-13 at 12.18.07 AM.png,Screen Shot 2018-06-13 at 12.18.07 AM.png_freshoranges,2018-06-13 00:18:07,freshoranges::block_7,2,2,freshoranges,freshoranges,0.7782912
train/freshoranges/rotated_by_75_Screen Shot 2018-06-13 at 12.18.02 AM.png,freshoranges,Screen Shot 2018-06-13 at 12.18.02 AM.png,Screen Shot 2018-06-13 at 12.18.02 AM.png_freshoranges,2018-06-13 00:18:02,freshoranges::block_7,2,2,freshoranges,freshoranges,0.7826397
train/freshoranges/vertical_flip_Screen Shot 2018-06-13 at 12.18.02 AM.png,freshoranges,Screen Shot 2018-06-13 at 12.18.02 AM.png,Screen Shot 2018-06-13 at 12.18.02 AM.png_freshoranges,2018-06-13 00:18:02,freshoranges::block_7,2,2,freshoranges,freshoranges,0.74343526
train/freshoranges/rotated_by_75_Screen Shot 2018-06-13 at 12.18.34 AM.png,freshoranges,Screen Shot 2018-06-13 at 12.18.34 AM.png,Screen Shot 2018-06-13 at 12.18.34 AM.png_freshoranges,2018-06-13 00:18:34,freshoranges::block_7,2,2,freshoranges,freshoranges,0.5303338
train/freshoranges/rotated_by_45_Screen Shot 2018-06-13 at 12.17.43 AM.png,freshoranges,Screen Shot 2018-06-13 at 12.17.43 AM.png,Screen Shot 2018-06-13 at 12.17.43 AM.png_freshoranges,2018-06-13 00:17:43,freshoranges::block_7,2,2,freshoranges,freshoranges,0.92853516
train/freshoranges/rotated_by_75_Screen Shot 2018-06-13 at 12.17.55 AM.png,freshoranges,Screen Shot 2018-06-13 at 12.17.55 AM.png,Screen Shot 2018-06-13 at 12.17.55 AM.png_freshoranges,2018-06-13 00:17:55,freshoranges::block_7,2,5,freshoranges,rottenoranges,0.5730513
train/freshoranges/saltandpepper_Screen Shot 2018-06-13 at 12.18.34 AM.png,freshoranges,Screen Shot 2018-06-13 at 12.18.34 AM.png,Screen Shot 2018-06-13 at 12.18.34 AM.png_freshoranges,2018-06-13 00:18:34,freshoranges::block_7,2,3,freshoranges,rottenapples,0.46460944
train/freshoranges/rotated_by_30_Screen Shot 2018-06-13 at 12.18.07 AM.png,freshoranges,Screen Shot 2018-06-13 at 12.18.07 AM.png,Screen Shot 2018-06-13 at 12.18.07 AM.png_freshoranges,2018-06-13 00:18:07,freshoranges::block_7,2,2,freshoranges,freshoranges,0.80999714
train/freshoranges/rotated_by_75_Screen Shot 2018-06-13 at 12.17.19 AM.png,freshoranges,Screen Shot 2018-06-13 at 12.17.19 AM.png,Screen Shot 2018-06-13 at 12.17.19 AM.png_freshoranges,2018-06-13 00:17:19,freshoranges::block_7,2,2,freshoranges,freshoranges,0.94911236
train/freshoranges/rotated_by_15_Screen Shot 2018-06-13 at 12.18.34 AM.png,freshoranges,Screen Shot 2018-06-13 at 12.18.34 AM.png,Screen Shot 2018-06-13 at 12.18.34 AM.png_freshoranges,2018-06-13 00:18:34,freshoranges::block_7,2,2,freshoranges,freshoranges,0.47600493
train/freshoranges/Screen Shot 2018-06-13 at 12.19.17 AM.png,freshoranges,Screen Shot 2018-06-13 at 12.19.17 AM.png,Screen Shot 2018-06-13 at 12.19.17 AM.png_freshoranges,2018-06-13 00:19:17,freshoranges::block_7,2,2,freshoranges,freshoranges,0.9634849
train/freshoranges/rotated_by_60_Screen Shot 2018-06-13 at 12.19.08 AM.png,freshoranges,Screen Shot 2018-06-13 at 12.19.08 AM.png,Screen Shot 2018-06-13 at 12.19.08 AM.png_freshoranges,2018-06-13 00:19:08,freshoranges::block_7,2,2,freshoranges,freshoranges,0.90600806
train/freshoranges/rotated_by_30_Screen Shot 2018-06-13 at 12.17.10 AM.png,freshoranges,Screen Shot 2018-06-13 at 12.17.10 AM.png,Screen Shot 2018-06-13 at 12.17.10 AM.png_freshoranges,2018-06-13 00:17:10,freshoranges::block_7,2,2,freshoranges,freshoranges,0.8823571
train/freshoranges/vertical_flip_Screen Shot 2018-06-13 at 12.18.34 AM.png,freshoranges,Screen Shot 2018-06-13 at 12.18.34 AM.png,Screen Shot 2018-06-13 at 12.18.34 AM.png_freshoranges,2018-06-13 00:18:34,freshoranges::block_7,2,2,freshoranges,freshoranges,0.48579088
train/freshoranges/rotated_by_60_Screen Shot 2018-06-13 at 12.18.27 AM.png,freshoranges,Screen Shot 2018-06-13 at 12.18.27 AM.png,Screen Shot 2018-06-13 at 12.18.27 AM.png_freshoranges,2018-06-13 00:18:27,freshoranges::block_7,2,2,freshoranges,freshoranges,0.95922613
train/freshoranges/rotated_by_45_Screen Shot 2018-06-13 at 12.19.08 AM.png,freshoranges,Screen Shot 2018-06-13 at 12.19.08 AM.png,Screen Shot 2018-06-13 at 12.19.08 AM.png_freshoranges,2018-06-13 00:19:08,freshoranges::block_7,2,2,freshoranges,freshoranges,0.91263515
train/freshoranges/rotated_by_30_Screen Shot 2018-06-13 at 12.18.52 AM.png,freshoranges,Screen Shot 2018-06-13 at 12.18.52 AM.png,Screen Shot 2018-06-13 at 12.18.52 AM.png_freshoranges,2018-06-13 00:18:52,freshoranges::block_7,2,2,freshoranges,freshoranges,0.982127
train/freshoranges/rotated_by_15_Screen Shot 2018-06-13 at 12.18.27 AM.png,freshoranges,Screen Shot 2018-06-13 at 12.18.27 AM.png,Screen Shot 2018-06-13 at 12.18.27 AM.png_freshoranges,2018-06-13 00:18:27,freshoranges::block_7,2,2,freshoranges,freshoranges,0.953551
train/freshoranges/saltandpepper_Screen Shot 2018-06-13 at 12.18.52 AM.png,freshoranges,Screen Shot 2018-06-13 at 12.18.52 AM.png,Screen Shot 2018-06-13 at 12.18.52 AM.png_freshoranges,2018-06-13 00:18:52,freshoranges::block_7,2,2,freshoranges,freshoranges,0.98053634
train/freshoranges/rotated_by_60_Screen Shot 2018-06-13 at 12.17.19 AM.png,freshoranges,Screen Shot 2018-06-13 at 12.17.19 AM.png,Screen Shot 2018-06-13 at 12.17.19 AM.png_freshoranges,2018-06-13 00:17:19,freshoranges::block_7,2,2,freshoranges,freshoranges,0.9519479
train/freshoranges/translation_Screen Shot 2018-06-13 at 12.17.05 AM.png,freshoranges,Screen Shot 2018-06-13 at 12.17.05 AM.png,Screen Shot 2018-06-13 at 12.17.05 AM.png_freshoranges,2018-06-13 00:17:05,freshoranges::block_7,2,2,freshoranges,freshoranges,0.87399924
train/freshoranges/rotated_by_15_Screen Shot 2018-06-13 at 12.19.43 AM.png,freshoranges,Screen Shot 2018-06-13 at 12.19.43 AM.png,Screen Shot 2018-06-13 at 12.19.43 AM.png_freshoranges,2018-06-13 00:19:43,freshoranges::block_8,2,2,freshoranges,freshoranges,0.8817999
train/freshoranges/rotated_by_75_Screen Shot 2018-06-13 at 12.17.05 AM.png,freshoranges,Screen Shot 2018-06-13 at 12.17.05 AM.png,Screen Shot 2018-06-13 at 12.17.05 AM.png_freshoranges,2018-06-13 00:17:05,freshoranges::block_7,2,2,freshoranges,freshoranges,0.8554179
train/freshoranges/saltandpepper_Screen Shot 2018-06-13 at 12.19.17 AM.png,freshoranges,Screen Shot 2018-06-13 at 12.19.17 AM.png,Screen Shot 2018-06-13 at 12.19.17 AM.png_freshoranges,2018-06-13 00:19:17,freshoranges::block_7,2,2,freshoranges,freshoranges,0.95028764
train/freshoranges/saltandpepper_Screen Shot 2018-06-13 at 12.17.19 AM.png,freshoranges,Screen Shot 2018-06-13 at 12.17.19 AM.png,Screen Shot 2018-06-13 at 12.17.19 AM.png_freshoranges,2018-06-13 00:17:19,freshoranges::block_7,2,2,freshoranges,freshoranges,0.9270033
train/freshoranges/vertical_flip_Screen Shot 2018-06-13 at 12.18.07 AM.png,freshoranges,Screen Shot 2018-06-13 at 12.18.07 AM.png,Screen Shot 2018-06-13 at 12.18.07 AM.png_freshoranges,2018-06-13 00:18:07,freshoranges::block_7,2,2,freshoranges,freshoranges,0.7993562
train/freshoranges/rotated_by_45_Screen Shot 2018-06-13 at 12.17.19 AM.png,freshoranges,Screen Shot 2018-06-13 at 12.17.19 AM.png,Screen Shot 2018-06-13 at 12.17.19 AM.png_freshoranges,2018-06-13 00:17:19,freshoranges::block_7,2,2,freshoranges,freshoranges,0.9543852
train/freshoranges/rotated_by_15_Screen Shot 2018-06-13 at 12.17.31 AM.png,freshoranges,Screen Shot 2018-06-13 at 12.17.31 AM.png,Screen Shot 2018-06-13 at 12.17.31 AM.png_freshoranges,2018-06-13 00:17:31,freshoranges::block_7,2,2,freshoranges,freshoranges,0.8183302
train/freshoranges/rotated_by_30_Screen Shot 2018-06-13 at 12.18.02 AM.png,freshoranges,Screen Shot 2018-06-13 at 12.18.02 AM.png,Screen Shot 2018-06-13 at 12.18.02 AM.png_freshoranges,2018-06-13 00:18:02,freshoranges::block_7,2,2,freshoranges,freshoranges,0.7926032
train/freshoranges/translation_Screen Shot 2018-06-13 at 12.18.34 AM.png,freshoranges,Screen Shot 2018-06-13 at 12.18.34 AM.png,Screen Shot 2018-06-13 at 12.18.34 AM.png_freshoranges,2018-06-13 00:18:34,freshoranges::block_7,2,2,freshoranges,freshoranges,0.57858485
train/freshoranges/rotated_by_75_Screen Shot 2018-06-13 at 12.18.27 AM.png,freshoranges,Screen Shot 2018-06-13 at 12.18.27 AM.png,Screen Shot 2018-06-13 at 12.18.27 AM.png_freshoranges,2018-06-13 00:18:27,freshoranges::block_7,2,2,freshoranges,freshoranges,0.9541428
train/freshoranges/rotated_by_15_Screen Shot 2018-06-13 at 12.19.17 AM.png,freshoranges,Screen Shot 2018-06-13 at 12.19.17 AM.png,Screen Shot 2018-06-13 at 12.19.17 AM.png_freshoranges,2018-06-13 00:19:17,freshoranges::block_7,2,2,freshoranges,freshoranges,0.9585205
train/freshoranges/rotated_by_15_Screen Shot 2018-06-13 at 12.17.19 AM.png,freshoranges,Screen Shot 2018-06-13 at 12.17.19 AM.png,Screen Shot 2018-06-13 at 12.17.19 AM.png_freshoranges,2018-06-13 00:17:19,freshoranges::block_7,2,2,freshoranges,freshoranges,0.946018
train/freshoranges/rotated_by_45_Screen Shot 2018-06-13 at 12.18.27 AM.png,freshoranges,Screen Shot 2018-06-13 at 12.18.27 AM.png,Screen Shot 2018-06-13 at 12.18.27 AM.png_freshoranges,2018-06-13 00:18:27,freshoranges::block_7,2,2,freshoranges,freshoranges,0.96220124
train/freshoranges/rotated_by_60_Screen Shot 2018-06-13 at 12.18.52 AM.png,freshoranges,Screen Shot 2018-06-13 at 12.18.52 AM.png,Screen Shot 2018-06-13 at 12.18.52 AM.png_freshoranges,2018-06-13 00:18:52,freshoranges::block_7,2,2,freshoranges,freshoranges,0.9852041
train/freshoranges/translation_Screen Shot 2018-06-13 at 12.18.52 AM.png,freshoranges,Screen Shot 2018-06-13 at 12.18.52 AM.png,Screen Shot 2018-06-13 at 12.18.52 AM.png_freshoranges,2018-06-13 00:18:52,freshoranges::block_7,2,2,freshoranges,freshoranges,0.9891271
train/freshoranges/rotated_by_15_Screen Shot 2018-06-13 at 12.18.52 AM.png,freshoranges,Screen Shot 2018-06-13 at 12.18.52 AM.png,Screen Shot 2018-06-13 at 12.18.52 AM.png_freshoranges,2018-06-13 00:18:52,freshoranges::block_7,2,2,freshoranges,freshoranges,0.98570466
train/freshoranges/vertical_flip_Screen Shot 2018-06-13 at 12.19.17 AM.png,freshoranges,Screen Shot 2018-06-13 at 12.19.17 AM.png,Screen Shot 2018-06-13 at 12.19.17 AM.png_freshoranges,2018-06-13 00:19:17,freshoranges::block_7,2,2,freshoranges,freshoranges,0.9641675
train/freshoranges/translation_Screen Shot 2018-06-13 at 12.17.55 AM.png,freshoranges,Screen Shot 2018-06-13 at 12.17.55 AM.png,Screen Shot 2018-06-13 at 12.17.55 AM.png_freshoranges,2018-06-13 00:17:55,freshoranges::block_7,2,2,freshoranges,freshoranges,0.6175555
train/freshoranges/saltandpepper_Screen Shot 2018-06-13 at 12.18.02 AM.png,freshoranges,Screen Shot 2018-06-13 at 12.18.02 AM.png,Screen Shot 2018-06-13 at 12.18.02 AM.png_freshoranges,2018-06-13 00:18:02,freshoranges::block_7,2,2,freshoranges,freshoranges,0.6534781
train/freshoranges/rotated_by_15_Screen Shot 2018-06-13 at 12.17.37 AM.png,freshoranges,Screen Shot 2018-06-13 at 12.17.37 AM.png,Screen Shot 2018-06-13 at 12.17.37 AM.png_freshoranges,2018-06-13 00:17:37,freshoranges::block_7,2,2,freshoranges,freshoranges,0.9542475
train/freshoranges/rotated_by_75_Screen Shot 2018-06-13 at 12.19.43 AM.png,freshoranges,Screen Shot 2018-06-13 at 12.19.43 AM.png,Screen Shot 2018-06-13 at 12.19.43 AM.png_freshoranges,2018-06-13 00:19:43,freshoranges::block_8,2,2,freshoranges,freshoranges,0.8838414
train/freshoranges/Screen Shot 2018-06-13 at 12.19.08 AM.png,freshoranges,Screen Shot 2018-06-13 at 12.19.08 AM.png,Screen Shot 2018-06-13 at 12.19.08 AM.png_freshoranges,2018-06-13 00:19:08,freshoranges::block_7,2,2,freshoranges,freshoranges,0.8846097
train/freshoranges/Screen Shot 2018-06-13 at 12.17.10 AM.png,freshoranges,Screen Shot 2018-06-13 at 12.17.10 AM.png,Screen Shot 2018-06-13 at 12.17.10 AM.png_freshoranges,2018-06-13 00:17:10,freshoranges::block_7,2,2,freshoranges,freshoranges,0.86385185
train/freshoranges/rotated_by_60_Screen Shot 2018-06-13 at 12.17.31 AM.png,freshoranges,Screen Shot 2018-06-13 at 12.17.31 AM.png,Screen Shot 2018-06-13 at 12.17.31 AM.png_freshoranges,2018-06-13 00:17:31,freshoranges::block_7,2,2,freshoranges,freshoranges,0.8533136
train/freshoranges/translation_Screen Shot 2018-06-13 at 12.17.37 AM.png,freshoranges,Screen Shot 2018-06-13 at 12.17.37 AM.png,Screen Shot 2018-06-13 at 12.17.37 AM.png_freshoranges,2018-06-13 00:17:37,freshoranges::block_7,2,2,freshoranges,freshoranges,0.9800639
train/freshoranges/rotated_by_60_Screen Shot 2018-06-13 at 12.19.43 AM.png,freshoranges,Screen Shot 2018-06-13 at 12.19.43 AM.png,Screen Shot 2018-06-13 at 12.19.43 AM.png_freshoranges,2018-06-13 00:19:43,freshoranges::block_8,2,2,freshoranges,freshoranges,0.8994353
train/freshoranges/Screen Shot 2018-06-13 at 12.17.19 AM.png,freshoranges,Screen Shot 2018-06-13 at 12.17.19 AM.png,Screen Shot 2018-06-13 at 12.17.19 AM.png_freshoranges,2018-06-13 00:17:19,freshoranges::block_7,2,2,freshoranges,freshoranges,0.94785386
train/freshoranges/rotated_by_45_Screen Shot 2018-06-13 at 12.17.37 AM.png,freshoranges,Screen Shot 2018-06-13 at 12.17.37 AM.png,Screen Shot 2018-06-13 at 12.17.37 AM.png_freshoranges,2018-06-13 00:17:37,freshoranges::block_7,2,2,freshoranges,freshoranges,0.9524381
train/freshoranges/rotated_by_60_Screen Shot 2018-06-13 at 12.18.07 AM.png,freshoranges,Screen Shot 2018-06-13 at 12.18.07 AM.png,Screen Shot 2018-06-13 at 12.18.07 AM.png_freshoranges,2018-06-13 00:18:07,freshoranges::block_7,2,2,freshoranges,freshoranges,0.8344757
train/freshoranges/saltandpepper_Screen Shot 2018-06-13 at 12.17.31 AM.png,freshoranges,Screen Shot 2018-06-13 at 12.17.31 AM.png,Screen Shot 2018-06-13 at 12.17.31 AM.png_freshoranges,2018-06-13 00:17:31,freshoranges::block_7,2,2,freshoranges,freshoranges,0.7316723
train/freshoranges/rotated_by_75_Screen Shot 2018-06-13 at 12.17.10 AM.png,freshoranges,Screen Shot 2018-06-13 at 12.17.10 AM.png,Screen Shot 2018-06-13 at 12.17.10 AM.png_freshoranges,2018-06-13 00:17:10,freshoranges::block_7,2,2,freshoranges,freshoranges,0.8613271
train/freshoranges/saltandpepper_Screen Shot 2018-06-13 at 12.19.08 AM.png,freshoranges,Screen Shot 2018-06-13 at 12.19.08 AM.png,Screen Shot 2018-06-13 at 12.19.08 AM.png_freshoranges,2018-06-13 00:19:08,freshoranges::block_7,2,2,freshoranges,freshoranges,0.62383014
train/freshoranges/rotated_by_45_Screen Shot 2018-06-13 at 12.18.07 AM.png,freshoranges,Screen Shot 2018-06-13 at 12.18.07 AM.png,Screen Shot 2018-06-13 at 12.18.07 AM.png_freshoranges,2018-06-13 00:18:07,freshoranges::block_7,2,2,freshoranges,freshoranges,0.83177567
train/freshoranges/rotated_by_15_Screen Shot 2018-06-13 at 12.17.10 AM.png,freshoranges,Screen Shot 2018-06-13 at 12.17.10 AM.png,Screen Shot 2018-06-13 at 12.17.10 AM.png_freshoranges,2018-06-13 00:17:10,freshoranges::block_7,2,2,freshoranges,freshoranges,0.8655018
train/freshoranges/translation_Screen Shot 2018-06-13 at 12.19.08 AM.png,freshoranges,Screen Shot 2018-06-13 at 12.19.08 AM.png,Screen Shot 2018-06-13 at 12.19.08 AM.png_freshoranges,2018-06-13 00:19:08,freshoranges::block_7,2,2,freshoranges,freshoranges,0.90093213
train/freshoranges/vertical_flip_Screen Shot 2018-06-13 at 12.17.43 AM.png,freshoranges,Screen Shot 2018-06-13 at 12.17.43 AM.png,Screen Shot 2018-06-13 at 12.17.43 AM.png_freshoranges,2018-06-13 00:17:43,freshoranges::block_7,2,2,freshoranges,freshoranges,0.9560251
train/freshoranges/rotated_by_75_Screen Shot 2018-06-13 at 12.19.08 AM.png,freshoranges,Screen Shot 2018-06-13 at 12.19.08 AM.png,Screen Shot 2018-06-13 at 12.19.08 AM.png_freshoranges,2018-06-13 00:19:08,freshoranges::block_7,2,2,freshoranges,freshoranges,0.8851183
train/freshoranges/saltandpepper_Screen Shot 2018-06-13 at 12.17.37 AM.png,freshoranges,Screen Shot 2018-06-13 at 12.17.37 AM.png,Screen Shot 2018-06-13 at 12.17.37 AM.png_freshoranges,2018-06-13 00:17:37,freshoranges::block_7,2,2,freshoranges,freshoranges,0.9606705
train/freshoranges/translation_Screen Shot 2018-06-13 at 12.17.43 AM.png,freshoranges,Screen Shot 2018-06-13 at 12.17.43 AM.png,Screen Shot 2018-06-13 at 12.17.43 AM.png_freshoranges,2018-06-13 00:17:43,freshoranges::block_7,2,2,freshoranges,freshoranges,0.92534983
train/freshoranges/rotated_by_45_Screen Shot 2018-06-13 at 12.17.05 AM.png,freshoranges,Screen Shot 2018-06-13 at 12.17.05 AM.png,Screen Shot 2018-06-13 at 12.17.05 AM.png_freshoranges,2018-06-13 00:17:05,freshoranges::block_7,2,2,freshoranges,freshoranges,0.88887686
train/freshoranges/rotated_by_30_Screen Shot 2018-06-13 at 12.17.55 AM.png,freshoranges,Screen Shot 2018-06-13 at 12.17.55 AM.png,Screen Shot 2018-06-13 at 12.17.55 AM.png_freshoranges,2018-06-13 00:17:55,freshoranges::block_7,2,5,freshoranges,rottenoranges,0.5236622
train/freshoranges/vertical_flip_Screen Shot 2018-06-13 at 12.17.37 AM.png,freshoranges,Screen Shot 2018-06-13 at 12.17.37 AM.png,Screen Shot 2018-06-13 at 12.17.37 AM.png_freshoranges,2018-06-13 00:17:37,freshoranges::block_7,2,2,freshoranges,freshoranges,0.9733517
train/freshoranges/rotated_by_30_Screen Shot 2018-06-13 at 12.17.37 AM.png,freshoranges,Screen Shot 2018-06-13 at 12.17.37 AM.png,Screen Shot 2018-06-13 at 12.17.37 AM.png_freshoranges,2018-06-13 00:17:37,freshoranges::block_7,2,2,freshoranges,freshoranges,0.9488065
train/rottenapples/rotated_by_30_Screen Shot 2018-06-08 at 2.28.42 PM.png,rottenapples,Screen Shot 2018-06-08 at 2.28.42 PM.png,Screen Shot 2018-06-08 at 2.28.42 PM.png_rottenapples,2018-06-08 14:28:42,rottenapples::block_8,3,3,rottenapples,rottenapples,0.73565483
train/rottenapples/vertical_flip_Screen Shot 2018-06-07 at 2.54.08 PM.png,rottenapples,Screen Shot 2018-06-07 at 2.54.08 PM.png,Screen Shot 2018-06-07 at 2.54.08 PM.png_rottenapples,2018-06-07 14:54:08,rottenapples::block_4,3,0,rottenapples,freshapples,0.74215364
train/rottenapples/saltandpepper_Screen Shot 2018-06-08 at 2.28.00 PM.png,rottenapples,Screen Shot 2018-06-08 at 2.28.00 PM.png,Screen Shot 2018-06-08 at 2.28.00 PM.png_rottenapples,2018-06-08 14:28:00,rottenapples::block_8,3,3,rottenapples,rottenapples,0.90721023
train/rottenapples/saltandpepper_Screen Shot 2018-06-08 at 2.28.42 PM.png,rottenapples,Screen Shot 2018-06-08 at 2.28.42 PM.png,Screen Shot 2018-06-08 at 2.28.42 PM.png_rottenapples,2018-06-08 14:28:42,rottenapples::block_8,3,3,rottenapples,rottenapples,0.7163885
train/rottenapples/saltandpepper_Screen Shot 2018-06-08 at 2.28.12 PM.png,rottenapples,Screen Shot 2018-06-08 at 2.28.12 PM.png,Screen Shot 2018-06-08 at 2.28.12 PM.png_rottenapples,2018-06-08 14:28:12,rottenapples::block_8,3,3,rottenapples,rottenapples,0.88666385
train/rottenapples/rotated_by_45_Screen Shot 2018-06-07 at 2.54.58 PM.png,rottenapples,Screen Shot 2018-06-07 at 2.54.58 PM.png,Screen Shot 2018-06-07 at 2.54.58 PM.png_rottenapples,2018-06-07 14:54:58,rottenapples::block_4,3,3,rottenapples,rottenapples,0.5154608
train/rottenapples/rotated_by_15_Screen Shot 2018-06-07 at 2.51.01 PM.png,rottenapples,Screen Shot 2018-06-07 at 2.51.01 PM.png,Screen Shot 2018-06-07 at 2.51.01 PM.png_rottenapples,2018-06-07 14:51:01,rottenapples::block_4,3,3,rottenapples,rottenapples,0.6671421
train/rottenapples/translation_Screen Shot 2018-06-08 at 2.28.42 PM.png,rottenapples,Screen Shot 2018-06-08 at 2.28.42 PM.png,Screen Shot 2018-06-08 at 2.28.42 PM.png_rottenapples,2018-06-08 14:28:42,rottenapples::block_8,3,3,rottenapples,rottenapples,0.7166563
train/rottenapples/rotated_by_30_Screen Shot 2018-06-08 at 2.27.44 PM.png,rottenapples,Screen Shot 2018-06-08 at 2.27.44 PM.png,Screen Shot 2018-06-08 at 2.27.44 PM.png_rottenapples,2018-06-08 14:27:44,rottenapples::block_8,3,3,rottenapples,rottenapples,0.9180118
train/rottenapples/rotated_by_75_Screen Shot 2018-06-07 at 2.51.08 PM.png,rottenapples,Screen Shot 2018-06-07 at 2.51.08 PM.png,Screen Shot 2018-06-07 at 2.51.08 PM.png_rottenapples,2018-06-07 14:51:08,rottenapples::block_4,3,3,rottenapples,rottenapples,0.724896
train/rottenapples/Screen Shot 2018-06-08 at 2.28.42 PM.png,rottenapples,Screen Shot 2018-06-08 at 2.28.42 PM.png,Screen Shot 2018-06-08 at 2.28.42 PM.png_rottenapples,2018-06-08 14:28:42,rottenapples::block_8,3,3,rottenapples,rottenapples,0.74373746
train/rottenapples/saltandpepper_Screen Shot 2018-06-07 at 2.51.08 PM.png,rottenapples,Screen Shot 2018-06-07 at 2.51.08 PM.png,Screen Shot 2018-06-07 at 2.51.08 PM.png_rottenapples,2018-06-07 14:51:08,rottenapples::block_4,3,3,rottenapples,rottenapples,0.84109694
train/rottenapples/rotated_by_15_Screen Shot 2018-06-08 at 2.28.07 PM.png,rottenapples,Screen Shot 2018-06-08 at 2.28.07 PM.png,Screen Shot 2018-06-08 at 2.28.07 PM.png_rottenapples,2018-06-08 14:28:07,rottenapples::block_8,3,3,rottenapples,rottenapples,0.88922864
train/rottenapples/rotated_by_45_Screen Shot 2018-06-08 at 2.27.44 PM.png,rottenapples,Screen Shot 2018-06-08 at 2.27.44 PM.png,Screen Shot 2018-06-08 at 2.27.44 PM.png_rottenapples,2018-06-08 14:27:44,rottenapples::block_8,3,3,rottenapples,rottenapples,0.9084652
train/rottenapples/Screen Shot 2018-06-07 at 2.51.01 PM.png,rottenapples,Screen Shot 2018-06-07 at 2.51.01 PM.png,Screen Shot 2018-06-07 at 2.51.01 PM.png_rottenapples,2018-06-07 14:51:01,rottenapples::block_4,3,3,rottenapples,rottenapples,0.7028195
train/rottenapples/rotated_by_60_Screen Shot 2018-06-08 at 2.28.00 PM.png,rottenapples,Screen Shot 2018-06-08 at 2.28.00 PM.png,Screen Shot 2018-06-08 at 2.28.00 PM.png_rottenapples,2018-06-08 14:28:00,rottenapples::block_8,3,3,rottenapples,rottenapples,0.88612974
train/rottenapples/rotated_by_60_Screen Shot 2018-06-08 at 2.27.44 PM.png,rottenapples,Screen Shot 2018-06-08 at 2.27.44 PM.png,Screen Shot 2018-06-08 at 2.27.44 PM.png_rottenapples,2018-06-08 14:27:44,rottenapples::block_8,3,3,rottenapples,rottenapples,0.91366595
train/rottenapples/Screen Shot 2018-06-07 at 2.54.58 PM.png,rottenapples,Screen Shot 2018-06-07 at 2.54.58 PM.png,Screen Shot 2018-06-07 at 2.54.58 PM.png_rottenapples,2018-06-07 14:54:58,rottenapples::block_4,3,3,rottenapples,rottenapples,0.5772502
train/rottenapples/translation_Screen Shot 2018-06-08 at 2.29.55 PM.png,rottenapples,Screen Shot 2018-06-08 at 2.29.55 PM.png,Screen Shot 2018-06-08 at 2.29.55 PM.png_rottenapples,2018-06-08 14:29:55,rottenapples::block_8,3,3,rottenapples,rottenapples,0.90621525
train/rottenapples/rotated_by_75_Screen Shot 2018-06-08 at 2.29.55 PM.png,rottenapples,Screen Shot 2018-06-08 at 2.29.55 PM.png,Screen Shot 2018-06-08 at 2.29.55 PM.png_rottenapples,2018-06-08 14:29:55,rottenapples::block_8,3,3,rottenapples,rottenapples,0.91029304
train/rottenapples/vertical_flip_Screen Shot 2018-06-07 at 2.51.37 PM.png,rottenapples,Screen Shot 2018-06-07 at 2.51.37 PM.png,Screen Shot 2018-06-07 at 2.51.37 PM.png_rottenapples,2018-06-07 14:51:37,rottenapples::block_4,3,3,rottenapples,rottenapples,0.8310734
train/rottenapples/rotated_by_60_Screen Shot 2018-06-07 at 2.51.01 PM.png,rottenapples,Screen Shot 2018-06-07 at 2.51.01 PM.png,Screen Shot 2018-06-07 at 2.51.01 PM.png_rottenapples,2018-06-07 14:51:01,rottenapples::block_4,3,3,rottenapples,rottenapples,0.6219857
train/rottenapples/rotated_by_30_Screen Shot 2018-06-08 at 2.29.55 PM.png,rottenapples,Screen Shot 2018-06-08 at 2.29.55 PM.png,Screen Shot 2018-06-08 at 2.29.55 PM.png_rottenapples,2018-06-08 14:29:55,rottenapples::block_8,3,3,rottenapples,rottenapples,0.909496
train/rottenapples/rotated_by_30_Screen Shot 2018-06-07 at 2.51.01 PM.png,rottenapples,Screen Shot 2018-06-07 at 2.51.01 PM.png,Screen Shot 2018-06-07 at 2.51.01 PM.png_rottenapples,2018-06-07 14:51:01,rottenapples::block_4,3,3,rottenapples,rottenapples,0.63410175
train/rottenapples/rotated_by_30_Screen Shot 2018-06-07 at 2.54.08 PM.png,rottenapples,Screen Shot 2018-06-07 at 2.54.08 PM.png,Screen Shot 2018-06-07 at 2.54.08 PM.png_rottenapples,2018-06-07 14:54:08,rottenapples::block_4,3,0,rottenapples,freshapples,0.7499641
train/rottenapples/saltandpepper_Screen Shot 2018-06-08 at 2.52.57 PM.png,rottenapples,Screen Shot 2018-06-08 at 2.52.57 PM.png,Screen Shot 2018-06-08 at 2.52.57 PM.png_rottenapples,2018-06-08 14:52:57,rottenapples::block_13,3,3,rottenapples,rottenapples,0.83335316
train/rottenapples/rotated_by_15_Screen Shot 2018-06-07 at 2.54.41 PM.png,rottenapples,Screen Shot 2018-06-07 at 2.54.41 PM.png,Screen Shot 2018-06-07 at 2.54.41 PM.png_rottenapples,2018-06-07 14:54:41,rottenapples::block_4,3,1,rottenapples,freshbanana,0.5150908
train/rottenapples/rotated_by_60_Screen Shot 2018-06-08 at 2.28.12 PM.png,rottenapples,Screen Shot 2018-06-08 at 2.28.12 PM.png,Screen Shot 2018-06-08 at 2.28.12 PM.png_rottenapples,2018-06-08 14:28:12,rottenapples::block_8,3,3,rottenapples,rottenapples,0.887177
train/rottenapples/rotated_by_15_Screen Shot 2018-06-08 at 2.28.42 PM.png,rottenapples,Screen Shot 2018-06-08 at 2.28.42 PM.png,Screen Shot 2018-06-08 at 2.28.42 PM.png_rottenapples,2018-06-08 14:28:42,rottenapples::block_8,3,3,rottenapples,rottenapples,0.7453272
train/rottenapples/rotated_by_75_Screen Shot 2018-06-08 at 2.28.12 PM.png,rottenapples,Screen Shot 2018-06-08 at 2.28.12 PM.png,Screen Shot 2018-06-08 at 2.28.12 PM.png_rottenapples,2018-06-08 14:28:12,rottenapples::block_8,3,3,rottenapples,rottenapples,0.8895659
train/rottenapples/rotated_by_60_Screen Shot 2018-06-08 at 2.52.57 PM.png,rottenapples,Screen Shot 2018-06-08 at 2.52.57 PM.png,Screen Shot 2018-06-08 at 2.52.57 PM.png_rottenapples,2018-06-08 14:52:57,rottenapples::block_13,3,3,rottenapples,rottenapples,0.71941775
train/rottenapples/rotated_by_45_Screen Shot 2018-06-08 at 2.28.12 PM.png,rottenapples,Screen Shot 2018-06-08 at 2.28.12 PM.png,Screen Shot 2018-06-08 at 2.28.12 PM.png_rottenapples,2018-06-08 14:28:12,rottenapples::block_8,3,3,rottenapples,rottenapples,0.8853783
train/rottenapples/rotated_by_30_Screen Shot 2018-06-08 at 2.52.57 PM.png,rottenapples,Screen Shot 2018-06-08 at 2.52.57 PM.png,Screen Shot 2018-06-08 at 2.52.57 PM.png_rottenapples,2018-06-08 14:52:57,rottenapples::block_13,3,3,rottenapples,rottenapples,0.7578281
train/rottenapples/rotated_by_30_Screen Shot 2018-06-07 at 2.51.08 PM.png,rottenapples,Screen Shot 2018-06-07 at 2.51.08 PM.png,Screen Shot 2018-06-07 at 2.51.08 PM.png_rottenapples,2018-06-07 14:51:08,rottenapples::block_4,3,3,rottenapples,rottenapples,0.72706264
train/rottenapples/rotated_by_30_Screen Shot 2018-06-07 at 2.54.41 PM.png,rottenapples,Screen Shot 2018-06-07 at 2.54.41 PM.png,Screen Shot 2018-06-07 at 2.54.41 PM.png_rottenapples,2018-06-07 14:54:41,rottenapples::block_4,3,3,rottenapples,rottenapples,0.4607749
train/rottenapples/rotated_by_45_Screen Shot 2018-06-08 at 2.29.55 PM.png,rottenapples,Screen Shot 2018-06-08 at 2.29.55 PM.png,Screen Shot 2018-06-08 at 2.29.55 PM.png_rottenapples,2018-06-08 14:29:55,rottenapples::block_8,3,3,rottenapples,rottenapples,0.9087034
train/rottenapples/vertical_flip_Screen Shot 2018-06-08 at 2.28.07 PM.png,rottenapples,Screen Shot 2018-06-08 at 2.28.07 PM.png,Screen Shot 2018-06-08 at 2.28.07 PM.png_rottenapples,2018-06-08 14:28:07,rottenapples::block_8,3,3,rottenapples,rottenapples,0.8929139
train/rottenapples/rotated_by_45_Screen Shot 2018-06-07 at 2.54.41 PM.png,rottenapples,Screen Shot 2018-06-07 at 2.54.41 PM.png,Screen Shot 2018-06-07 at 2.54.41 PM.png_rottenapples,2018-06-07 14:54:41,rottenapples::block_4,3,3,rottenapples,rottenapples,0.47233328
train/rottenapples/rotated_by_75_Screen Shot 2018-06-08 at 2.28.42 PM.png,rottenapples,Screen Shot 2018-06-08 at 2.28.42 PM.png,Screen Shot 2018-06-08 at 2.28.42 PM.png_rottenapples,2018-06-08 14:28:42,rottenapples::block_8,3,3,rottenapples,rottenapples,0.7282353
train/rottenapples/rotated_by_60_Screen Shot 2018-06-07 at 2.54.08 PM.png,rottenapples,Screen Shot 2018-06-07 at 2.54.08 PM.png,Screen Shot 2018-06-07 at 2.54.08 PM.png_rottenapples,2018-06-07 14:54:08,rottenapples::block_4,3,0,rottenapples,freshapples,0.73367804
train/rottenapples/rotated_by_15_Screen Shot 2018-06-08 at 2.27.44 PM.png,rottenapples,Screen Shot 2018-06-08 at 2.27.44 PM.png,Screen Shot 2018-06-08 at 2.27.44 PM.png_rottenapples,2018-06-08 14:27:44,rottenapples::block_8,3,3,rottenapples,rottenapples,0.9242137
train/rottenapples/rotated_by_75_Screen Shot 2018-06-07 at 2.51.37 PM.png,rottenapples,Screen Shot 2018-06-07 at 2.51.37 PM.png,Screen Shot 2018-06-07 at 2.51.37 PM.png_rottenapples,2018-06-07 14:51:37,rottenapples::block_4,3,3,rottenapples,rottenapples,0.7528682
train/rottenapples/translation_Screen Shot 2018-06-07 at 2.54.08 PM.png,rottenapples,Screen Shot 2018-06-07 at 2.54.08 PM.png,Screen Shot 2018-06-07 at 2.54.08 PM.png_rottenapples,2018-06-07 14:54:08,rottenapples::block_4,3,0,rottenapples,freshapples,0.9034142
train/rottenapples/rotated_by_15_Screen Shot 2018-06-07 at 2.51.37 PM.png,rottenapples,Screen Shot 2018-06-07 at 2.51.37 PM.png,Screen Shot 2018-06-07 at 2.51.37 PM.png_rottenapples,2018-06-07 14:51:37,rottenapples::block_4,3,3,rottenapples,rottenapples,0.84579176
train/rottenapples/rotated_by_60_Screen Shot 2018-06-08 at 2.53.14 PM.png,rottenapples,Screen Shot 2018-06-08 at 2.53.14 PM.png,Screen Shot 2018-06-08 at 2.53.14 PM.png_rottenapples,2018-06-08 14:53:14,rottenapples::block_13,3,3,rottenapples,rottenapples,0.59900737
train/rottenapples/vertical_flip_Screen Shot 2018-06-08 at 2.27.44 PM.png,rottenapples,Screen Shot 2018-06-08 at 2.27.44 PM.png,Screen Shot 2018-06-08 at 2.27.44 PM.png_rottenapples,2018-06-08 14:27:44,rottenapples::block_8,3,3,rottenapples,rottenapples,0.9185189
train/rottenapples/rotated_by_30_Screen Shot 2018-06-07 at 2.51.37 PM.png,rottenapples,Screen Shot 2018-06-07 at 2.51.37 PM.png,Screen Shot 2018-06-07 at 2.51.37 PM.png_rottenapples,2018-06-07 14:51:37,rottenapples::block_4,3,3,rottenapples,rottenapples,0.80762064
train/rottenapples/rotated_by_45_Screen Shot 2018-06-08 at 2.52.57 PM.png,rottenapples,Screen Shot 2018-06-08 at 2.52.57 PM.png,Screen Shot 2018-06-08 at 2.52.57 PM.png_rottenapples,2018-06-08 14:52:57,rottenapples::block_13,3,3,rottenapples,rottenapples,0.72504216
train/rottenapples/saltandpepper_Screen Shot 2018-06-08 at 2.53.14 PM.png,rottenapples,Screen Shot 2018-06-08 at 2.53.14 PM.png,Screen Shot 2018-06-08 at 2.53.14 PM.png_rottenapples,2018-06-08 14:53:14,rottenapples::block_13,3,3,rottenapples,rottenapples,0.7498256
train/rottenapples/Screen Shot 2018-06-08 at 2.28.00 PM.png,rottenapples,Screen Shot 2018-06-08 at 2.28.00 PM.png,Screen Shot 2018-06-08 at 2.28.00 PM.png_rottenapples,2018-06-08 14:28:00,rottenapples::block_8,3,3,rottenapples,rottenapples,0.9151485
train/rottenapples/Screen Shot 2018-06-08 at 2.28.12 PM.png,rottenapples,Screen Shot 2018-06-08 at 2.28.12 PM.png,Screen Shot 2018-06-08 at 2.28.12 PM.png_rottenapples,2018-06-08 14:28:12,rottenapples::block_8,3,3,rottenapples,rottenapples,0.900843
train/rottenapples/rotated_by_30_Screen Shot 2018-06-08 at 2.53.14 PM.png,rottenapples,Screen Shot 2018-06-08 at 2.53.14 PM.png,Screen Shot 2018-06-08 at 2.53.14 PM.png_rottenapples,2018-06-08 14:53:14,rottenapples::block_13,3,3,rottenapples,rottenapples,0.607085
train/rottenapples/translation_Screen Shot 2018-06-07 at 2.54.41 PM.png,rottenapples,Screen Shot 2018-06-07 at 2.54.41 PM.png,Screen Shot 2018-06-07 at 2.54.41 PM.png_rottenapples,2018-06-07 14:54:41,rottenapples::block_4,3,1,rottenapples,freshbanana,0.49964976
train/rottenapples/vertical_flip_Screen Shot 2018-06-07 at 2.54.41 PM.png,rottenapples,Screen Shot 2018-06-07 at 2.54.41 PM.png,Screen Shot 2018-06-07 at 2.54.41 PM.png_rottenapples,2018-06-07 14:54:41,rottenapples::block_4,3,1,rottenapples,freshbanana,0.6049785
train/rottenapples/rotated_by_45_Screen Shot 2018-06-08 at 2.28.07 PM.png,rottenapples,Screen Shot 2018-06-08 at 2.28.07 PM.png,Screen Shot 2018-06-08 at 2.28.07 PM.png_rottenapples,2018-06-08 14:28:07,rottenapples::block_8,3,3,rottenapples,rottenapples,0.85574764
train/rottenapples/rotated_by_15_Screen Shot 2018-06-07 at 2.54.58 PM.png,rottenapples,Screen Shot 2018-06-07 at 2.54.58 PM.png,Screen Shot 2018-06-07 at 2.54.58 PM.png_rottenapples,2018-06-07 14:54:58,rottenapples::block_4,3,3,rottenapples,rottenapples,0.5796904
train/rottenapples/rotated_by_45_Screen Shot 2018-06-08 at 2.28.00 PM.png,rottenapples,Screen Shot 2018-06-08 at 2.28.00 PM.png,Screen Shot 2018-06-08 at 2.28.00 PM.png_rottenapples,2018-06-08 14:28:00,rottenapples::block_8,3,3,rottenapples,rottenapples,0.88881767
train/rottenapples/rotated_by_75_Screen Shot 2018-06-07 at 2.51.01 PM.png,rottenapples,Screen Shot 2018-06-07 at 2.51.01 PM.png,Screen Shot 2018-06-07 at 2.51.01 PM.png_rottenapples,2018-06-07 14:51:01,rottenapples::block_4,3,3,rottenapples,rottenapples,0.66376793
train/rottenapples/rotated_by_60_Screen Shot 2018-06-08 at 2.29.55 PM.png,rottenapples,Screen Shot 2018-06-08 at 2.29.55 PM.png,Screen Shot 2018-06-08 at 2.29.55 PM.png_rottenapples,2018-06-08 14:29:55,rottenapples::block_8,3,3,rottenapples,rottenapples,0.90800935
train/rottenapples/rotated_by_30_Screen Shot 2018-06-08 at 2.28.00 PM.png,rottenapples,Screen Shot 2018-06-08 at 2.28.00 PM.png,Screen Shot 2018-06-08 at 2.28.00 PM.png_rottenapples,2018-06-08 14:28:00,rottenapples::block_8,3,3,rottenapples,rottenapples,0.89678407
train/rottenapples/rotated_by_75_Screen Shot 2018-06-07 at 2.54.41 PM.png,rottenapples,Screen Shot 2018-06-07 at 2.54.41 PM.png,Screen Shot 2018-06-07 at 2.54.41 PM.png_rottenapples,2018-06-07 14:54:41,rottenapples::block_4,3,3,rottenapples,rottenapples,0.48787552
train/rottenapples/translation_Screen Shot 2018-06-08 at 2.27.44 PM.png,rottenapples,Screen Shot 2018-06-08 at 2.27.44 PM.png,Screen Shot 2018-06-08 at 2.27.44 PM.png_rottenapples,2018-06-08 14:27:44,rottenapples::block_8,3,3,rottenapples,rottenapples,0.87999123
train/rottenapples/rotated_by_60_Screen Shot 2018-06-07 at 2.54.58 PM.png,rottenapples,Screen Shot 2018-06-07 at 2.54.58 PM.png,Screen Shot 2018-06-07 at 2.54.58 PM.png_rottenapples,2018-06-07 14:54:58,rottenapples::block_4,3,3,rottenapples,rottenapples,0.5123167
train/rottenapples/rotated_by_60_Screen Shot 2018-06-08 at 2.28.07 PM.png,rottenapples,Screen Shot 2018-06-08 at 2.28.07 PM.png,Screen Shot 2018-06-08 at 2.28.07 PM.png_rottenapples,2018-06-08 14:28:07,rottenapples::block_8,3,3,rottenapples,rottenapples,0.85189337
train/rottenapples/Screen Shot 2018-06-08 at 2.53.14 PM.png,rottenapples,Screen Shot 2018-06-08 at 2.53.14 PM.png,Screen Shot 2018-06-08 at 2.53.14 PM.png_rottenapples,2018-06-08 14:53:14,rottenapples::block_13,3,3,rottenapples,rottenapples,0.6872212
train/rottenapples/translation_Screen Shot 2018-06-08 at 2.53.14 PM.png,rottenapples,Screen Shot 2018-06-08 at 2.53.14 PM.png,Screen Shot 2018-06-08 at 2.53.14 PM.png_rottenapples,2018-06-08 14:53:14,rottenapples::block_13,3,3,rottenapples,rottenapples,0.6563898
train/rottenapples/vertical_flip_Screen Shot 2018-06-08 at 2.28.42 PM.png,rottenapples,Screen Shot 2018-06-08 at 2.28.42 PM.png,Screen Shot 2018-06-08 at 2.28.42 PM.png_rottenapples,2018-06-08 14:28:42,rottenapples::block_8,3,3,rottenapples,rottenapples,0.7453812
train/rottenapples/Screen Shot 2018-06-08 at 2.27.44 PM.png,rottenapples,Screen Shot 2018-06-08 at 2.27.44 PM.png,Screen Shot 2018-06-08 at 2.27.44 PM.png_rottenapples,2018-06-08 14:27:44,rottenapples::block_8,3,3,rottenapples,rottenapples,0.91701984
train/rottenapples/rotated_by_45_Screen Shot 2018-06-07 at 2.51.37 PM.png,rottenapples,Screen Shot 2018-06-07 at 2.51.37 PM.png,Screen Shot 2018-06-07 at 2.51.37 PM.png_rottenapples,2018-06-07 14:51:37,rottenapples::block_4,3,3,rottenapples,rottenapples,0.7786805
train/rottenapples/vertical_flip_Screen Shot 2018-06-07 at 2.54.58 PM.png,rottenapples,Screen Shot 2018-06-07 at 2.54.58 PM.png,Screen Shot 2018-06-07 at 2.54.58 PM.png_rottenapples,2018-06-07 14:54:58,rottenapples::block_4,3,3,rottenapples,rottenapples,0.5927913
train/rottenapples/rotated_by_30_Screen Shot 2018-06-08 at 2.28.12 PM.png,rottenapples,Screen Shot 2018-06-08 at 2.28.12 PM.png,Screen Shot 2018-06-08 at 2.28.12 PM.png_rottenapples,2018-06-08 14:28:12,rottenapples::block_8,3,3,rottenapples,rottenapples,0.8914832
train/rottenapples/rotated_by_75_Screen Shot 2018-06-08 at 2.28.07 PM.png,rottenapples,Screen Shot 2018-06-08 at 2.28.07 PM.png,Screen Shot 2018-06-08 at 2.28.07 PM.png_rottenapples,2018-06-08 14:28:07,rottenapples::block_8,3,3,rottenapples,rottenapples,0.8511147
train/rottenapples/translation_Screen Shot 2018-06-07 at 2.51.37 PM.png,rottenapples,Screen Shot 2018-06-07 at 2.51.37 PM.png,Screen Shot 2018-06-07 at 2.51.37 PM.png_rottenapples,2018-06-07 14:51:37,rottenapples::block_4,3,3,rottenapples,rottenapples,0.8034903
train/rottenapples/Screen Shot 2018-06-08 at 2.29.55 PM.png,rottenapples,Screen Shot 2018-06-08 at 2.29.55 PM.png,Screen Shot 2018-06-08 at 2.29.55 PM.png_rottenapples,2018-06-08 14:29:55,rottenapples::block_8,3,3,rottenapples,rottenapples,0.9157874
train/rottenapples/rotated_by_15_Screen Shot 2018-06-08 at 2.53.14 PM.png,rottenapples,Screen Shot 2018-06-08 at 2.53.14 PM.png,Screen Shot 2018-06-08 at 2.53.14 PM.png_rottenapples,2018-06-08 14:53:14,rottenapples::block_13,3,3,rottenapples,rottenapples,0.657414
train/rottenapples/vertical_flip_Screen Shot 2018-06-08 at 2.28.00 PM.png,rottenapples,Screen Shot 2018-06-08 at 2.28.00 PM.png,Screen Shot 2018-06-08 at 2.28.00 PM.png_rottenapples,2018-06-08 14:28:00,rottenapples::block_8,3,3,rottenapples,rottenapples,0.9133681
train/rottenapples/Screen Shot 2018-06-07 at 2.54.08 PM.png,rottenapples,Screen Shot 2018-06-07 at 2.54.08 PM.png,Screen Shot 2018-06-07 at 2.54.08 PM.png_rottenapples,2018-06-07 14:54:08,rottenapples::block_4,3,0,rottenapples,freshapples,0.7743985
train/rottenapples/translation_Screen Shot 2018-06-08 at 2.28.07 PM.png,rottenapples,Screen Shot 2018-06-08 at 2.28.07 PM.png,Screen Shot 2018-06-08 at 2.28.07 PM.png_rottenapples,2018-06-08 14:28:07,rottenapples::block_8,3,3,rottenapples,rottenapples,0.8668079
train/rottenapples/rotated_by_15_Screen Shot 2018-06-08 at 2.28.00 PM.png,rottenapples,Screen Shot 2018-06-08 at 2.28.00 PM.png,Screen Shot 2018-06-08 at 2.28.00 PM.png_rottenapples,2018-06-08 14:28:00,rottenapples::block_8,3,3,rottenapples,rottenapples,0.9132515
train/rottenapples/rotated_by_15_Screen Shot 2018-06-07 at 2.54.08 PM.png,rottenapples,Screen Shot 2018-06-07 at 2.54.08 PM.png,Screen Shot 2018-06-07 at 2.54.08 PM.png_rottenapples,2018-06-07 14:54:08,rottenapples::block_4,3,0,rottenapples,freshapples,0.73184985
train/rottenapples/saltandpepper_Screen Shot 2018-06-08 at 2.28.07 PM.png,rottenapples,Screen Shot 2018-06-08 at 2.28.07 PM.png,Screen Shot 2018-06-08 at 2.28.07 PM.png_rottenapples,2018-06-08 14:28:07,rottenapples::block_8,3,3,rottenapples,rottenapples,0.8837034
train/rottenapples/rotated_by_45_Screen Shot 2018-06-08 at 2.53.14 PM.png,rottenapples,Screen Shot 2018-06-08 at 2.53.14 PM.png,Screen Shot 2018-06-08 at 2.53.14 PM.png_rottenapples,2018-06-08 14:53:14,rottenapples::block_13,3,3,rottenapples,rottenapples,0.5918083
train/rottenapples/rotated_by_60_Screen Shot 2018-06-07 at 2.54.41 PM.png,rottenapples,Screen Shot 2018-06-07 at 2.54.41 PM.png,Screen Shot 2018-06-07 at 2.54.41 PM.png_rottenapples,2018-06-07 14:54:41,rottenapples::block_4,3,3,rottenapples,rottenapples,0.4890655
train/rottenapples/saltandpepper_Screen Shot 2018-06-07 at 2.51.37 PM.png,rottenapples,Screen Shot 2018-06-07 at 2.51.37 PM.png,Screen Shot 2018-06-07 at 2.51.37 PM.png_rottenapples,2018-06-07 14:51:37,rottenapples::block_4,3,3,rottenapples,rottenapples,0.88986444
train/rottenapples/rotated_by_75_Screen Shot 2018-06-08 at 2.28.00 PM.png,rottenapples,Screen Shot 2018-06-08 at 2.28.00 PM.png,Screen Shot 2018-06-08 at 2.28.00 PM.png_rottenapples,2018-06-08 14:28:00,rottenapples::block_8,3,3,rottenapples,rottenapples,0.88684535
train/rottenapples/translation_Screen Shot 2018-06-07 at 2.51.01 PM.png,rottenapples,Screen Shot 2018-06-07 at 2.51.01 PM.png,Screen Shot 2018-06-07 at 2.51.01 PM.png_rottenapples,2018-06-07 14:51:01,rottenapples::block_4,3,3,rottenapples,rottenapples,0.5237164
train/rottenapples/rotated_by_60_Screen Shot 2018-06-08 at 2.28.42 PM.png,rottenapples,Screen Shot 2018-06-08 at 2.28.42 PM.png,Screen Shot 2018-06-08 at 2.28.42 PM.png_rottenapples,2018-06-08 14:28:42,rottenapples::block_8,3,3,rottenapples,rottenapples,0.7285975
train/rottenapples/rotated_by_15_Screen Shot 2018-06-07 at 2.51.08 PM.png,rottenapples,Screen Shot 2018-06-07 at 2.51.08 PM.png,Screen Shot 2018-06-07 at 2.51.08 PM.png_rottenapples,2018-06-07 14:51:08,rottenapples::block_4,3,3,rottenapples,rottenapples,0.7642304
train/rottenapples/vertical_flip_Screen Shot 2018-06-07 at 2.51.08 PM.png,rottenapples,Screen Shot 2018-06-07 at 2.51.08 PM.png,Screen Shot 2018-06-07 at 2.51.08 PM.png_rottenapples,2018-06-07 14:51:08,rottenapples::block_4,3,3,rottenapples,rottenapples,0.7739799
train/rottenapples/vertical_flip_Screen Shot 2018-06-08 at 2.53.14 PM.png,rottenapples,Screen Shot 2018-06-08 at 2.53.14 PM.png,Screen Shot 2018-06-08 at 2.53.14 PM.png_rottenapples,2018-06-08 14:53:14,rottenapples::block_13,3,3,rottenapples,rottenapples,0.69019985
train/rottenapples/rotated_by_45_Screen Shot 2018-06-07 at 2.54.08 PM.png,rottenapples,Screen Shot 2018-06-07 at 2.54.08 PM.png,Screen Shot 2018-06-07 at 2.54.08 PM.png_rottenapples,2018-06-07 14:54:08,rottenapples::block_4,3,0,rottenapples,freshapples,0.7894441
train/rottenapples/translation_Screen Shot 2018-06-07 at 2.51.08 PM.png,rottenapples,Screen Shot 2018-06-07 at 2.51.08 PM.png,Screen Shot 2018-06-07 at 2.51.08 PM.png_rottenapples,2018-06-07 14:51:08,rottenapples::block_4,3,3,rottenapples,rottenapples,0.5882991
train/rottenapples/rotated_by_60_Screen Shot 2018-06-07 at 2.51.08 PM.png,rottenapples,Screen Shot 2018-06-07 at 2.51.08 PM.png,Screen Shot 2018-06-07 at 2.51.08 PM.png_rottenapples,2018-06-07 14:51:08,rottenapples::block_4,3,3,rottenapples,rottenapples,0.6970508
train/rottenapples/rotated_by_75_Screen Shot 2018-06-08 at 2.53.14 PM.png,rottenapples,Screen Shot 2018-06-08 at 2.53.14 PM.png,Screen Shot 2018-06-08 at 2.53.14 PM.png_rottenapples,2018-06-08 14:53:14,rottenapples::block_13,3,3,rottenapples,rottenapples,0.6310314
train/rottenapples/rotated_by_30_Screen Shot 2018-06-08 at 2.28.07 PM.png,rottenapples,Screen Shot 2018-06-08 at 2.28.07 PM.png,Screen Shot 2018-06-08 at 2.28.07 PM.png_rottenapples,2018-06-08 14:28:07,rottenapples::block_8,3,3,rottenapples,rottenapples,0.86855197
train/rottenapples/saltandpepper_Screen Shot 2018-06-08 at 2.29.55 PM.png,rottenapples,Screen Shot 2018-06-08 at 2.29.55 PM.png,Screen Shot 2018-06-08 at 2.29.55 PM.png_rottenapples,2018-06-08 14:29:55,rottenapples::block_8,3,3,rottenapples,rottenapples,0.90106446
train/rottenapples/rotated_by_60_Screen Shot 2018-06-07 at 2.51.37 PM.png,rottenapples,Screen Shot 2018-06-07 at 2.51.37 PM.png,Screen Shot 2018-06-07 at 2.51.37 PM.png_rottenapples,2018-06-07 14:51:37,rottenapples::block_4,3,3,rottenapples,rottenapples,0.7654221
train/rottenapples/rotated_by_15_Screen Shot 2018-06-08 at 2.29.55 PM.png,rottenapples,Screen Shot 2018-06-08 at 2.29.55 PM.png,Screen Shot 2018-06-08 at 2.29.55 PM.png_rottenapples,2018-06-08 14:29:55,rottenapples::block_8,3,3,rottenapples,rottenapples,0.91519403
train/rottenapples/saltandpepper_Screen Shot 2018-06-07 at 2.54.58 PM.png,rottenapples,Screen Shot 2018-06-07 at 2.54.58 PM.png,Screen Shot 2018-06-07 at 2.54.58 PM.png_rottenapples,2018-06-07 14:54:58,rottenapples::block_4,3,3,rottenapples,rottenapples,0.6674094
train/rottenapples/vertical_flip_Screen Shot 2018-06-08 at 2.52.57 PM.png,rottenapples,Screen Shot 2018-06-08 at 2.52.57 PM.png,Screen Shot 2018-06-08 at 2.52.57 PM.png_rottenapples,2018-06-08 14:52:57,rottenapples::block_13,3,3,rottenapples,rottenapples,0.7550408
train/rottenapples/rotated_by_15_Screen Shot 2018-06-08 at 2.52.57 PM.png,rottenapples,Screen Shot 2018-06-08 at 2.52.57 PM.png,Screen Shot 2018-06-08 at 2.52.57 PM.png_rottenapples,2018-06-08 14:52:57,rottenapples::block_13,3,3,rottenapples,rottenapples,0.7827011
train/rottenapples/vertical_flip_Screen Shot 2018-06-08 at 2.29.55 PM.png,rottenapples,Screen Shot 2018-06-08 at 2.29.55 PM.png,Screen Shot 2018-06-08 at 2.29.55 PM.png_rottenapples,2018-06-08 14:29:55,rottenapples::block_8,3,3,rottenapples,rottenapples,0.91405994
train/rottenapples/rotated_by_75_Screen Shot 2018-06-08 at 2.27.44 PM.png,rottenapples,Screen Shot 2018-06-08 at 2.27.44 PM.png,Screen Shot 2018-06-08 at 2.27.44 PM.png_rottenapples,2018-06-08 14:27:44,rottenapples::block_8,3,3,rottenapples,rottenapples,0.92190343
train/rottenapples/rotated_by_45_Screen Shot 2018-06-07 at 2.51.08 PM.png,rottenapples,Screen Shot 2018-06-07 at 2.51.08 PM.png,Screen Shot 2018-06-07 at 2.51.08 PM.png_rottenapples,2018-06-07 14:51:08,rottenapples::block_4,3,3,rottenapples,rottenapples,0.6942651
train/rottenbanana/vertical_flip_Screen Shot 2018-06-12 at 9.12.45 PM.png,rottenbanana,Screen Shot 2018-06-12 at 9.12.45 PM.png,Screen Shot 2018-06-12 at 9.12.45 PM.png_rottenbanana,2018-06-12 21:12:45,rottenbanana::block_8,4,4,rottenbanana,rottenbanana,0.65266293
train/rottenbanana/rotated_by_30_Screen Shot 2018-06-12 at 9.12.45 PM.png,rottenbanana,Screen Shot 2018-06-12 at 9.12.45 PM.png,Screen Shot 2018-06-12 at 9.12.45 PM.png_rottenbanana,2018-06-12 21:12:45,rottenbanana::block_8,4,4,rottenbanana,rottenbanana,0.73927784
train/rottenbanana/translation_Screen Shot 2018-06-12 at 9.13.28 PM.png,rottenbanana,Screen Shot 2018-06-12 at 9.13.28 PM.png,Screen Shot 2018-06-12 at 9.13.28 PM.png_rottenbanana,2018-06-12 21:13:28,rottenbanana::block_8,4,4,rottenbanana,rottenbanana,0.9879402
train/rottenbanana/rotated_by_75_Screen Shot 2018-06-12 at 9.14.43 PM.png,rottenbanana,Screen Shot 2018-06-12 at 9.14.43 PM.png,Screen Shot 2018-06-12 at 9.14.43 PM.png_rottenbanana,2018-06-12 21:14:43,rottenbanana::block_8,4,4,rottenbanana,rottenbanana,0.99814725
train/rottenbanana/translation_Screen Shot 2018-06-12 at 9.13.54 PM.png,rottenbanana,Screen Shot 2018-06-12 at 9.13.54 PM.png,Screen Shot 2018-06-12 at 9.13.54 PM.png_rottenbanana,2018-06-12 21:13:54,rottenbanana::block_8,4,4,rottenbanana,rottenbanana,0.5353554
train/rottenbanana/rotated_by_30_Screen Shot 2018-06-12 at 9.13.54 PM.png,rottenbanana,Screen Shot 2018-06-12 at 9.13.54 PM.png,Screen Shot 2018-06-12 at 9.13.54 PM.png_rottenbanana,2018-06-12 21:13:54,rottenbanana::block_8,4,4,rottenbanana,rottenbanana,0.6498519
train/rottenbanana/translation_Screen Shot 2018-06-12 at 9.12.17 PM.png,rottenbanana,Screen Shot 2018-06-12 at 9.12.17 PM.png,Screen Shot 2018-06-12 at 9.12.17 PM.png_rottenbanana,2018-06-12 21:12:17,rottenbanana::block_8,4,4,rottenbanana,rottenbanana,0.97035676
train/rottenbanana/rotated_by_45_Screen Shot 2018-06-12 at 9.12.11 PM.png,rottenbanana,Screen Shot 2018-06-12 at 9.12.11 PM.png,Screen Shot 2018-06-12 at 9.12.11 PM.png_rottenbanana,2018-06-12 21:12:11,rottenbanana::block_8,4,4,rottenbanana,rottenbanana,0.99244446
train/rottenbanana/rotated_by_15_Screen Shot 2018-06-12 at 9.03.30 PM.png,rottenbanana,Screen Shot 2018-06-12 at 9.03.30 PM.png,Screen Shot 2018-06-12 at 9.03.30 PM.png_rottenbanana,2018-06-12 21:03:30,rottenbanana::block_5,4,4,rottenbanana,rottenbanana,0.9922916
train/rottenbanana/rotated_by_45_Screen Shot 2018-06-12 at 9.03.25 PM.png,rottenbanana,Screen Shot 2018-06-12 at 9.03.25 PM.png,Screen Shot 2018-06-12 at 9.03.25 PM.png_rottenbanana,2018-06-12 21:03:25,rottenbanana::block_5,4,4,rottenbanana,rottenbanana,0.9682607
train/rottenbanana/rotated_by_15_Screen Shot 2018-06-12 at 9.14.22 PM.png,rottenbanana,Screen Shot 2018-06-12 at 9.14.22 PM.png,Screen Shot 2018-06-12 at 9.14.22 PM.png_rottenbanana,2018-06-12 21:14:22,rottenbanana::block_8,4,4,rottenbanana,rottenbanana,0.99799347
train/rottenbanana/rotated_by_30_Screen Shot 2018-06-12 at 9.12.57 PM.png,rottenbanana,Screen Shot 2018-06-12 at 9.12.57 PM.png,Screen Shot 2018-06-12 at 9.12.57 PM.png_rottenbanana,2018-06-12 21:12:57,rottenbanana::block_8,4,4,rottenbanana,rottenbanana,0.95300555
train/rottenbanana/rotated_by_45_Screen Shot 2018-06-12 at 9.13.44 PM.png,rottenbanana,Screen Shot 2018-06-12 at 9.13.44 PM.png,Screen Shot 2018-06-12 at 9.13.44 PM.png_rottenbanana,2018-06-12 21:13:44,rottenbanana::block_8,4,4,rottenbanana,rottenbanana,0.95233786
train/rottenbanana/rotated_by_30_Screen Shot 2018-06-12 at 9.13.16 PM.png,rottenbanana,Screen Shot 2018-06-12 at 9.13.16 PM.png,Screen Shot 2018-06-12 at 9.13.16 PM.png_rottenbanana,2018-06-12 21:13:16,rottenbanana::block_8,4,5,rottenbanana,rottenoranges,0.6250986
train/rottenbanana/translation_Screen Shot 2018-06-12 at 9.12.11 PM.png,rottenbanana,Screen Shot 2018-06-12 at 9.12.11 PM.png,Screen Shot 2018-06-12 at 9.12.11 PM.png_rottenbanana,2018-06-12 21:12:11,rottenbanana::block_8,4,4,rottenbanana,rottenbanana,0.98466563
train/rottenbanana/saltandpepper_Screen Shot 2018-06-12 at 9.14.22 PM.png,rottenbanana,Screen Shot 2018-06-12 at 9.14.22 PM.png,Screen Shot 2018-06-12 at 9.14.22 PM.png_rottenbanana,2018-06-12 21:14:22,rottenbanana::block_8,4,4,rottenbanana,rottenbanana,0.9988426
train/rottenbanana/rotated_by_75_Screen Shot 2018-06-12 at 9.13.34 PM.png,rottenbanana,Screen Shot 2018-06-12 at 9.13.34 PM.png,Screen Shot 2018-06-12 at 9.13.34 PM.png_rottenbanana,2018-06-12 21:13:34,rottenbanana::block_8,4,4,rottenbanana,rottenbanana,0.9926595
train/rottenbanana/saltandpepper_Screen Shot 2018-06-12 at 9.03.21 PM.png,rottenbanana,Screen Shot 2018-06-12 at 9.03.21 PM.png,Screen Shot 2018-06-12 at 9.03.21 PM.png_rottenbanana,2018-06-12 21:03:21,rottenbanana::block_5,4,4,rottenbanana,rottenbanana,0.9601772
train/rottenbanana/rotated_by_15_Screen Shot 2018-06-12 at 9.13.28 PM.png,rottenbanana,Screen Shot 2018-06-12 at 9.13.28 PM.png,Screen Shot 2018-06-12 at 9.13.28 PM.png_rottenbanana,2018-06-12 21:13:28,rottenbanana::block_8,4,4,rottenbanana,rottenbanana,0.99456936
train/rottenbanana/rotated_by_45_Screen Shot 2018-06-12 at 9.03.40 PM.png,rottenbanana,Screen Shot 2018-06-12 at 9.03.40 PM.png,Screen Shot 2018-06-12 at 9.03.40 PM.png_rottenbanana,2018-06-12 21:03:40,rottenbanana::block_5,4,4,rottenbanana,rottenbanana,0.890424
train/rottenbanana/rotated_by_30_Screen Shot 2018-06-12 at 9.13.34 PM.png,rottenbanana,Screen Shot 2018-06-12 at 9.13.34 PM.png,Screen Shot 2018-06-12 at 9.13.34 PM.png_rottenbanana,2018-06-12 21:13:34,rottenbanana::block_8,4,4,rottenbanana,rottenbanana,0.9921312
train/rottenbanana/vertical_flip_Screen Shot 2018-06-12 at 9.14.22 PM.png,rottenbanana,Screen Shot 2018-06-12 at 9.14.22 PM.png,Screen Shot 2018-06-12 at 9.14.22 PM.png_rottenbanana,2018-06-12 21:14:22,rottenbanana::block_8,4,4,rottenbanana,rottenbanana,0.9978028
train/rottenbanana/rotated_by_60_Screen Shot 2018-06-12 at 9.14.28 PM.png,rottenbanana,Screen Shot 2018-06-12 at 9.14.28 PM.png,Screen Shot 2018-06-12 at 9.14.28 PM.png_rottenbanana,2018-06-12 21:14:28,rottenbanana::block_8,4,4,rottenbanana,rottenbanana,0.98910964
train/rottenbanana/Screen Shot 2018-06-12 at 9.14.43 PM.png,rottenbanana,Screen Shot 2018-06-12 at 9.14.43 PM.png,Screen Shot 2018-06-12 at 9.14.43 PM.png_rottenbanana,2018-06-12 21:14:43,rottenbanana::block_8,4,4,rottenbanana,rottenbanana,0.9945262
train/rottenbanana/rotated_by_45_Screen Shot 2018-06-12 at 9.13.54 PM.png,rottenbanana,Screen Shot 2018-06-12 at 9.13.54 PM.png,Screen Shot 2018-06-12 at 9.13.54 PM.png_rottenbanana,2018-06-12 21:13:54,rottenbanana::block_8,4,4,rottenbanana,rottenbanana,0.61668617
train/rottenbanana/vertical_flip_Screen Shot 2018-06-12 at 9.12.57 PM.png,rottenbanana,Screen Shot 2018-06-12 at 9.12.57 PM.png,Screen Shot 2018-06-12 at 9.12.57 PM.png_rottenbanana,2018-06-12 21:12:57,rottenbanana::block_8,4,4,rottenbanana,rottenbanana,0.96774566
train/rottenbanana/rotated_by_45_Screen Shot 2018-06-12 at 9.03.51 PM.png,rottenbanana,Screen Shot 2018-06-12 at 9.03.51 PM.png,Screen Shot 2018-06-12 at 9.03.51 PM.png_rottenbanana,2018-06-12 21:03:51,rottenbanana::block_5,4,4,rottenbanana,rottenbanana,0.9754969
train/rottenbanana/rotated_by_15_Screen Shot 2018-06-12 at 9.03.51 PM.png,rottenbanana,Screen Shot 2018-06-12 at 9.03.51 PM.png,Screen Shot 2018-06-12 at 9.03.51 PM.png_rottenbanana,2018-06-12 21:03:51,rottenbanana::block_5,4,4,rottenbanana,rottenbanana,0.98748636
train/rottenbanana/rotated_by_75_Screen Shot 2018-06-12 at 9.14.28 PM.png,rottenbanana,Screen Shot 2018-06-12 at 9.14.28 PM.png,Screen Shot 2018-06-12 at 9.14.28 PM.png_rottenbanana,2018-06-12 21:14:28,rottenbanana::block_8,4,4,rottenbanana,rottenbanana,0.9786526
train/rottenbanana/saltandpepper_Screen Shot 2018-06-12 at 9.13.54 PM.png,rottenbanana,Screen Shot 2018-06-12 at 9.13.54 PM.png,Screen Shot 2018-06-12 at 9.13.54 PM.png_rottenbanana,2018-06-12 21:13:54,rottenbanana::block_8,4,4,rottenbanana,rottenbanana,0.768861
train/rottenbanana/vertical_flip_Screen Shot 2018-06-12 at 9.03.40 PM.png,rottenbanana,Screen Shot 2018-06-12 at 9.03.40 PM.png,Screen Shot 2018-06-12 at 9.03.40 PM.png_rottenbanana,2018-06-12 21:03:40,rottenbanana::block_5,4,4,rottenbanana,rottenbanana,0.9210614
train/rottenbanana/saltandpepper_Screen Shot 2018-06-12 at 9.13.39 PM.png,rottenbanana,Screen Shot 2018-06-12 at 9.13.39 PM.png,Screen Shot 2018-06-12 at 9.13.39 PM.png_rottenbanana,2018-06-12 21:13:39,rottenbanana::block_8,4,4,rottenbanana,rottenbanana,0.99443436
train/rottenbanana/rotated_by_30_Screen Shot 2018-06-12 at 9.14.28 PM.png,rottenbanana,Screen Shot 2018-06-12 at 9.14.28 PM.png,Screen Shot 2018-06-12 at 9.14.28 PM.png_rottenbanana,2018-06-12 21:14:28,rottenbanana::block_8,4,4,rottenbanana,rottenbanana,0.9880397
train/rottenbanana/rotated_by_75_Screen Shot 2018-06-12 at 9.13.28 PM.png,rottenbanana,Screen Shot 2018-06-12 at 9.13.28 PM.png,Screen Shot 2018-06-12 at 9.13.28 PM.png_rottenbanana,2018-06-12 21:13:28,rottenbanana::block_8,4,4,rottenbanana,rottenbanana,0.99292165
train/rottenbanana/saltandpepper_Screen Shot 2018-06-12 at 9.14.07 PM.png,rottenbanana,Screen Shot 2018-06-12 at 9.14.07 PM.png,Screen Shot 2018-06-12 at 9.14.07 PM.png_rottenbanana,2018-06-12 21:14:07,rottenbanana::block_8,4,4,rottenbanana,rottenbanana,0.99689615
train/rottenbanana/saltandpepper_Screen Shot 2018-06-12 at 9.13.04 PM.png,rottenbanana,Screen Shot 2018-06-12 at 9.13.04 PM.png,Screen Shot 2018-06-12 at 9.13.04 PM.png_rottenbanana,2018-06-12 21:13:04,rottenbanana::block_8,4,3,rottenbanana,rottenapples,0.48058638
train/rottenbanana/rotated_by_45_Screen Shot 2018-06-12 at 9.13.16 PM.png,rottenbanana,Screen Shot 2018-06-12 at 9.13.16 PM.png,Screen Shot 2018-06-12 at 9.13.16 PM.png_rottenbanana,2018-06-12 21:13:16,rottenbanana::block_8,4,5,rottenbanana,rottenoranges,0.658982
train/rottenbanana/vertical_flip_Screen Shot 2018-06-12 at 9.13.39 PM.png,rottenbanana,Screen Shot 2018-06-12 at 9.13.39 PM.png,Screen Shot 2018-06-12 at 9.13.39 PM.png_rottenbanana,2018-06-12 21:13:39,rottenbanana::block_8,4,4,rottenbanana,rottenbanana,0.98935145
train/rottenbanana/translation_Screen Shot 2018-06-12 at 9.12.45 PM.png,rottenbanana,Screen Shot 2018-06-12 at 9.12.45 PM.png,Screen Shot 2018-06-12 at 9.12.45 PM.png_rottenbanana,2018-06-12 21:12:45,rottenbanana::block_8,4,4,rottenbanana,rottenbanana,0.5773839
train/rottenbanana/rotated_by_30_Screen Shot 2018-06-12 at 9.14.22 PM.png,rottenbanana,Screen Shot 2018-06-12 at 9.14.22 PM.png,Screen Shot 2018-06-12 at 9.14.22 PM.png_rottenbanana,2018-06-12 21:14:22,rottenbanana::block_8,4,4,rottenbanana,rottenbanana,0.99787235
train/rottenbanana/Screen Shot 2018-06-12 at 9.03.25 PM.png,rottenbanana,Screen Shot 2018-06-12 at 9.03.25 PM.png,Screen Shot 2018-06-12 at 9.03.25 PM.png_rottenbanana,2018-06-12 21:03:25,rottenbanana::block_5,4,4,rottenbanana,rottenbanana,0.9674201
train/rottenbanana/saltandpepper_Screen Shot 2018-06-12 at 9.03.40 PM.png,rottenbanana,Screen Shot 2018-06-12 at 9.03.40 PM.png,Screen Shot 2018-06-12 at 9.03.40 PM.png_rottenbanana,2018-06-12 21:03:40,rottenbanana::block_5,4,4,rottenbanana,rottenbanana,0.9366401
train/rottenbanana/rotated_by_60_Screen Shot 2018-06-12 at 9.13.44 PM.png,rottenbanana,Screen Shot 2018-06-12 at 9.13.44 PM.png,Screen Shot 2018-06-12 at 9.13.44 PM.png_rottenbanana,2018-06-12 21:13:44,rottenbanana::block_8,4,4,rottenbanana,rottenbanana,0.9566495
train/rottenbanana/vertical_flip_Screen Shot 2018-06-12 at 9.03.25 PM.png,rottenbanana,Screen Shot 2018-06-12 at 9.03.25 PM.png,Screen Shot 2018-06-12 at 9.03.25 PM.png_rottenbanana,2018-06-12 21:03:25,rottenbanana::block_5,4,4,rottenbanana,rottenbanana,0.95525163
train/rottenbanana/vertical_flip_Screen Shot 2018-06-12 at 9.14.07 PM.png,rottenbanana,Screen Shot 2018-06-12 at 9.14.07 PM.png,Screen Shot 2018-06-12 at 9.14.07 PM.png_rottenbanana,2018-06-12 21:14:07,rottenbanana::block_8,4,4,rottenbanana,rottenbanana,0.9956339
train/rottenbanana/translation_Screen Shot 2018-06-12 at 9.14.28 PM.png,rottenbanana,Screen Shot 2018-06-12 at 9.14.28 PM.png,Screen Shot 2018-06-12 at 9.14.28 PM.png_rottenbanana,2018-06-12 21:14:28,rottenbanana::block_8,4,4,rottenbanana,rottenbanana,0.9773261
train/rottenbanana/rotated_by_15_Screen Shot 2018-06-12 at 9.12.17 PM.png,rottenbanana,Screen Shot 2018-06-12 at 9.12.17 PM.png,Screen Shot 2018-06-12 at 9.12.17 PM.png_rottenbanana,2018-06-12 21:12:17,rottenbanana::block_8,4,4,rottenbanana,rottenbanana,0.9858543
train/rottenbanana/rotated_by_15_Screen Shot 2018-06-12 at 9.13.04 PM.png,rottenbanana,Screen Shot 2018-06-12 at 9.13.04 PM.png,Screen Shot 2018-06-12 at 9.13.04 PM.png_rottenbanana,2018-06-12 21:13:04,rottenbanana::block_8,4,3,rottenbanana,rottenapples,0.51299554
train/rottenbanana/translation_Screen Shot 2018-06-12 at 9.14.07 PM.png,rottenbanana,Screen Shot 2018-06-12 at 9.14.07 PM.png,Screen Shot 2018-06-12 at 9.14.07 PM.png_rottenbanana,2018-06-12 21:14:07,rottenbanana::block_8,4,4,rottenbanana,rottenbanana,0.9927731
train/rottenbanana/rotated_by_45_Screen Shot 2018-06-12 at 9.14.43 PM.png,rottenbanana,Screen Shot 2018-06-12 at 9.14.43 PM.png,Screen Shot 2018-06-12 at 9.14.43 PM.png_rottenbanana,2018-06-12 21:14:43,rottenbanana::block_8,4,4,rottenbanana,rottenbanana,0.99836904
train/rottenbanana/rotated_by_60_Screen Shot 2018-06-12 at 9.14.07 PM.png,rottenbanana,Screen Shot 2018-06-12 at 9.14.07 PM.png,Screen Shot 2018-06-12 at 9.14.07 PM.png_rottenbanana,2018-06-12 21:14:07,rottenbanana::block_8,4,4,rottenbanana,rottenbanana,0.98478323
train/rottenbanana/rotated_by_45_Screen Shot 2018-06-12 at 9.12.45 PM.png,rottenbanana,Screen Shot 2018-06-12 at 9.12.45 PM.png,Screen Shot 2018-06-12 at 9.12.45 PM.png_rottenbanana,2018-06-12 21:12:45,rottenbanana::block_8,4,4,rottenbanana,rottenbanana,0.7735136
train/rottenbanana/saltandpepper_Screen Shot 2018-06-12 at 9.12.45 PM.png,rottenbanana,Screen Shot 2018-06-12 at 9.12.45 PM.png,Screen Shot 2018-06-12 at 9.12.45 PM.png_rottenbanana,2018-06-12 21:12:45,rottenbanana::block_8,4,4,rottenbanana,rottenbanana,0.79222435
train/rottenbanana/translation_Screen Shot 2018-06-12 at 9.03.21 PM.png,rottenbanana,Screen Shot 2018-06-12 at 9.03.21 PM.png,Screen Shot 2018-06-12 at 9.03.21 PM.png_rottenbanana,2018-06-12 21:03:21,rottenbanana::block_5,4,4,rottenbanana,rottenbanana,0.92608416
train/rottenbanana/rotated_by_30_Screen Shot 2018-06-12 at 9.13.39 PM.png,rottenbanana,Screen Shot 2018-06-12 at 9.13.39 PM.png,Screen Shot 2018-06-12 at 9.13.39 PM.png_rottenbanana,2018-06-12 21:13:39,rottenbanana::block_8,4,4,rottenbanana,rottenbanana,0.9920088
train/rottenbanana/saltandpepper_Screen Shot 2018-06-12 at 9.12.32 PM.png,rottenbanana,Screen Shot 2018-06-12 at 9.12.32 PM.png,Screen Shot 2018-06-12 at 9.12.32 PM.png_rottenbanana,2018-06-12 21:12:32,rottenbanana::block_8,4,4,rottenbanana,rottenbanana,0.6168786
train/rottenbanana/translation_Screen Shot 2018-06-12 at 9.13.04 PM.png,rottenbanana,Screen Shot 2018-06-12 at 9.13.04 PM.png,Screen Shot 2018-06-12 at 9.13.04 PM.png_rottenbanana,2018-06-12 21:13:04,rottenbanana::block_8,4,3,rottenbanana,rottenapples,0.4141109
train/rottenbanana/rotated_by_60_Screen Shot 2018-06-12 at 9.12.32 PM.png,rottenbanana,Screen Shot 2018-06-12 at 9.12.32 PM.png,Screen Shot 2018-06-12 at 9.12.32 PM.png_rottenbanana,2018-06-12 21:12:32,rottenbanana::block_8,4,4,rottenbanana,rottenbanana,0.8842096
train/rottenbanana/rotated_by_30_Screen Shot 2018-06-12 at 9.12.32 PM.png,rottenbanana,Screen Shot 2018-06-12 at 9.12.32 PM.png,Screen Shot 2018-06-12 at 9.12.32 PM.png_rottenbanana,2018-06-12 21:12:32,rottenbanana::block_8,4,4,rottenbanana,rottenbanana,0.7947638
train/rottenbanana/translation_Screen Shot 2018-06-12 at 9.14.22 PM.png,rottenbanana,Screen Shot 2018-06-12 at 9.14.22 PM.png,Screen Shot 2018-06-12 at 9.14.22 PM.png_rottenbanana,2018-06-12 21:14:22,rottenbanana::block_8,4,4,rottenbanana,rottenbanana,0.99704677
train/rottenbanana/rotated_by_15_Screen Shot 2018-06-12 at 9.14.28 PM.png,rottenbanana,Screen Shot 2018-06-12 at 9.14.28 PM.png,Screen Shot 2018-06-12 at 9.14.28 PM.png_rottenbanana,2018-06-12 21:14:28,rottenbanana::block_8,4,4,rottenbanana,rottenbanana,0.98548025
train/rottenbanana/rotated_by_30_Screen Shot 2018-06-12 at 9.12.37 PM.png,rottenbanana,Screen Shot 2018-06-12 at 9.12.37 PM.png,Screen Shot 2018-06-12 at 9.12.37 PM.png_rottenbanana,2018-06-12 21:12:37,rottenbanana::block_8,4,4,rottenbanana,rottenbanana,0.9009901
train/rottenbanana/vertical_flip_Screen Shot 2018-06-12 at 9.13.16 PM.png,rottenbanana,Screen Shot 2018-06-12 at 9.13.16 PM.png,Screen Shot 2018-06-12 at 9.13.16 PM.png_rottenbanana,2018-06-12 21:13:16,rottenbanana::block_8,4,5,rottenbanana,rottenoranges,0.5852335
train/rottenbanana/rotated_by_75_Screen Shot 2018-06-12 at 9.03.21 PM.png,rottenbanana,Screen Shot 2018-06-12 at 9.03.21 PM.png,Screen Shot 2018-06-12 at 9.03.21 PM.png_rottenbanana,2018-06-12 21:03:21,rottenbanana::block_5,4,4,rottenbanana,rottenbanana,0.92903364
train/rottenbanana/rotated_by_75_Screen Shot 2018-06-12 at 9.03.51 PM.png,rottenbanana,Screen Shot 2018-06-12 at 9.03.51 PM.png,Screen Shot 2018-06-12 at 9.03.51 PM.png_rottenbanana,2018-06-12 21:03:51,rottenbanana::block_5,4,4,rottenbanana,rottenbanana,0.93579805
train/rottenbanana/Screen Shot 2018-06-12 at 9.13.04 PM.png,rottenbanana,Screen Shot 2018-06-12 at 9.13.04 PM.png,Screen Shot 2018-06-12 at 9.13.04 PM.png_rottenbanana,2018-06-12 21:13:04,rottenbanana::block_8,4,3,rottenbanana,rottenapples,0.55955684
train/rottenbanana/Screen Shot 2018-06-12 at 9.13.28 PM.png,rottenbanana,Screen Shot 2018-06-12 at 9.13.28 PM.png,Screen Shot 2018-06-12 at 9.13.28 PM.png_rottenbanana,2018-06-12 21:13:28,rottenbanana::block_8,4,4,rottenbanana,rottenbanana,0.9937033
train/rottenbanana/Screen Shot 2018-06-12 at 9.14.28 PM.png,rottenbanana,Screen Shot 2018-06-12 at 9.14.28 PM.png,Screen Shot 2018-06-12 at 9.14.28 PM.png_rottenbanana,2018-06-12 21:14:28,rottenbanana::block_8,4,4,rottenbanana,rottenbanana,0.98136777
train/rottenbanana/Screen Shot 2018-06-12 at 9.03.51 PM.png,rottenbanana,Screen Shot 2018-06-12 at 9.03.51 PM.png,Screen Shot 2018-06-12 at 9.03.51 PM.png_rottenbanana,2018-06-12 21:03:51,rottenbanana::block_5,4,4,rottenbanana,rottenbanana,0.98645496
train/rottenbanana/Screen Shot 2018-06-12 at 9.12.37 PM.png,rottenbanana,Screen Shot 2018-06-12 at 9.12.37 PM.png,Screen Shot 2018-06-12 at 9.12.37 PM.png_rottenbanana,2018-06-12 21:12:37,rottenbanana::block_8,4,4,rottenbanana,rottenbanana,0.87925446
train/rottenbanana/Screen Shot 2018-06-12 at 9.13.39 PM.png,rottenbanana,Screen Shot 2018-06-12 at 9.13.39 PM.png,Screen Shot 2018-06-12 at 9.13.39 PM.png_rottenbanana,2018-06-12 21:13:39,rottenbanana::block_8,4,4,rottenbanana,rottenbanana,0.9923041
train/rottenbanana/rotated_by_45_Screen Shot 2018-06-12 at 9.14.22 PM.png,rottenbanana,Screen Shot 2018-06-12 at 9.14.22 PM.png,Screen Shot 2018-06-12 at 9.14.22 PM.png_rottenbanana,2018-06-12 21:14:22,rottenbanana::block_8,4,4,rottenbanana,rottenbanana,0.9978871
train/rottenbanana/rotated_by_15_Screen Shot 2018-06-12 at 9.14.07 PM.png,rottenbanana,Screen Shot 2018-06-12 at 9.14.07 PM.png,Screen Shot 2018-06-12 at 9.14.07 PM.png_rottenbanana,2018-06-12 21:14:07,rottenbanana::block_8,4,4,rottenbanana,rottenbanana,0.99692506
train/rottenbanana/rotated_by_60_Screen Shot 2018-06-12 at 9.12.57 PM.png,rottenbanana,Screen Shot 2018-06-12 at 9.12.57 PM.png,Screen Shot 2018-06-12 at 9.12.57 PM.png_rottenbanana,2018-06-12 21:12:57,rottenbanana::block_8,4,4,rottenbanana,rottenbanana,0.9502957
train/rottenbanana/rotated_by_60_Screen Shot 2018-06-12 at 9.03.40 PM.png,rottenbanana,Screen Shot 2018-06-12 at 9.03.40 PM.png,Screen Shot 2018-06-12 at 9.03.40 PM.png_rottenbanana,2018-06-12 21:03:40,rottenbanana::block_5,4,4,rottenbanana,rottenbanana,0.8498604
train/rottenbanana/rotated_by_30_Screen Shot 2018-06-12 at 9.13.04 PM.png,rottenbanana,Screen Shot 2018-06-12 at 9.13.04 PM.png,Screen Shot 2018-06-12 at 9.13.04 PM.png_rottenbanana,2018-06-12 21:13:04,rottenbanana::block_8,4,3,rottenbanana,rottenapples,0.4749388
train/rottenbanana/rotated_by_45_Screen Shot 2018-06-12 at 9.13.34 PM.png,rottenbanana,Screen Shot 2018-06-12 at 9.13.34 PM.png,Screen Shot 2018-06-12 at 9.13.34 PM.png_rottenbanana,2018-06-12 21:13:34,rottenbanana::block_8,4,4,rottenbanana,rottenbanana,0.9905488
train/rottenbanana/translation_Screen Shot 2018-06-12 at 9.13.34 PM.png,rottenbanana,Screen Shot 2018-06-12 at 9.13.34 PM.png,Screen Shot 2018-06-12 at 9.13.34 PM.png_rottenbanana,2018-06-12 21:13:34,rottenbanana::block_8,4,4,rottenbanana,rottenbanana,0.9832192
train/rottenbanana/rotated_by_60_Screen Shot 2018-06-12 at 9.13.04 PM.png,rottenbanana,Screen Shot 2018-06-12 at 9.13.04 PM.png,Screen Shot 2018-06-12 at 9.13.04 PM.png_rottenbanana,2018-06-12 21:13:04,rottenbanana::block_8,4,3,rottenbanana,rottenapples,0.4879391
train/rottenbanana/rotated_by_45_Screen Shot 2018-06-12 at 9.12.37 PM.png,rottenbanana,Screen Shot 2018-06-12 at 9.12.37 PM.png,Screen Shot 2018-06-12 at 9.12.37 PM.png_rottenbanana,2018-06-12 21:12:37,rottenbanana::block_8,4,4,rottenbanana,rottenbanana,0.922493
train/rottenbanana/translation_Screen Shot 2018-06-12 at 9.12.32 PM.png,rottenbanana,Screen Shot 2018-06-12 at 9.12.32 PM.png,Screen Shot 2018-06-12 at 9.12.32 PM.png_rottenbanana,2018-06-12 21:12:32,rottenbanana::block_8,4,4,rottenbanana,rottenbanana,0.5542486
train/rottenbanana/Screen Shot 2018-06-12 at 9.12.17 PM.png,rottenbanana,Screen Shot 2018-06-12 at 9.12.17 PM.png,Screen Shot 2018-06-12 at 9.12.17 PM.png_rottenbanana,2018-06-12 21:12:17,rottenbanana::block_8,4,4,rottenbanana,rottenbanana,0.98620516
train/rottenbanana/vertical_flip_Screen Shot 2018-06-12 at 9.13.54 PM.png,rottenbanana,Screen Shot 2018-06-12 at 9.13.54 PM.png,Screen Shot 2018-06-12 at 9.13.54 PM.png_rottenbanana,2018-06-12 21:13:54,rottenbanana::block_8,4,4,rottenbanana,rottenbanana,0.7347395
train/rottenbanana/vertical_flip_Screen Shot 2018-06-12 at 9.12.37 PM.png,rottenbanana,Screen Shot 2018-06-12 at 9.12.37 PM.png,Screen Shot 2018-06-12 at 9.12.37 PM.png_rottenbanana,2018-06-12 21:12:37,rottenbanana::block_8,4,4,rottenbanana,rottenbanana,0.8891023
train/rottenbanana/rotated_by_15_Screen Shot 2018-06-12 at 9.03.21 PM.png,rottenbanana,Screen Shot 2018-06-12 at 9.03.21 PM.png,Screen Shot 2018-06-12 at 9.03.21 PM.png_rottenbanana,2018-06-12 21:03:21,rottenbanana::block_5,4,4,rottenbanana,rottenbanana,0.94603974
train/rottenbanana/rotated_by_30_Screen Shot 2018-06-12 at 9.14.07 PM.png,rottenbanana,Screen Shot 2018-06-12 at 9.14.07 PM.png,Screen Shot 2018-06-12 at 9.14.07 PM.png_rottenbanana,2018-06-12 21:14:07,rottenbanana::block_8,4,4,rottenbanana,rottenbanana,0.99665135
train/rottenbanana/rotated_by_30_Screen Shot 2018-06-12 at 9.03.40 PM.png,rottenbanana,Screen Shot 2018-06-12 at 9.03.40 PM.png,Screen Shot 2018-06-12 at 9.03.40 PM.png_rottenbanana,2018-06-12 21:03:40,rottenbanana::block_5,4,4,rottenbanana,rottenbanana,0.9157322
train/rottenbanana/rotated_by_75_Screen Shot 2018-06-12 at 9.13.16 PM.png,rottenbanana,Screen Shot 2018-06-12 at 9.13.16 PM.png,Screen Shot 2018-06-12 at 9.13.16 PM.png_rottenbanana,2018-06-12 21:13:16,rottenbanana::block_8,4,5,rottenbanana,rottenoranges,0.7193337
train/rottenbanana/rotated_by_15_Screen Shot 2018-06-12 at 9.13.44 PM.png,rottenbanana,Screen Shot 2018-06-12 at 9.13.44 PM.png,Screen Shot 2018-06-12 at 9.13.44 PM.png_rottenbanana,2018-06-12 21:13:44,rottenbanana::block_8,4,4,rottenbanana,rottenbanana,0.954347
train/rottenbanana/rotated_by_30_Screen Shot 2018-06-12 at 9.03.30 PM.png,rottenbanana,Screen Shot 2018-06-12 at 9.03.30 PM.png,Screen Shot 2018-06-12 at 9.03.30 PM.png_rottenbanana,2018-06-12 21:03:30,rottenbanana::block_5,4,4,rottenbanana,rottenbanana,0.99270093
train/rottenbanana/rotated_by_30_Screen Shot 2018-06-12 at 9.13.28 PM.png,rottenbanana,Screen Shot 2018-06-12 at 9.13.28 PM.png,Screen Shot 2018-06-12 at 9.13.28 PM.png_rottenbanana,2018-06-12 21:13:28,rottenbanana::block_8,4,4,rottenbanana,rottenbanana,0.99436694
train/rottenbanana/vertical_flip_Screen Shot 2018-06-12 at 9.03.30 PM.png,rottenbanana,Screen Shot 2018-06-12 at 9.03.30 PM.png,Screen Shot 2018-06-12 at 9.03.30 PM.png_rottenbanana,2018-06-12 21:03:30,rottenbanana::block_5,4,4,rottenbanana,rottenbanana,0.98913145
train/rottenbanana/translation_Screen Shot 2018-06-12 at 9.12.57 PM.png,rottenbanana,Screen Shot 2018-06-12 at 9.12.57 PM.png,Screen Shot 2018-06-12 at 9.12.57 PM.png_rottenbanana,2018-06-12 21:12:57,rottenbanana::block_8,4,4,rottenbanana,rottenbanana,0.9509208
train/rottenbanana/rotated_by_30_Screen Shot 2018-06-12 at 9.13.44 PM.png,rottenbanana,Screen Shot 2018-06-12 at 9.13.44 PM.png,Screen Shot 2018-06-12 at 9.13.44 PM.png_rottenbanana,2018-06-12 21:13:44,rottenbanana::block_8,4,4,rottenbanana,rottenbanana,0.95753306
train/rottenbanana/rotated_by_60_Screen Shot 2018-06-12 at 9.13.39 PM.png,rottenbanana,Screen Shot 2018-06-12 at 9.13.39 PM.png,Screen Shot 2018-06-12 at 9.13.39 PM.png_rottenbanana,2018-06-12 21:13:39,rottenbanana::block_8,4,4,rottenbanana,rottenbanana,0.9908061
train/rottenbanana/Screen Shot 2018-06-12 at 9.03.21 PM.png,rottenbanana,Screen Shot 2018-06-12 at 9.03.21 PM.png,Screen Shot 2018-06-12 at 9.03.21 PM.png_rottenbanana,2018-06-12 21:03:21,rottenbanana::block_5,4,4,rottenbanana,rottenbanana,0.9476666
train/rottenbanana/saltandpepper_Screen Shot 2018-06-12 at 9.13.28 PM.png,rottenbanana,Screen Shot 2018-06-12 at 9.13.28 PM.png,Screen Shot 2018-06-12 at 9.13.28 PM.png_rottenbanana,2018-06-12 21:13:28,rottenbanana::block_8,4,4,rottenbanana,rottenbanana,0.9961409
train/rottenbanana/rotated_by_45_Screen Shot 2018-06-12 at 9.12.17 PM.png,rottenbanana,Screen Shot 2018-06-12 at 9.12.17 PM.png,Screen Shot 2018-06-12 at 9.12.17 PM.png_rottenbanana,2018-06-12 21:12:17,rottenbanana::block_8,4,4,rottenbanana,rottenbanana,0.9889802
train/rottenbanana/rotated_by_15_Screen Shot 2018-06-12 at 9.13.54 PM.png,rottenbanana,Screen Shot 2018-06-12 at 9.13.54 PM.png,Screen Shot 2018-06-12 at 9.13.54 PM.png_rottenbanana,2018-06-12 21:13:54,rottenbanana::block_8,4,4,rottenbanana,rottenbanana,0.7227045
train/rottenbanana/saltandpepper_Screen Shot 2018-06-12 at 9.13.34 PM.png,rottenbanana,Screen Shot 2018-06-12 at 9.13.34 PM.png,Screen Shot 2018-06-12 at 9.13.34 PM.png_rottenbanana,2018-06-12 21:13:34,rottenbanana::block_8,4,4,rottenbanana,rottenbanana,0.99409014
train/rottenbanana/rotated_by_60_Screen Shot 2018-06-12 at 9.12.37 PM.png,rottenbanana,Screen Shot 2018-06-12 at 9.12.37 PM.png,Screen Shot 2018-06-12 at 9.12.37 PM.png_rottenbanana,2018-06-12 21:12:37,rottenbanana::block_8,4,4,rottenbanana,rottenbanana,0.93300354
train/rottenbanana/vertical_flip_Screen Shot 2018-06-12 at 9.12.11 PM.png,rottenbanana,Screen Shot 2018-06-12 at 9.12.11 PM.png,Screen Shot 2018-06-12 at 9.12.11 PM.png_rottenbanana,2018-06-12 21:12:11,rottenbanana::block_8,4,4,rottenbanana,rottenbanana,0.99095416
train/rottenbanana/rotated_by_30_Screen Shot 2018-06-12 at 9.14.43 PM.png,rottenbanana,Screen Shot 2018-06-12 at 9.14.43 PM.png,Screen Shot 2018-06-12 at 9.14.43 PM.png_rottenbanana,2018-06-12 21:14:43,rottenbanana::block_8,4,4,rottenbanana,rottenbanana,0.99733585
train/rottenbanana/rotated_by_60_Screen Shot 2018-06-12 at 9.14.22 PM.png,rottenbanana,Screen Shot 2018-06-12 at 9.14.22 PM.png,Screen Shot 2018-06-12 at 9.14.22 PM.png_rottenbanana,2018-06-12 21:14:22,rottenbanana::block_8,4,4,rottenbanana,rottenbanana,0.99602175
train/rottenbanana/rotated_by_30_Screen Shot 2018-06-12 at 9.03.21 PM.png,rottenbanana,Screen Shot 2018-06-12 at 9.03.21 PM.png,Screen Shot 2018-06-12 at 9.03.21 PM.png_rottenbanana,2018-06-12 21:03:21,rottenbanana::block_5,4,4,rottenbanana,rottenbanana,0.94618124
train/rottenbanana/vertical_flip_Screen Shot 2018-06-12 at 9.13.28 PM.png,rottenbanana,Screen Shot 2018-06-12 at 9.13.28 PM.png,Screen Shot 2018-06-12 at 9.13.28 PM.png_rottenbanana,2018-06-12 21:13:28,rottenbanana::block_8,4,4,rottenbanana,rottenbanana,0.99205995
train/rottenbanana/rotated_by_60_Screen Shot 2018-06-12 at 9.03.25 PM.png,rottenbanana,Screen Shot 2018-06-12 at 9.03.25 PM.png,Screen Shot 2018-06-12 at 9.03.25 PM.png_rottenbanana,2018-06-12 21:03:25,rottenbanana::block_5,4,4,rottenbanana,rottenbanana,0.96985346
train/rottenbanana/rotated_by_60_Screen Shot 2018-06-12 at 9.03.21 PM.png,rottenbanana,Screen Shot 2018-06-12 at 9.03.21 PM.png,Screen Shot 2018-06-12 at 9.03.21 PM.png_rottenbanana,2018-06-12 21:03:21,rottenbanana::block_5,4,4,rottenbanana,rottenbanana,0.9281802
train/rottenbanana/rotated_by_75_Screen Shot 2018-06-12 at 9.12.45 PM.png,rottenbanana,Screen Shot 2018-06-12 at 9.12.45 PM.png,Screen Shot 2018-06-12 at 9.12.45 PM.png_rottenbanana,2018-06-12 21:12:45,rottenbanana::block_8,4,4,rottenbanana,rottenbanana,0.7799889
train/rottenbanana/vertical_flip_Screen Shot 2018-06-12 at 9.13.34 PM.png,rottenbanana,Screen Shot 2018-06-12 at 9.13.34 PM.png,Screen Shot 2018-06-12 at 9.13.34 PM.png_rottenbanana,2018-06-12 21:13:34,rottenbanana::block_8,4,4,rottenbanana,rottenbanana,0.9938677
train/rottenbanana/rotated_by_15_Screen Shot 2018-06-12 at 9.13.34 PM.png,rottenbanana,Screen Shot 2018-06-12 at 9.13.34 PM.png,Screen Shot 2018-06-12 at 9.13.34 PM.png_rottenbanana,2018-06-12 21:13:34,rottenbanana::block_8,4,4,rottenbanana,rottenbanana,0.99227566
train/rottenbanana/translation_Screen Shot 2018-06-12 at 9.12.37 PM.png,rottenbanana,Screen Shot 2018-06-12 at 9.12.37 PM.png,Screen Shot 2018-06-12 at 9.12.37 PM.png_rottenbanana,2018-06-12 21:12:37,rottenbanana::block_8,4,4,rottenbanana,rottenbanana,0.8072433
train/rottenbanana/rotated_by_15_Screen Shot 2018-06-12 at 9.12.37 PM.png,rottenbanana,Screen Shot 2018-06-12 at 9.12.37 PM.png,Screen Shot 2018-06-12 at 9.12.37 PM.png_rottenbanana,2018-06-12 21:12:37,rottenbanana::block_8,4,4,rottenbanana,rottenbanana,0.88022995
train/rottenbanana/saltandpepper_Screen Shot 2018-06-12 at 9.13.16 PM.png,rottenbanana,Screen Shot 2018-06-12 at 9.13.16 PM.png,Screen Shot 2018-06-12 at 9.13.16 PM.png_rottenbanana,2018-06-12 21:13:16,rottenbanana::block_8,4,5,rottenbanana,rottenoranges,0.6068095
train/rottenbanana/saltandpepper_Screen Shot 2018-06-12 at 9.13.44 PM.png,rottenbanana,Screen Shot 2018-06-12 at 9.13.44 PM.png,Screen Shot 2018-06-12 at 9.13.44 PM.png_rottenbanana,2018-06-12 21:13:44,rottenbanana::block_8,4,4,rottenbanana,rottenbanana,0.9616365
train/rottenbanana/rotated_by_15_Screen Shot 2018-06-12 at 9.12.11 PM.png,rottenbanana,Screen Shot 2018-06-12 at 9.12.11 PM.png,Screen Shot 2018-06-12 at 9.12.11 PM.png_rottenbanana,2018-06-12 21:12:11,rottenbanana::block_8,4,4,rottenbanana,rottenbanana,0.99069726
train/rottenbanana/rotated_by_60_Screen Shot 2018-06-12 at 9.03.51 PM.png,rottenbanana,Screen Shot 2018-06-12 at 9.03.51 PM.png,Screen Shot 2018-06-12 at 9.03.51 PM.png_rottenbanana,2018-06-12 21:03:51,rottenbanana::block_5,4,4,rottenbanana,rottenbanana,0.9578361
train/rottenbanana/Screen Shot 2018-06-12 at 9.13.54 PM.png,rottenbanana,Screen Shot 2018-06-12 at 9.13.54 PM.png,Screen Shot 2018-06-12 at 9.13.54 PM.png_rottenbanana,2018-06-12 21:13:54,rottenbanana::block_8,4,4,rottenbanana,rottenbanana,0.7357412
train/rottenbanana/rotated_by_15_Screen Shot 2018-06-12 at 9.03.40 PM.png,rottenbanana,Screen Shot 2018-06-12 at 9.03.40 PM.png,Screen Shot 2018-06-12 at 9.03.40 PM.png_rottenbanana,2018-06-12 21:03:40,rottenbanana::block_5,4,4,rottenbanana,rottenbanana,0.9251571
train/rottenbanana/rotated_by_60_Screen Shot 2018-06-12 at 9.12.17 PM.png,rottenbanana,Screen Shot 2018-06-12 at 9.12.17 PM.png,Screen Shot 2018-06-12 at 9.12.17 PM.png_rottenbanana,2018-06-12 21:12:17,rottenbanana::block_8,4,4,rottenbanana,rottenbanana,0.9903708
train/rottenbanana/translation_Screen Shot 2018-06-12 at 9.13.44 PM.png,rottenbanana,Screen Shot 2018-06-12 at 9.13.44 PM.png,Screen Shot 2018-06-12 at 9.13.44 PM.png_rottenbanana,2018-06-12 21:13:44,rottenbanana::block_8,4,4,rottenbanana,rottenbanana,0.905852
train/rottenbanana/rotated_by_15_Screen Shot 2018-06-12 at 9.03.25 PM.png,rottenbanana,Screen Shot 2018-06-12 at 9.03.25 PM.png,Screen Shot 2018-06-12 at 9.03.25 PM.png_rottenbanana,2018-06-12 21:03:25,rottenbanana::block_5,4,4,rottenbanana,rottenbanana,0.9702602
train/rottenbanana/rotated_by_60_Screen Shot 2018-06-12 at 9.12.11 PM.png,rottenbanana,Screen Shot 2018-06-12 at 9.12.11 PM.png,Screen Shot 2018-06-12 at 9.12.11 PM.png_rottenbanana,2018-06-12 21:12:11,rottenbanana::block_8,4,4,rottenbanana,rottenbanana,0.99408495
train/rottenbanana/translation_Screen Shot 2018-06-12 at 9.03.51 PM.png,rottenbanana,Screen Shot 2018-06-12 at 9.03.51 PM.png,Screen Shot 2018-06-12 at 9.03.51 PM.png_rottenbanana,2018-06-12 21:03:51,rottenbanana::block_5,4,4,rottenbanana,rottenbanana,0.98391753
train/rottenbanana/Screen Shot 2018-06-12 at 9.12.32 PM.png,rottenbanana,Screen Shot 2018-06-12 at 9.12.32 PM.png,Screen Shot 2018-06-12 at 9.12.32 PM.png_rottenbanana,2018-06-12 21:12:32,rottenbanana::block_8,4,3,rottenbanana,rottenapples,0.5845985
train/rottenbanana/vertical_flip_Screen Shot 2018-06-12 at 9.03.21 PM.png,rottenbanana,Screen Shot 2018-06-12 at 9.03.21 PM.png,Screen Shot 2018-06-12 at 9.03.21 PM.png_rottenbanana,2018-06-12 21:03:21,rottenbanana::block_5,4,4,rottenbanana,rottenbanana,0.91834533
train/rottenbanana/translation_Screen Shot 2018-06-12 at 9.03.30 PM.png,rottenbanana,Screen Shot 2018-06-12 at 9.03.30 PM.png,Screen Shot 2018-06-12 at 9.03.30 PM.png_rottenbanana,2018-06-12 21:03:30,rottenbanana::block_5,4,4,rottenbanana,rottenbanana,0.9849856
train/rottenbanana/vertical_flip_Screen Shot 2018-06-12 at 9.13.44 PM.png,rottenbanana,Screen Shot 2018-06-12 at 9.13.44 PM.png,Screen Shot 2018-06-12 at 9.13.44 PM.png_rottenbanana,2018-06-12 21:13:44,rottenbanana::block_8,4,4,rottenbanana,rottenbanana,0.9347771
train/rottenbanana/saltandpepper_Screen Shot 2018-06-12 at 9.12.17 PM.png,rottenbanana,Screen Shot 2018-06-12 at 9.12.17 PM.png,Screen Shot 2018-06-12 at 9.12.17 PM.png_rottenbanana,2018-06-12 21:12:17,rottenbanana::block_8,4,4,rottenbanana,rottenbanana,0.9902046
train/rottenbanana/rotated_by_15_Screen Shot 2018-06-12 at 9.13.16 PM.png,rottenbanana,Screen Shot 2018-06-12 at 9.13.16 PM.png,Screen Shot 2018-06-12 at 9.13.16 PM.png_rottenbanana,2018-06-12 21:13:16,rottenbanana::block_8,4,5,rottenbanana,rottenoranges,0.59409356
train/rottenbanana/rotated_by_30_Screen Shot 2018-06-12 at 9.12.11 PM.png,rottenbanana,Screen Shot 2018-06-12 at 9.12.11 PM.png,Screen Shot 2018-06-12 at 9.12.11 PM.png_rottenbanana,2018-06-12 21:12:11,rottenbanana::block_8,4,4,rottenbanana,rottenbanana,0.9925978
train/rottenbanana/rotated_by_60_Screen Shot 2018-06-12 at 9.13.28 PM.png,rottenbanana,Screen Shot 2018-06-12 at 9.13.28 PM.png,Screen Shot 2018-06-12 at 9.13.28 PM.png_rottenbanana,2018-06-12 21:13:28,rottenbanana::block_8,4,4,rottenbanana,rottenbanana,0.99367374
train/rottenbanana/Screen Shot 2018-06-12 at 9.03.30 PM.png,rottenbanana,Screen Shot 2018-06-12 at 9.03.30 PM.png,Screen Shot 2018-06-12 at 9.03.30 PM.png_rottenbanana,2018-06-12 21:03:30,rottenbanana::block_5,4,4,rottenbanana,rottenbanana,0.99021053
train/rottenbanana/saltandpepper_Screen Shot 2018-06-12 at 9.12.37 PM.png,rottenbanana,Screen Shot 2018-06-12 at 9.12.37 PM.png,Screen Shot 2018-06-12 at 9.12.37 PM.png_rottenbanana,2018-06-12 21:12:37,rottenbanana::block_8,4,4,rottenbanana,rottenbanana,0.92723894
train/rottenbanana/translation_Screen Shot 2018-06-12 at 9.13.16 PM.png,rottenbanana,Screen Shot 2018-06-12 at 9.13.16 PM.png,Screen Shot 2018-06-12 at 9.13.16 PM.png_rottenbanana,2018-06-12 21:13:16,rottenbanana::block_8,4,5,rottenbanana,rottenoranges,0.57422197
train/rottenbanana/saltandpepper_Screen Shot 2018-06-12 at 9.03.51 PM.png,rottenbanana,Screen Shot 2018-06-12 at 9.03.51 PM.png,Screen Shot 2018-06-12 at 9.03.51 PM.png_rottenbanana,2018-06-12 21:03:51,rottenbanana::block_5,4,4,rottenbanana,rottenbanana,0.98867863
train/rottenbanana/rotated_by_75_Screen Shot 2018-06-12 at 9.13.44 PM.png,rottenbanana,Screen Shot 2018-06-12 at 9.13.44 PM.png,Screen Shot 2018-06-12 at 9.13.44 PM.png_rottenbanana,2018-06-12 21:13:44,rottenbanana::block_8,4,4,rottenbanana,rottenbanana,0.9516636
train/rottenbanana/rotated_by_45_Screen Shot 2018-06-12 at 9.12.32 PM.png,rottenbanana,Screen Shot 2018-06-12 at 9.12.32 PM.png,Screen Shot 2018-06-12 at 9.12.32 PM.png_rottenbanana,2018-06-12 21:12:32,rottenbanana::block_8,4,4,rottenbanana,rottenbanana,0.8697543
train/rottenbanana/vertical_flip_Screen Shot 2018-06-12 at 9.13.04 PM.png,rottenbanana,Screen Shot 2018-06-12 at 9.13.04 PM.png,Screen Shot 2018-06-12 at 9.13.04 PM.png_rottenbanana,2018-06-12 21:13:04,rottenbanana::block_8,4,3,rottenbanana,rottenapples,0.5648852
train/rottenbanana/rotated_by_15_Screen Shot 2018-06-12 at 9.14.43 PM.png,rottenbanana,Screen Shot 2018-06-12 at 9.14.43 PM.png,Screen Shot 2018-06-12 at 9.14.43 PM.png_rottenbanana,2018-06-12 21:14:43,rottenbanana::block_8,4,4,rottenbanana,rottenbanana,0.9954985
train/rottenbanana/Screen Shot 2018-06-12 at 9.12.11 PM.png,rottenbanana,Screen Shot 2018-06-12 at 9.12.11 PM.png,Screen Shot 2018-06-12 at 9.12.11 PM.png_rottenbanana,2018-06-12 21:12:11,rottenbanana::block_8,4,4,rottenbanana,rottenbanana,0.98958105
train/rottenbanana/rotated_by_45_Screen Shot 2018-06-12 at 9.13.28 PM.png,rottenbanana,Screen Shot 2018-06-12 at 9.13.28 PM.png,Screen Shot 2018-06-12 at 9.13.28 PM.png_rottenbanana,2018-06-12 21:13:28,rottenbanana::block_8,4,4,rottenbanana,rottenbanana,0.9935899
train/rottenbanana/rotated_by_75_Screen Shot 2018-06-12 at 9.14.07 PM.png,rottenbanana,Screen Shot 2018-06-12 at 9.14.07 PM.png,Screen Shot 2018-06-12 at 9.14.07 PM.png_rottenbanana,2018-06-12 21:14:07,rottenbanana::block_8,4,4,rottenbanana,rottenbanana,0.9573229
train/rottenbanana/rotated_by_60_Screen Shot 2018-06-12 at 9.13.54 PM.png,rottenbanana,Screen Shot 2018-06-12 at 9.13.54 PM.png,Screen Shot 2018-06-12 at 9.13.54 PM.png_rottenbanana,2018-06-12 21:13:54,rottenbanana::block_8,4,4,rottenbanana,rottenbanana,0.6404741
train/rottenbanana/rotated_by_45_Screen Shot 2018-06-12 at 9.13.04 PM.png,rottenbanana,Screen Shot 2018-06-12 at 9.13.04 PM.png,Screen Shot 2018-06-12 at 9.13.04 PM.png_rottenbanana,2018-06-12 21:13:04,rottenbanana::block_8,4,3,rottenbanana,rottenapples,0.46951318
train/rottenbanana/rotated_by_75_Screen Shot 2018-06-12 at 9.12.17 PM.png,rottenbanana,Screen Shot 2018-06-12 at 9.12.17 PM.png,Screen Shot 2018-06-12 at 9.12.17 PM.png_rottenbanana,2018-06-12 21:12:17,rottenbanana::block_8,4,4,rottenbanana,rottenbanana,0.9867654
train/rottenbanana/vertical_flip_Screen Shot 2018-06-12 at 9.03.51 PM.png,rottenbanana,Screen Shot 2018-06-12 at 9.03.51 PM.png,Screen Shot 2018-06-12 at 9.03.51 PM.png_rottenbanana,2018-06-12 21:03:51,rottenbanana::block_5,4,4,rottenbanana,rottenbanana,0.9867982
train/rottenbanana/rotated_by_45_Screen Shot 2018-06-12 at 9.14.07 PM.png,rottenbanana,Screen Shot 2018-06-12 at 9.14.07 PM.png,Screen Shot 2018-06-12 at 9.14.07 PM.png_rottenbanana,2018-06-12 21:14:07,rottenbanana::block_8,4,4,rottenbanana,rottenbanana,0.99354774
train/rottenbanana/saltandpepper_Screen Shot 2018-06-12 at 9.03.25 PM.png,rottenbanana,Screen Shot 2018-06-12 at 9.03.25 PM.png,Screen Shot 2018-06-12 at 9.03.25 PM.png_rottenbanana,2018-06-12 21:03:25,rottenbanana::block_5,4,4,rottenbanana,rottenbanana,0.9759795
train/rottenbanana/vertical_flip_Screen Shot 2018-06-12 at 9.14.43 PM.png,rottenbanana,Screen Shot 2018-06-12 at 9.14.43 PM.png,Screen Shot 2018-06-12 at 9.14.43 PM.png_rottenbanana,2018-06-12 21:14:43,rottenbanana::block_8,4,4,rottenbanana,rottenbanana,0.998131
train/rottenbanana/rotated_by_30_Screen Shot 2018-06-12 at 9.03.51 PM.png,rottenbanana,Screen Shot 2018-06-12 at 9.03.51 PM.png,Screen Shot 2018-06-12 at 9.03.51 PM.png_rottenbanana,2018-06-12 21:03:51,rottenbanana::block_5,4,4,rottenbanana,rottenbanana,0.98399276
train/rottenbanana/Screen Shot 2018-06-12 at 9.03.40 PM.png,rottenbanana,Screen Shot 2018-06-12 at 9.03.40 PM.png,Screen Shot 2018-06-12 at 9.03.40 PM.png_rottenbanana,2018-06-12 21:03:40,rottenbanana::block_5,4,4,rottenbanana,rottenbanana,0.92853355
train/rottenbanana/rotated_by_45_Screen Shot 2018-06-12 at 9.12.57 PM.png,rottenbanana,Screen Shot 2018-06-12 at 9.12.57 PM.png,Screen Shot 2018-06-12 at 9.12.57 PM.png_rottenbanana,2018-06-12 21:12:57,rottenbanana::block_8,4,4,rottenbanana,rottenbanana,0.94585025
train/rottenbanana/rotated_by_75_Screen Shot 2018-06-12 at 9.03.30 PM.png,rottenbanana,Screen Shot 2018-06-12 at 9.03.30 PM.png,Screen Shot 2018-06-12 at 9.03.30 PM.png_rottenbanana,2018-06-12 21:03:30,rottenbanana::block_5,4,4,rottenbanana,rottenbanana,0.9691741
train/rottenbanana/translation_Screen Shot 2018-06-12 at 9.03.25 PM.png,rottenbanana,Screen Shot 2018-06-12 at 9.03.25 PM.png,Screen Shot 2018-06-12 at 9.03.25 PM.png_rottenbanana,2018-06-12 21:03:25,rottenbanana::block_5,4,4,rottenbanana,rottenbanana,0.955234
train/rottenbanana/rotated_by_45_Screen Shot 2018-06-12 at 9.03.30 PM.png,rottenbanana,Screen Shot 2018-06-12 at 9.03.30 PM.png,Screen Shot 2018-06-12 at 9.03.30 PM.png_rottenbanana,2018-06-12 21:03:30,rottenbanana::block_5,4,4,rottenbanana,rottenbanana,0.9908269
train/rottenbanana/rotated_by_75_Screen Shot 2018-06-12 at 9.12.37 PM.png,rottenbanana,Screen Shot 2018-06-12 at 9.12.37 PM.png,Screen Shot 2018-06-12 at 9.12.37 PM.png_rottenbanana,2018-06-12 21:12:37,rottenbanana::block_8,4,4,rottenbanana,rottenbanana,0.922762
train/rottenbanana/vertical_flip_Screen Shot 2018-06-12 at 9.12.17 PM.png,rottenbanana,Screen Shot 2018-06-12 at 9.12.17 PM.png,Screen Shot 2018-06-12 at 9.12.17 PM.png_rottenbanana,2018-06-12 21:12:17,rottenbanana::block_8,4,4,rottenbanana,rottenbanana,0.9812071
train/rottenbanana/rotated_by_75_Screen Shot 2018-06-12 at 9.13.04 PM.png,rottenbanana,Screen Shot 2018-06-12 at 9.13.04 PM.png,Screen Shot 2018-06-12 at 9.13.04 PM.png_rottenbanana,2018-06-12 21:13:04,rottenbanana::block_8,4,3,rottenbanana,rottenapples,0.5267616
train/rottenoranges/rotated_by_30_Screen Shot 2018-06-12 at 11.27.55 PM.png,rottenoranges,Screen Shot 2018-06-12 at 11.27.55 PM.png,Screen Shot 2018-06-12 at 11.27.55 PM.png_rottenoranges,2018-06-12 23:27:55,rottenoranges::block_3,5,3,rottenoranges,rottenapples,0.93842065
train/rottenoranges/rotated_by_75_Screen Shot 2018-06-12 at 11.29.36 PM.png,rottenoranges,Screen Shot 2018-06-12 at 11.29.36 PM.png,Screen Shot 2018-06-12 at 11.29.36 PM.png_rottenoranges,2018-06-12 23:29:36,rottenoranges::block_3,5,3,rottenoranges,rottenapples,0.5532636
train/rottenoranges/vertical_flip_Screen Shot 2018-06-12 at 11.29.36 PM.png,rottenoranges,Screen Shot 2018-06-12 at 11.29.36 PM.png,Screen Shot 2018-06-12 at 11.29.36 PM.png_rottenoranges,2018-06-12 23:29:36,rottenoranges::block_3,5,3,rottenoranges,rottenapples,0.6135046
train/rottenoranges/rotated_by_60_Screen Shot 2018-06-12 at 11.29.51 PM.png,rottenoranges,Screen Shot 2018-06-12 at 11.29.51 PM.png,Screen Shot 2018-06-12 at 11.29.51 PM.png_rottenoranges,2018-06-12 23:29:51,rottenoranges::block_3,5,5,rottenoranges,rottenoranges,0.6664318
train/rottenoranges/translation_Screen Shot 2018-06-12 at 11.29.10 PM.png,rottenoranges,Screen Shot 2018-06-12 at 11.29.10 PM.png,Screen Shot 2018-06-12 at 11.29.10 PM.png_rottenoranges,2018-06-12 23:29:10,rottenoranges::block_3,5,5,rottenoranges,rottenoranges,0.9174958
train/rottenoranges/Screen Shot 2018-06-12 at 11.29.26 PM.png,rottenoranges,Screen Shot 2018-06-12 at 11.29.26 PM.png,Screen Shot 2018-06-12 at 11.29.26 PM.png_rottenoranges,2018-06-12 23:29:26,rottenoranges::block_3,5,5,rottenoranges,rottenoranges,0.7585119
train/rottenoranges/rotated_by_30_Screen Shot 2018-06-12 at 11.29.10 PM.png,rottenoranges,Screen Shot 2018-06-12 at 11.29.10 PM.png,Screen Shot 2018-06-12 at 11.29.10 PM.png_rottenoranges,2018-06-12 23:29:10,rottenoranges::block_3,5,5,rottenoranges,rottenoranges,0.8793951
train/rottenoranges/vertical_flip_Screen Shot 2018-06-12 at 11.29.26 PM.png,rottenoranges,Screen Shot 2018-06-12 at 11.29.26 PM.png,Screen Shot 2018-06-12 at 11.29.26 PM.png_rottenoranges,2018-06-12 23:29:26,rottenoranges::block_3,5,5,rottenoranges,rottenoranges,0.7313731
train/rottenoranges/vertical_flip_Screen Shot 2018-06-12 at 11.29.14 PM.png,rottenoranges,Screen Shot 2018-06-12 at 11.29.14 PM.png,Screen Shot 2018-06-12 at 11.29.14 PM.png_rottenoranges,2018-06-12 23:29:14,rottenoranges::block_3,5,3,rottenoranges,rottenapples,0.88681537
train/rottenoranges/Screen Shot 2018-06-12 at 11.27.55 PM.png,rottenoranges,Screen Shot 2018-06-12 at 11.27.55 PM.png,Screen Shot 2018-06-12 at 11.27.55 PM.png_rottenoranges,2018-06-12 23:27:55,rottenoranges::block_3,5,3,rottenoranges,rottenapples,0.9528459
train/rottenoranges/vertical_flip_Screen Shot 2018-06-12 at 11.29.31 PM.png,rottenoranges,Screen Shot 2018-06-12 at 11.29.31 PM.png,Screen Shot 2018-06-12 at 11.29.31 PM.png_rottenoranges,2018-06-12 23:29:31,rottenoranges::block_3,5,3,rottenoranges,rottenapples,0.67431104
train/rottenoranges/translation_Screen Shot 2018-06-12 at 11.29.26 PM.png,rottenoranges,Screen Shot 2018-06-12 at 11.29.26 PM.png,Screen Shot 2018-06-12 at 11.29.26 PM.png_rottenoranges,2018-06-12 23:29:26,rottenoranges::block_3,5,5,rottenoranges,rottenoranges,0.74368036
train/rottenoranges/rotated_by_30_Screen Shot 2018-06-12 at 11.29.31 PM.png,rottenoranges,Screen Shot 2018-06-12 at 11.29.31 PM.png,Screen Shot 2018-06-12 at 11.29.31 PM.png_rottenoranges,2018-06-12 23:29:31,rottenoranges::block_3,5,3,rottenoranges,rottenapples,0.6558726
train/rottenoranges/Screen Shot 2018-06-12 at 11.29.36 PM.png,rottenoranges,Screen Shot 2018-06-12 at 11.29.36 PM.png,Screen Shot 2018-06-12 at 11.29.36 PM.png_rottenoranges,2018-06-12 23:29:36,rottenoranges::block_3,5,3,rottenoranges,rottenapples,0.6017123
train/rottenoranges/rotated_by_15_Screen Shot 2018-06-12 at 11.29.14 PM.png,rottenoranges,Screen Shot 2018-06-12 at 11.29.14 PM.png,Screen Shot 2018-06-12 at 11.29.14 PM.png_rottenoranges,2018-06-12 23:29:14,rottenoranges::block_3,5,3,rottenoranges,rottenapples,0.8901473
train/rottenoranges/rotated_by_75_Screen Shot 2018-06-12 at 11.29.10 PM.png,rottenoranges,Screen Shot 2018-06-12 at 11.29.10 PM.png,Screen Shot 2018-06-12 at 11.29.10 PM.png_rottenoranges,2018-06-12 23:29:10,rottenoranges::block_3,5,5,rottenoranges,rottenoranges,0.89663875
train/rottenoranges/rotated_by_45_Screen Shot 2018-06-12 at 11.29.58 PM.png,rottenoranges,Screen Shot 2018-06-12 at 11.29.58 PM.png,Screen Shot 2018-06-12 at 11.29.58 PM.png_rottenoranges,2018-06-12 23:29:58,rottenoranges::block_3,5,5,rottenoranges,rottenoranges,0.70049477
train/rottenoranges/saltandpepper_Screen Shot 2018-06-12 at 11.29.14 PM.png,rottenoranges,Screen Shot 2018-06-12 at 11.29.14 PM.png,Screen Shot 2018-06-12 at 11.29.14 PM.png_rottenoranges,2018-06-12 23:29:14,rottenoranges::block_3,5,3,rottenoranges,rottenapples,0.8684603
train/rottenoranges/translation_Screen Shot 2018-06-12 at 11.29.51 PM.png,rottenoranges,Screen Shot 2018-06-12 at 11.29.51 PM.png,Screen Shot 2018-06-12 at 11.29.51 PM.png_rottenoranges,2018-06-12 23:29:51,rottenoranges::block_3,5,5,rottenoranges,rottenoranges,0.5964507
train/rottenoranges/Screen Shot 2018-06-12 at 11.29.14 PM.png,rottenoranges,Screen Shot 2018-06-12 at 11.29.14 PM.png,Screen Shot 2018-06-12 at 11.29.14 PM.png_rottenoranges,2018-06-12 23:29:14,rottenoranges::block_3,5,3,rottenoranges,rottenapples,0.88728607
train/rottenoranges/rotated_by_60_Screen Shot 2018-06-12 at 11.29.36 PM.png,rottenoranges,Screen Shot 2018-06-12 at 11.29.36 PM.png,Screen Shot 2018-06-12 at 11.29.36 PM.png_rottenoranges,2018-06-12 23:29:36,rottenoranges::block_3,5,3,rottenoranges,rottenapples,0.5385229
train/rottenoranges/vertical_flip_Screen Shot 2018-06-12 at 11.29.03 PM.png,rottenoranges,Screen Shot 2018-06-12 at 11.29.03 PM.png,Screen Shot 2018-06-12 at 11.29.03 PM.png_rottenoranges,2018-06-12 23:29:03,rottenoranges::block_3,5,5,rottenoranges,rottenoranges,0.77461195
train/rottenoranges/translation_Screen Shot 2018-06-12 at 11.29.31 PM.png,rottenoranges,Screen Shot 2018-06-12 at 11.29.31 PM.png,Screen Shot 2018-06-12 at 11.29.31 PM.png_rottenoranges,2018-06-12 23:29:31,rottenoranges::block_3,5,3,rottenoranges,rottenapples,0.596044
train/rottenoranges/translation_Screen Shot 2018-06-12 at 11.29.14 PM.png,rottenoranges,Screen Shot 2018-06-12 at 11.29.14 PM.png,Screen Shot 2018-06-12 at 11.29.14 PM.png_rottenoranges,2018-06-12 23:29:14,rottenoranges::block_3,5,3,rottenoranges,rottenapples,0.8372751
train/rottenoranges/vertical_flip_Screen Shot 2018-06-12 at 11.29.58 PM.png,rottenoranges,Screen Shot 2018-06-12 at 11.29.58 PM.png,Screen Shot 2018-06-12 at 11.29.58 PM.png_rottenoranges,2018-06-12 23:29:58,rottenoranges::block_3,5,5,rottenoranges,rottenoranges,0.5587185
train/rottenoranges/rotated_by_30_Screen Shot 2018-06-12 at 11.29.51 PM.png,rottenoranges,Screen Shot 2018-06-12 at 11.29.51 PM.png,Screen Shot 2018-06-12 at 11.29.51 PM.png_rottenoranges,2018-06-12 23:29:51,rottenoranges::block_3,5,5,rottenoranges,rottenoranges,0.7067319
train/rottenoranges/saltandpepper_Screen Shot 2018-06-12 at 11.29.03 PM.png,rottenoranges,Screen Shot 2018-06-12 at 11.29.03 PM.png,Screen Shot 2018-06-12 at 11.29.03 PM.png_rottenoranges,2018-06-12 23:29:03,rottenoranges::block_3,5,5,rottenoranges,rottenoranges,0.7999838
train/rottenoranges/rotated_by_60_Screen Shot 2018-06-12 at 11.29.26 PM.png,rottenoranges,Screen Shot 2018-06-12 at 11.29.26 PM.png,Screen Shot 2018-06-12 at 11.29.26 PM.png_rottenoranges,2018-06-12 23:29:26,rottenoranges::block_3,5,5,rottenoranges,rottenoranges,0.7920856
train/rottenoranges/rotated_by_15_Screen Shot 2018-06-12 at 11.29.10 PM.png,rottenoranges,Screen Shot 2018-06-12 at 11.29.10 PM.png,Screen Shot 2018-06-12 at 11.29.10 PM.png_rottenoranges,2018-06-12 23:29:10,rottenoranges::block_3,5,5,rottenoranges,rottenoranges,0.86414456
train/rottenoranges/saltandpepper_Screen Shot 2018-06-12 at 11.27.30 PM.png,rottenoranges,Screen Shot 2018-06-12 at 11.27.30 PM.png,Screen Shot 2018-06-12 at 11.27.30 PM.png_rottenoranges,2018-06-12 23:27:30,rottenoranges::block_3,5,5,rottenoranges,rottenoranges,0.9408619
train/rottenoranges/rotated_by_75_Screen Shot 2018-06-12 at 11.29.26 PM.png,rottenoranges,Screen Shot 2018-06-12 at 11.29.26 PM.png,Screen Shot 2018-06-12 at 11.29.26 PM.png_rottenoranges,2018-06-12 23:29:26,rottenoranges::block_3,5,5,rottenoranges,rottenoranges,0.80754703
train/rottenoranges/rotated_by_15_Screen Shot 2018-06-12 at 11.27.55 PM.png,rottenoranges,Screen Shot 2018-06-12 at 11.27.55 PM.png,Screen Shot 2018-06-12 at 11.27.55 PM.png_rottenoranges,2018-06-12 23:27:55,rottenoranges::block_3,5,3,rottenoranges,rottenapples,0.9465217
train/rottenoranges/Screen Shot 2018-06-12 at 11.29.58 PM.png,rottenoranges,Screen Shot 2018-06-12 at 11.29.58 PM.png,Screen Shot 2018-06-12 at 11.29.58 PM.png_rottenoranges,2018-06-12 23:29:58,rottenoranges::block_3,5,5,rottenoranges,rottenoranges,0.56917244
train/rottenoranges/Screen Shot 2018-06-12 at 11.29.10 PM.png,rottenoranges,Screen Shot 2018-06-12 at 11.29.10 PM.png,Screen Shot 2018-06-12 at 11.29.10 PM.png_rottenoranges,2018-06-12 23:29:10,rottenoranges::block_3,5,5,rottenoranges,rottenoranges,0.87844807
train/rottenoranges/rotated_by_30_Screen Shot 2018-06-12 at 11.29.58 PM.png,rottenoranges,Screen Shot 2018-06-12 at 11.29.58 PM.png,Screen Shot 2018-06-12 at 11.29.58 PM.png_rottenoranges,2018-06-12 23:29:58,rottenoranges::block_3,5,5,rottenoranges,rottenoranges,0.6683047
train/rottenoranges/rotated_by_15_Screen Shot 2018-06-12 at 11.29.36 PM.png,rottenoranges,Screen Shot 2018-06-12 at 11.29.36 PM.png,Screen Shot 2018-06-12 at 11.29.36 PM.png_rottenoranges,2018-06-12 23:29:36,rottenoranges::block_3,5,3,rottenoranges,rottenapples,0.6177138
train/rottenoranges/rotated_by_30_Screen Shot 2018-06-12 at 11.29.03 PM.png,rottenoranges,Screen Shot 2018-06-12 at 11.29.03 PM.png,Screen Shot 2018-06-12 at 11.29.03 PM.png_rottenoranges,2018-06-12 23:29:03,rottenoranges::block_3,5,5,rottenoranges,rottenoranges,0.7145106
train/rottenoranges/rotated_by_15_Screen Shot 2018-06-12 at 11.27.30 PM.png,rottenoranges,Screen Shot 2018-06-12 at 11.27.30 PM.png,Screen Shot 2018-06-12 at 11.27.30 PM.png_rottenoranges,2018-06-12 23:27:30,rottenoranges::block_3,5,5,rottenoranges,rottenoranges,0.9140975
train/rottenoranges/rotated_by_45_Screen Shot 2018-06-12 at 11.27.55 PM.png,rottenoranges,Screen Shot 2018-06-12 at 11.27.55 PM.png,Screen Shot 2018-06-12 at 11.27.55 PM.png_rottenoranges,2018-06-12 23:27:55,rottenoranges::block_3,5,3,rottenoranges,rottenapples,0.933574
train/rottenoranges/rotated_by_30_Screen Shot 2018-06-12 at 11.27.30 PM.png,rottenoranges,Screen Shot 2018-06-12 at 11.27.30 PM.png,Screen Shot 2018-06-12 at 11.27.30 PM.png_rottenoranges,2018-06-12 23:27:30,rottenoranges::block_3,5,5,rottenoranges,rottenoranges,0.9294014
train/rottenoranges/Screen Shot 2018-06-12 at 11.29.51 PM.png,rottenoranges,Screen Shot 2018-06-12 at 11.29.51 PM.png,Screen Shot 2018-06-12 at 11.29.51 PM.png_rottenoranges,2018-06-12 23:29:51,rottenoranges::block_3,5,5,rottenoranges,rottenoranges,0.7003098
train/rottenoranges/rotated_by_45_Screen Shot 2018-06-12 at 11.29.03 PM.png,rottenoranges,Screen Shot 2018-06-12 at 11.29.03 PM.png,Screen Shot 2018-06-12 at 11.29.03 PM.png_rottenoranges,2018-06-12 23:29:03,rottenoranges::block_3,5,5,rottenoranges,rottenoranges,0.6576126
train/rottenoranges/vertical_flip_Screen Shot 2018-06-12 at 11.29.51 PM.png,rottenoranges,Screen Shot 2018-06-12 at 11.29.51 PM.png,Screen Shot 2018-06-12 at 11.29.51 PM.png_rottenoranges,2018-06-12 23:29:51,rottenoranges::block_3,5,5,rottenoranges,rottenoranges,0.6638248
train/rottenoranges/Screen Shot 2018-06-12 at 11.29.03 PM.png,rottenoranges,Screen Shot 2018-06-12 at 11.29.03 PM.png,Screen Shot 2018-06-12 at 11.29.03 PM.png_rottenoranges,2018-06-12 23:29:03,rottenoranges::block_3,5,5,rottenoranges,rottenoranges,0.7863374
train/rottenoranges/saltandpepper_Screen Shot 2018-06-12 at 11.27.55 PM.png,rottenoranges,Screen Shot 2018-06-12 at 11.27.55 PM.png,Screen Shot 2018-06-12 at 11.27.55 PM.png_rottenoranges,2018-06-12 23:27:55,rottenoranges::block_3,5,3,rottenoranges,rottenapples,0.9495348
train/rottenoranges/saltandpepper_Screen Shot 2018-06-12 at 11.29.31 PM.png,rottenoranges,Screen Shot 2018-06-12 at 11.29.31 PM.png,Screen Shot 2018-06-12 at 11.29.31 PM.png_rottenoranges,2018-06-12 23:29:31,rottenoranges::block_3,5,3,rottenoranges,rottenapples,0.7513809
train/rottenoranges/rotated_by_75_Screen Shot 2018-06-12 at 11.29.03 PM.png,rottenoranges,Screen Shot 2018-06-12 at 11.29.03 PM.png,Screen Shot 2018-06-12 at 11.29.03 PM.png_rottenoranges,2018-06-12 23:29:03,rottenoranges::block_3,5,5,rottenoranges,rottenoranges,0.7350345
train/rottenoranges/rotated_by_45_Screen Shot 2018-06-12 at 11.29.36 PM.png,rottenoranges,Screen Shot 2018-06-12 at 11.29.36 PM.png,Screen Shot 2018-06-12 at 11.29.36 PM.png_rottenoranges,2018-06-12 23:29:36,rottenoranges::block_3,5,3,rottenoranges,rottenapples,0.53317374
train/rottenoranges/translation_Screen Shot 2018-06-12 at 11.29.03 PM.png,rottenoranges,Screen Shot 2018-06-12 at 11.29.03 PM.png,Screen Shot 2018-06-12 at 11.29.03 PM.png_rottenoranges,2018-06-12 23:29:03,rottenoranges::block_3,5,5,rottenoranges,rottenoranges,0.77727044
train/rottenoranges/rotated_by_75_Screen Shot 2018-06-12 at 11.27.55 PM.png,rottenoranges,Screen Shot 2018-06-12 at 11.27.55 PM.png,Screen Shot 2018-06-12 at 11.27.55 PM.png_rottenoranges,2018-06-12 23:27:55,rottenoranges::block_3,5,3,rottenoranges,rottenapples,0.9491232
train/rottenoranges/translation_Screen Shot 2018-06-12 at 11.29.58 PM.png,rottenoranges,Screen Shot 2018-06-12 at 11.29.58 PM.png,Screen Shot 2018-06-12 at 11.29.58 PM.png_rottenoranges,2018-06-12 23:29:58,rottenoranges::block_3,5,5,rottenoranges,rottenoranges,0.60036314
train/rottenoranges/rotated_by_15_Screen Shot 2018-06-12 at 11.29.51 PM.png,rottenoranges,Screen Shot 2018-06-12 at 11.29.51 PM.png,Screen Shot 2018-06-12 at 11.29.51 PM.png_rottenoranges,2018-06-12 23:29:51,rottenoranges::block_3,5,5,rottenoranges,rottenoranges,0.734679
train/rottenoranges/vertical_flip_Screen Shot 2018-06-12 at 11.27.30 PM.png,rottenoranges,Screen Shot 2018-06-12 at 11.27.30 PM.png,Screen Shot 2018-06-12 at 11.27.30 PM.png_rottenoranges,2018-06-12 23:27:30,rottenoranges::block_3,5,5,rottenoranges,rottenoranges,0.91489
train/rottenoranges/vertical_flip_Screen Shot 2018-06-12 at 11.29.10 PM.png,rottenoranges,Screen Shot 2018-06-12 at 11.29.10 PM.png,Screen Shot 2018-06-12 at 11.29.10 PM.png_rottenoranges,2018-06-12 23:29:10,rottenoranges::block_3,5,5,rottenoranges,rottenoranges,0.87217563
train/rottenoranges/translation_Screen Shot 2018-06-12 at 11.29.36 PM.png,rottenoranges,Screen Shot 2018-06-12 at 11.29.36 PM.png,Screen Shot 2018-06-12 at 11.29.36 PM.png_rottenoranges,2018-06-12 23:29:36,rottenoranges::block_3,5,3,rottenoranges,rottenapples,0.4078976
train/rottenoranges/Screen Shot 2018-06-12 at 11.27.30 PM.png,rottenoranges,Screen Shot 2018-06-12 at 11.27.30 PM.png,Screen Shot 2018-06-12 at 11.27.30 PM.png_rottenoranges,2018-06-12 23:27:30,rottenoranges::block_3,5,5,rottenoranges,rottenoranges,0.9142675
train/rottenoranges/rotated_by_60_Screen Shot 2018-06-12 at 11.29.10 PM.png,rottenoranges,Screen Shot 2018-06-12 at 11.29.10 PM.png,Screen Shot 2018-06-12 at 11.29.10 PM.png_rottenoranges,2018-06-12 23:29:10,rottenoranges::block_3,5,5,rottenoranges,rottenoranges,0.8929251
train/rottenoranges/saltandpepper_Screen Shot 2018-06-12 at 11.29.10 PM.png,rottenoranges,Screen Shot 2018-06-12 at 11.29.10 PM.png,Screen Shot 2018-06-12 at 11.29.10 PM.png_rottenoranges,2018-06-12 23:29:10,rottenoranges::block_3,5,5,rottenoranges,rottenoranges,0.9412772
train/rottenoranges/rotated_by_75_Screen Shot 2018-06-12 at 11.29.31 PM.png,rottenoranges,Screen Shot 2018-06-12 at 11.29.31 PM.png,Screen Shot 2018-06-12 at 11.29.31 PM.png_rottenoranges,2018-06-12 23:29:31,rottenoranges::block_3,5,3,rottenoranges,rottenapples,0.6305354
train/rottenoranges/rotated_by_60_Screen Shot 2018-06-12 at 11.29.58 PM.png,rottenoranges,Screen Shot 2018-06-12 at 11.29.58 PM.png,Screen Shot 2018-06-12 at 11.29.58 PM.png_rottenoranges,2018-06-12 23:29:58,rottenoranges::block_3,5,5,rottenoranges,rottenoranges,0.7076384
train/rottenoranges/rotated_by_45_Screen Shot 2018-06-12 at 11.29.31 PM.png,rottenoranges,Screen Shot 2018-06-12 at 11.29.31 PM.png,Screen Shot 2018-06-12 at 11.29.31 PM.png_rottenoranges,2018-06-12 23:29:31,rottenoranges::block_3,5,3,rottenoranges,rottenapples,0.62355804
train/rottenoranges/rotated_by_60_Screen Shot 2018-06-12 at 11.29.14 PM.png,rottenoranges,Screen Shot 2018-06-12 at 11.29.14 PM.png,Screen Shot 2018-06-12 at 11.29.14 PM.png_rottenoranges,2018-06-12 23:29:14,rottenoranges::block_3,5,3,rottenoranges,rottenapples,0.8785818
train/rottenoranges/vertical_flip_Screen Shot 2018-06-12 at 11.27.55 PM.png,rottenoranges,Screen Shot 2018-06-12 at 11.27.55 PM.png,Screen Shot 2018-06-12 at 11.27.55 PM.png_rottenoranges,2018-06-12 23:27:55,rottenoranges::block_3,5,3,rottenoranges,rottenapples,0.95686144
train/rottenoranges/rotated_by_30_Screen Shot 2018-06-12 at 11.29.26 PM.png,rottenoranges,Screen Shot 2018-06-12 at 11.29.26 PM.png,Screen Shot 2018-06-12 at 11.29.26 PM.png_rottenoranges,2018-06-12 23:29:26,rottenoranges::block_3,5,5,rottenoranges,rottenoranges,0.77849656
train/rottenoranges/translation_Screen Shot 2018-06-12 at 11.27.55 PM.png,rottenoranges,Screen Shot 2018-06-12 at 11.27.55 PM.png,Screen Shot 2018-06-12 at 11.27.55 PM.png_rottenoranges,2018-06-12 23:27:55,rottenoranges::block_3,5,3,rottenoranges,rottenapples,0.9276945
train/rottenoranges/rotated_by_45_Screen Shot 2018-06-12 at 11.29.51 PM.png,rottenoranges,Screen Shot 2018-06-12 at 11.29.51 PM.png,Screen Shot 2018-06-12 at 11.29.51 PM.png_rottenoranges,2018-06-12 23:29:51,rottenoranges::block_3,5,5,rottenoranges,rottenoranges,0.6602081
train/rottenoranges/rotated_by_15_Screen Shot 2018-06-12 at 11.29.03 PM.png,rottenoranges,Screen Shot 2018-06-12 at 11.29.03 PM.png,Screen Shot 2018-06-12 at 11.29.03 PM.png_rottenoranges,2018-06-12 23:29:03,rottenoranges::block_3,5,5,rottenoranges,rottenoranges,0.78081393
train/rottenoranges/saltandpepper_Screen Shot 2018-06-12 at 11.29.26 PM.png,rottenoranges,Screen Shot 2018-06-12 at 11.29.26 PM.png,Screen Shot 2018-06-12 at 11.29.26 PM.png_rottenoranges,2018-06-12 23:29:26,rottenoranges::block_3,5,5,rottenoranges,rottenoranges,0.81061906
train/rottenoranges/rotated_by_45_Screen Shot 2018-06-12 at 11.29.14 PM.png,rottenoranges,Screen Shot 2018-06-12 at 11.29.14 PM.png,Screen Shot 2018-06-12 at 11.29.14 PM.png_rottenoranges,2018-06-12 23:29:14,rottenoranges::block_3,5,3,rottenoranges,rottenapples,0.8803345
train/rottenoranges/rotated_by_75_Screen Shot 2018-06-12 at 11.29.14 PM.png,rottenoranges,Screen Shot 2018-06-12 at 11.29.14 PM.png,Screen Shot 2018-06-12 at 11.29.14 PM.png_rottenoranges,2018-06-12 23:29:14,rottenoranges::block_3,5,3,rottenoranges,rottenapples,0.8797238
train/rottenoranges/saltandpepper_Screen Shot 2018-06-12 at 11.29.36 PM.png,rottenoranges,Screen Shot 2018-06-12 at 11.29.36 PM.png,Screen Shot 2018-06-12 at 11.29.36 PM.png_rottenoranges,2018-06-12 23:29:36,rottenoranges::block_3,5,3,rottenoranges,rottenapples,0.64526904
train/rottenoranges/saltandpepper_Screen Shot 2018-06-12 at 11.29.58 PM.png,rottenoranges,Screen Shot 2018-06-12 at 11.29.58 PM.png,Screen Shot 2018-06-12 at 11.29.58 PM.png_rottenoranges,2018-06-12 23:29:58,rottenoranges::block_3,5,5,rottenoranges,rottenoranges,0.5633667
train/rottenoranges/rotated_by_45_Screen Shot 2018-06-12 at 11.27.30 PM.png,rottenoranges,Screen Shot 2018-06-12 at 11.27.30 PM.png,Screen Shot 2018-06-12 at 11.27.30 PM.png_rottenoranges,2018-06-12 23:27:30,rottenoranges::block_3,5,5,rottenoranges,rottenoranges,0.9400822
train/rottenoranges/translation_Screen Shot 2018-06-12 at 11.27.30 PM.png,rottenoranges,Screen Shot 2018-06-12 at 11.27.30 PM.png,Screen Shot 2018-06-12 at 11.27.30 PM.png_rottenoranges,2018-06-12 23:27:30,rottenoranges::block_3,5,5,rottenoranges,rottenoranges,0.9355336
train/rottenoranges/rotated_by_60_Screen Shot 2018-06-12 at 11.27.30 PM.png,rottenoranges,Screen Shot 2018-06-12 at 11.27.30 PM.png,Screen Shot 2018-06-12 at 11.27.30 PM.png_rottenoranges,2018-06-12 23:27:30,rottenoranges::block_3,5,5,rottenoranges,rottenoranges,0.9370827
train/rottenoranges/rotated_by_75_Screen Shot 2018-06-12 at 11.29.51 PM.png,rottenoranges,Screen Shot 2018-06-12 at 11.29.51 PM.png,Screen Shot 2018-06-12 at 11.29.51 PM.png_rottenoranges,2018-06-12 23:29:51,rottenoranges::block_3,5,5,rottenoranges,rottenoranges,0.6952738
train/rottenoranges/rotated_by_15_Screen Shot 2018-06-12 at 11.29.26 PM.png,rottenoranges,Screen Shot 2018-06-12 at 11.29.26 PM.png,Screen Shot 2018-06-12 at 11.29.26 PM.png_rottenoranges,2018-06-12 23:29:26,rottenoranges::block_3,5,5,rottenoranges,rottenoranges,0.758082
train/rottenoranges/rotated_by_60_Screen Shot 2018-06-12 at 11.27.55 PM.png,rottenoranges,Screen Shot 2018-06-12 at 11.27.55 PM.png,Screen Shot 2018-06-12 at 11.27.55 PM.png_rottenoranges,2018-06-12 23:27:55,rottenoranges::block_3,5,3,rottenoranges,rottenapples,0.93929535
test/freshapples/rotated_by_45_Screen Shot 2018-06-08 at 5.18.26 PM.png,freshapples,Screen Shot 2018-06-08 at 5.18.26 PM.png,Screen Shot 2018-06-08 at 5.18.26 PM.png_freshapples,2018-06-08 17:18:26,freshapples::block_5,0,0,freshapples,freshapples,0.9776172
test/freshapples/rotated_by_45_Screen Shot 2018-06-08 at 5.20.26 PM.png,freshapples,Screen Shot 2018-06-08 at 5.20.26 PM.png,Screen Shot 2018-06-08 at 5.20.26 PM.png_freshapples,2018-06-08 17:20:26,freshapples::block_5,0,0,freshapples,freshapples,0.9564263
test/freshapples/rotated_by_15_Screen Shot 2018-06-08 at 5.17.58 PM.png,freshapples,Screen Shot 2018-06-08 at 5.17.58 PM.png,Screen Shot 2018-06-08 at 5.17.58 PM.png_freshapples,2018-06-08 17:17:58,freshapples::block_5,0,0,freshapples,freshapples,0.98170173
test/freshapples/rotated_by_45_Screen Shot 2018-06-08 at 5.17.10 PM.png,freshapples,Screen Shot 2018-06-08 at 5.17.10 PM.png,Screen Shot 2018-06-08 at 5.17.10 PM.png_freshapples,2018-06-08 17:17:10,freshapples::block_5,0,0,freshapples,freshapples,0.9999989
test/freshapples/Screen Shot 2018-06-08 at 5.17.58 PM.png,freshapples,Screen Shot 2018-06-08 at 5.17.58 PM.png,Screen Shot 2018-06-08 at 5.17.58 PM.png_freshapples,2018-06-08 17:17:58,freshapples::block_5,0,0,freshapples,freshapples,0.97970206
test/freshapples/rotated_by_15_Screen Shot 2018-06-08 at 5.20.42 PM.png,freshapples,Screen Shot 2018-06-08 at 5.20.42 PM.png,Screen Shot 2018-06-08 at 5.20.42 PM.png_freshapples,2018-06-08 17:20:42,freshapples::block_5,0,0,freshapples,freshapples,0.99999976
test/freshapples/rotated_by_75_Screen Shot 2018-06-08 at 5.18.37 PM.png,freshapples,Screen Shot 2018-06-08 at 5.18.37 PM.png,Screen Shot 2018-06-08 at 5.18.37 PM.png_freshapples,2018-06-08 17:18:37,freshapples::block_5,0,0,freshapples,freshapples,0.99884915
test/freshapples/rotated_by_60_Screen Shot 2018-06-08 at 5.18.58 PM.png,freshapples,Screen Shot 2018-06-08 at 5.18.58 PM.png,Screen Shot 2018-06-08 at 5.18.58 PM.png_freshapples,2018-06-08 17:18:58,freshapples::block_5,0,0,freshapples,freshapples,0.999809
test/freshapples/vertical_flip_Screen Shot 2018-06-08 at 5.18.26 PM.png,freshapples,Screen Shot 2018-06-08 at 5.18.26 PM.png,Screen Shot 2018-06-08 at 5.18.26 PM.png_freshapples,2018-06-08 17:18:26,freshapples::block_5,0,0,freshapples,freshapples,0.9697351
test/freshapples/translation_Screen Shot 2018-06-08 at 5.17.04 PM.png,freshapples,Screen Shot 2018-06-08 at 5.17.04 PM.png,Screen Shot 2018-06-08 at 5.17.04 PM.png_freshapples,2018-06-08 17:17:04,freshapples::block_5,0,0,freshapples,freshapples,0.99931026
test/freshapples/rotated_by_30_Screen Shot 2018-06-08 at 5.20.42 PM.png,freshapples,Screen Shot 2018-06-08 at 5.20.42 PM.png,Screen Shot 2018-06-08 at 5.20.42 PM.png_freshapples,2018-06-08 17:20:42,freshapples::block_5,0,0,freshapples,freshapples,0.99999976
test/freshapples/rotated_by_15_Screen Shot 2018-06-08 at 5.18.37 PM.png,freshapples,Screen Shot 2018-06-08 at 5.18.37 PM.png,Screen Shot 2018-06-08 at 5.18.37 PM.png_freshapples,2018-06-08 17:18:37,freshapples::block_5,0,0,freshapples,freshapples,0.99817014
test/freshapples/rotated_by_45_Screen Shot 2018-06-08 at 5.20.32 PM.png,freshapples,Screen Shot 2018-06-08 at 5.20.32 PM.png,Screen Shot 2018-06-08 at 5.20.32 PM.png_freshapples,2018-06-08 17:20:32,freshapples::block_5,0,0,freshapples,freshapples,0.9975306
test/freshapples/translation_Screen Shot 2018-06-08 at 5.18.37 PM.png,freshapples,Screen Shot 2018-06-08 at 5.18.37 PM.png,Screen Shot 2018-06-08 at 5.18.37 PM.png_freshapples,2018-06-08 17:18:37,freshapples::block_5,0,0,freshapples,freshapples,0.99854016
test/freshapples/rotated_by_60_Screen Shot 2018-06-08 at 5.33.47 PM.png,freshapples,Screen Shot 2018-06-08 at 5.33.47 PM.png,Screen Shot 2018-06-08 at 5.33.47 PM.png_freshapples,2018-06-08 17:33:47,freshapples::block_9,0,0,freshapples,freshapples,0.9999962
test/freshapples/rotated_by_45_Screen Shot 2018-06-08 at 5.18.37 PM.png,freshapples,Screen Shot 2018-06-08 at 5.18.37 PM.png,Screen Shot 2018-06-08 at 5.18.37 PM.png_freshapples,2018-06-08 17:18:37,freshapples::block_5,0,0,freshapples,freshapples,0.99867165
test/freshapples/rotated_by_75_Screen Shot 2018-06-08 at 5.20.08 PM.png,freshapples,Screen Shot 2018-06-08 at 5.20.08 PM.png,Screen Shot 2018-06-08 at 5.20.08 PM.png_freshapples,2018-06-08 17:20:08,freshapples::block_5,0,0,freshapples,freshapples,0.99630415
test/freshapples/saltandpepper_Screen Shot 2018-06-08 at 5.18.37 PM.png,freshapples,Screen Shot 2018-06-08 at 5.18.37 PM.png,Screen Shot 2018-06-08 at 5.18.37 PM.png_freshapples,2018-06-08 17:18:37,freshapples::block_5,0,0,freshapples,freshapples,0.9983872
test/freshapples/rotated_by_75_Screen Shot 2018-06-08 at 5.20.42 PM.png,freshapples,Screen Shot 2018-06-08 at 5.20.42 PM.png,Screen Shot 2018-06-08 at 5.20.42 PM.png_freshapples,2018-06-08 17:20:42,freshapples::block_5,0,0,freshapples,freshapples,0.9999994
test/freshapples/vertical_flip_Screen Shot 2018-06-08 at 5.18.37 PM.png,freshapples,Screen Shot 2018-06-08 at 5.18.37 PM.png,Screen Shot 2018-06-08 at 5.18.37 PM.png_freshapples,2018-06-08 17:18:37,freshapples::block_5,0,0,freshapples,freshapples,0.9986941
test/freshapples/rotated_by_60_Screen Shot 2018-06-08 at 5.20.32 PM.png,freshapples,Screen Shot 2018-06-08 at 5.20.32 PM.png,Screen Shot 2018-06-08 at 5.20.32 PM.png_freshapples,2018-06-08 17:20:32,freshapples::block_5,0,0,freshapples,freshapples,0.99734277
test/freshapples/rotated_by_15_Screen Shot 2018-06-08 at 5.17.04 PM.png,freshapples,Screen Shot 2018-06-08 at 5.17.04 PM.png,Screen Shot 2018-06-08 at 5.17.04 PM.png_freshapples,2018-06-08 17:17:04,freshapples::block_5,0,0,freshapples,freshapples,0.9993343
test/freshbanana/rotated_by_15_Screen Shot 2018-06-12 at 9.58.07 PM.png,freshbanana,Screen Shot 2018-06-12 at 9.58.07 PM.png,Screen Shot 2018-06-12 at 9.58.07 PM.png_freshbanana,2018-06-12 21:58:07,freshbanana::block_6,1,1,freshbanana,freshbanana,0.91645265
test/freshbanana/rotated_by_45_Screen Shot 2018-06-12 at 9.58.49 PM.png,freshbanana,Screen Shot 2018-06-12 at 9.58.49 PM.png,Screen Shot 2018-06-12 at 9.58.49 PM.png_freshbanana,2018-06-12 21:58:49,freshbanana::block_6,1,1,freshbanana,freshbanana,0.8726798
test/freshbanana/Screen Shot 2018-06-12 at 9.58.56 PM.png,freshbanana,Screen Shot 2018-06-12 at 9.58.56 PM.png,Screen Shot 2018-06-12 at 9.58.56 PM.png_freshbanana,2018-06-12 21:58:56,freshbanana::block_6,1,1,freshbanana,freshbanana,0.9493798
test/freshbanana/rotated_by_75_Screen Shot 2018-06-12 at 9.58.07 PM.png,freshbanana,Screen Shot 2018-06-12 at 9.58.07 PM.png,Screen Shot 2018-06-12 at 9.58.07 PM.png_freshbanana,2018-06-12 21:58:07,freshbanana::block_6,1,1,freshbanana,freshbanana,0.9275876
test/freshbanana/rotated_by_15_Screen Shot 2018-06-12 at 9.58.56 PM.png,freshbanana,Screen Shot 2018-06-12 at 9.58.56 PM.png,Screen Shot 2018-06-12 at 9.58.56 PM.png_freshbanana,2018-06-12 21:58:56,freshbanana::block_6,1,1,freshbanana,freshbanana,0.9186402
test/freshbanana/vertical_flip_Screen Shot 2018-06-12 at 9.58.56 PM.png,freshbanana,Screen Shot 2018-06-12 at 9.58.56 PM.png,Screen Shot 2018-06-12 at 9.58.56 PM.png_freshbanana,2018-06-12 21:58:56,freshbanana::block_6,1,1,freshbanana,freshbanana,0.9473116
test/freshoranges/rotated_by_75_Screen Shot 2018-06-13 at 12.18.52 AM.png,freshoranges,Screen Shot 2018-06-13 at 12.18.52 AM.png,Screen Shot 2018-06-13 at 12.18.52 AM.png_freshoranges,2018-06-13 00:18:52,freshoranges::block_7,2,2,freshoranges,freshoranges,0.9827253
test/freshoranges/rotated_by_60_Screen Shot 2018-06-13 at 12.17.05 AM.png,freshoranges,Screen Shot 2018-06-13 at 12.17.05 AM.png,Screen Shot 2018-06-13 at 12.17.05 AM.png_freshoranges,2018-06-13 00:17:05,freshoranges::block_7,2,2,freshoranges,freshoranges,0.87906474
test/freshoranges/rotated_by_30_Screen Shot 2018-06-13 at 12.17.43 AM.png,freshoranges,Screen Shot 2018-06-13 at 12.17.43 AM.png,Screen Shot 2018-06-13 at 12.17.43 AM.png_freshoranges,2018-06-13 00:17:43,freshoranges::block_7,2,2,freshoranges,freshoranges,0.95225865
test/freshoranges/vertical_flip_Screen Shot 2018-06-13 at 12.18.27 AM.png,freshoranges,Screen Shot 2018-06-13 at 12.18.27 AM.png,Screen Shot 2018-06-13 at 12.18.27 AM.png_freshoranges,2018-06-13 00:18:27,freshoranges::block_7,2,2,freshoranges,freshoranges,0.953484
test/freshoranges/rotated_by_15_Screen Shot 2018-06-13 at 12.17.43 AM.png,freshoranges,Screen Shot 2018-06-13 at 12.17.43 AM.png,Screen Shot 2018-06-13 at 12.17.43 AM.png_freshoranges,2018-06-13 00:17:43,freshoranges::block_7,2,2,freshoranges,freshoranges,0.9548856
test/freshoranges/translation_Screen Shot 2018-06-13 at 12.18.07 AM.png,freshoranges,Screen Shot 2018-06-13 at 12.18.07 AM.png,Screen Shot 2018-06-13 at 12.18.07 AM.png_freshoranges,2018-06-13 00:18:07,freshoranges::block_7,2,2,freshoranges,freshoranges,0.88713104
test/freshoranges/Screen Shot 2018-06-13 at 12.18.07 AM.png,freshoranges,Screen Shot 2018-06-13 at 12.18.07 AM.png,Screen Shot 2018-06-13 at 12.18.07 AM.png_freshoranges,2018-06-13 00:18:07,freshoranges::block_7,2,2,freshoranges,freshoranges,0.8012772
test/freshoranges/translation_Screen Shot 2018-06-13 at 12.18.02 AM.png,freshoranges,Screen Shot 2018-06-13 at 12.18.02 AM.png,Screen Shot 2018-06-13 at 12.18.02 AM.png_freshoranges,2018-06-13 00:18:02,freshoranges::block_7,2,2,freshoranges,freshoranges,0.8266016
test/freshoranges/rotated_by_30_Screen Shot 2018-06-13 at 12.18.27 AM.png,freshoranges,Screen Shot 2018-06-13 at 12.18.27 AM.png,Screen Shot 2018-06-13 at 12.18.27 AM.png_freshoranges,2018-06-13 00:18:27,freshoranges::block_7,2,2,freshoranges,freshoranges,0.9593367
test/freshoranges/Screen Shot 2018-06-13 at 12.17.43 AM.png,freshoranges,Screen Shot 2018-06-13 at 12.17.43 AM.png,Screen Shot 2018-06-13 at 12.17.43 AM.png_freshoranges,2018-06-13 00:17:43,freshoranges::block_7,2,2,freshoranges,freshoranges,0.9534686
test/freshoranges/rotated_by_75_Screen Shot 2018-06-13 at 12.18.07 AM.png,freshoranges,Screen Shot 2018-06-13 at 12.18.07 AM.png,Screen Shot 2018-06-13 at 12.18.07 AM.png_freshoranges,2018-06-13 00:18:07,freshoranges::block_7,2,2,freshoranges,freshoranges,0.82705605
test/freshoranges/saltandpepper_Screen Shot 2018-06-13 at 12.17.43 AM.png,freshoranges,Screen Shot 2018-06-13 at 12.17.43 AM.png,Screen Shot 2018-06-13 at 12.17.43 AM.png_freshoranges,2018-06-13 00:17:43,freshoranges::block_7,2,2,freshoranges,freshoranges,0.93657726
test/freshoranges/vertical_flip_Screen Shot 2018-06-13 at 12.17.55 AM.png,freshoranges,Screen Shot 2018-06-13 at 12.17.55 AM.png,Screen Shot 2018-06-13 at 12.17.55 AM.png_freshoranges,2018-06-13 00:17:55,freshoranges::block_7,2,5,freshoranges,rottenoranges,0.5741561
test/freshoranges/rotated_by_60_Screen Shot 2018-06-13 at 12.18.02 AM.png,freshoranges,Screen Shot 2018-06-13 at 12.18.02 AM.png,Screen Shot 2018-06-13 at 12.18.02 AM.png_freshoranges,2018-06-13 00:18:02,freshoranges::block_7,2,2,freshoranges,freshoranges,0.811578
test/freshoranges/rotated_by_60_Screen Shot 2018-06-13 at 12.17.37 AM.png,freshoranges,Screen Shot 2018-06-13 at 12.17.37 AM.png,Screen Shot 2018-06-13 at 12.17.37 AM.png_freshoranges,2018-06-13 00:17:37,freshoranges::block_7,2,2,freshoranges,freshoranges,0.962441
test/freshoranges/rotated_by_15_Screen Shot 2018-06-13 at 12.19.08 AM.png,freshoranges,Screen Shot 2018-06-13 at 12.19.08 AM.png,Screen Shot 2018-06-13 at 12.19.08 AM.png_freshoranges,2018-06-13 00:19:08,freshoranges::block_7,2,2,freshoranges,freshoranges,0.88434273
test/freshoranges/rotated_by_75_Screen Shot 2018-06-13 at 12.17.31 AM.png,freshoranges,Screen Shot 2018-06-13 at 12.17.31 AM.png,Screen Shot 2018-06-13 at 12.17.31 AM.png_freshoranges,2018-06-13 00:17:31,freshoranges::block_7,2,2,freshoranges,freshoranges,0.82997245
test/freshoranges/translation_Screen Shot 2018-06-13 at 12.18.27 AM.png,freshoranges,Screen Shot 2018-06-13 at 12.18.27 AM.png,Screen Shot 2018-06-13 at 12.18.27 AM.png_freshoranges,2018-06-13 00:18:27,freshoranges::block_7,2,2,freshoranges,freshoranges,0.9414495
test/freshoranges/rotated_by_30_Screen Shot 2018-06-13 at 12.17.19 AM.png,freshoranges,Screen Shot 2018-06-13 at 12.17.19 AM.png,Screen Shot 2018-06-13 at 12.17.19 AM.png_freshoranges,2018-06-13 00:17:19,freshoranges::block_7,2,2,freshoranges,freshoranges,0.9502421
test/freshoranges/vertical_flip_Screen Shot 2018-06-13 at 12.17.31 AM.png,freshoranges,Screen Shot 2018-06-13 at 12.17.31 AM.png,Screen Shot 2018-06-13 at 12.17.31 AM.png_freshoranges,2018-06-13 00:17:31,freshoranges::block_7,2,2,freshoranges,freshoranges,0.8290262
test/freshoranges/saltandpepper_Screen Shot 2018-06-13 at 12.19.43 AM.png,freshoranges,Screen Shot 2018-06-13 at 12.19.43 AM.png,Screen Shot 2018-06-13 at 12.19.43 AM.png_freshoranges,2018-06-13 00:19:43,freshoranges::block_8,2,2,freshoranges,freshoranges,0.8400496
test/freshoranges/rotated_by_60_Screen Shot 2018-06-13 at 12.17.43 AM.png,freshoranges,Screen Shot 2018-06-13 at 12.17.43 AM.png,Screen Shot 2018-06-13 at 12.17.43 AM.png_freshoranges,2018-06-13 00:17:43,freshoranges::block_7,2,2,freshoranges,freshoranges,0.89604497
test/freshoranges/vertical_flip_Screen Shot 2018-06-13 at 12.17.05 AM.png,freshoranges,Screen Shot 2018-06-13 at 12.17.05 AM.png,Screen Shot 2018-06-13 at 12.17.05 AM.png_freshoranges,2018-06-13 00:17:05,freshoranges::block_7,2,2,freshoranges,freshoranges,0.82979244
test/freshoranges/vertical_flip_Screen Shot 2018-06-13 at 12.19.08 AM.png,freshoranges,Screen Shot 2018-06-13 at 12.19.08 AM.png,Screen Shot 2018-06-13 at 12.19.08 AM.png_freshoranges,2018-06-13 00:19:08,freshoranges::block_7,2,2,freshoranges,freshoranges,0.87498206
test/freshoranges/saltandpepper_Screen Shot 2018-06-13 at 12.17.55 AM.png,freshoranges,Screen Shot 2018-06-13 at 12.17.55 AM.png,Screen Shot 2018-06-13 at 12.17.55 AM.png_freshoranges,2018-06-13 00:17:55,freshoranges::block_7,2,5,freshoranges,rottenoranges,0.79087275
test/freshoranges/Screen Shot 2018-06-13 at 12.17.37 AM.png,freshoranges,Screen Shot 2018-06-13 at 12.17.37 AM.png,Screen Shot 2018-06-13 at 12.17.37 AM.png_freshoranges,2018-06-13 00:17:37,freshoranges::block_7,2,2,freshoranges,freshoranges,0.9712497
test/freshoranges/rotated_by_30_Screen Shot 2018-06-13 at 12.17.05 AM.png,freshoranges,Screen Shot 2018-06-13 at 12.17.05 AM.png,Screen Shot 2018-06-13 at 12.17.05 AM.png_freshoranges,2018-06-13 00:17:05,freshoranges::block_7,2,2,freshoranges,freshoranges,0.8777434
test/freshoranges/rotated_by_75_Screen Shot 2018-06-13 at 12.19.17 AM.png,freshoranges,Screen Shot 2018-06-13 at 12.19.17 AM.png,Screen Shot 2018-06-13 at 12.19.17 AM.png_freshoranges,2018-06-13 00:19:17,freshoranges::block_7,2,2,freshoranges,freshoranges,0.96056044
test/freshoranges/translation_Screen Shot 2018-06-13 at 12.17.31 AM.png,freshoranges,Screen Shot 2018-06-13 at 12.17.31 AM.png,Screen Shot 2018-06-13 at 12.17.31 AM.png_freshoranges,2018-06-13 00:17:31,freshoranges::block_7,2,2,freshoranges,freshoranges,0.8465594
test/freshoranges/Screen Shot 2018-06-13 at 12.18.34 AM.png,freshoranges,Screen Shot 2018-06-13 at 12.18.34 AM.png,Screen Shot 2018-06-13 at 12.18.34 AM.png_freshoranges,2018-06-13 00:18:34,freshoranges::block_7,2,2,freshoranges,freshoranges,0.43741712
test/rottenapples/rotated_by_75_Screen Shot 2018-06-08 at 2.52.57 PM.png,rottenapples,Screen Shot 2018-06-08 at 2.52.57 PM.png,Screen Shot 2018-06-08 at 2.52.57 PM.png_rottenapples,2018-06-08 14:52:57,rottenapples::block_13,3,3,rottenapples,rottenapples,0.7311066
test/rottenapples/translation_Screen Shot 2018-06-08 at 2.28.00 PM.png,rottenapples,Screen Shot 2018-06-08 at 2.28.00 PM.png,Screen Shot 2018-06-08 at 2.28.00 PM.png_rottenapples,2018-06-08 14:28:00,rottenapples::block_8,3,3,rottenapples,rottenapples,0.8780092
test/rottenapples/translation_Screen Shot 2018-06-08 at 2.52.57 PM.png,rottenapples,Screen Shot 2018-06-08 at 2.52.57 PM.png,Screen Shot 2018-06-08 at 2.52.57 PM.png_rottenapples,2018-06-08 14:52:57,rottenapples::block_13,3,3,rottenapples,rottenapples,0.64479333
test/rottenapples/rotated_by_45_Screen Shot 2018-06-07 at 2.51.01 PM.png,rottenapples,Screen Shot 2018-06-07 at 2.51.01 PM.png,Screen Shot 2018-06-07 at 2.51.01 PM.png_rottenapples,2018-06-07 14:51:01,rottenapples::block_4,3,3,rottenapples,rottenapples,0.61177975
test/rottenapples/Screen Shot 2018-06-07 at 2.51.37 PM.png,rottenapples,Screen Shot 2018-06-07 at 2.51.37 PM.png,Screen Shot 2018-06-07 at 2.51.37 PM.png_rottenapples,2018-06-07 14:51:37,rottenapples::block_4,3,3,rottenapples,rottenapples,0.8693038
test/rottenapples/Screen Shot 2018-06-07 at 2.51.08 PM.png,rottenapples,Screen Shot 2018-06-07 at 2.51.08 PM.png,Screen Shot 2018-06-07 at 2.51.08 PM.png_rottenapples,2018-06-07 14:51:08,rottenapples::block_4,3,3,rottenapples,rottenapples,0.76741576
test/rottenapples/vertical_flip_Screen Shot 2018-06-07 at 2.51.01 PM.png,rottenapples,Screen Shot 2018-06-07 at 2.51.01 PM.png,Screen Shot 2018-06-07 at 2.51.01 PM.png_rottenapples,2018-06-07 14:51:01,rottenapples::block_4,3,3,rottenapples,rottenapples,0.6974724
test/rottenapples/vertical_flip_Screen Shot 2018-06-08 at 2.28.12 PM.png,rottenapples,Screen Shot 2018-06-08 at 2.28.12 PM.png,Screen Shot 2018-06-08 at 2.28.12 PM.png_rottenapples,2018-06-08 14:28:12,rottenapples::block_8,3,3,rottenapples,rottenapples,0.90067405
test/rottenapples/rotated_by_75_Screen Shot 2018-06-07 at 2.54.08 PM.png,rottenapples,Screen Shot 2018-06-07 at 2.54.08 PM.png,Screen Shot 2018-06-07 at 2.54.08 PM.png_rottenapples,2018-06-07 14:54:08,rottenapples::block_4,3,0,rottenapples,freshapples,0.65765876
test/rottenapples/saltandpepper_Screen Shot 2018-06-08 at 2.27.44 PM.png,rottenapples,Screen Shot 2018-06-08 at 2.27.44 PM.png,Screen Shot 2018-06-08 at 2.27.44 PM.png_rottenapples,2018-06-08 14:27:44,rottenapples::block_8,3,3,rottenapples,rottenapples,0.9491148
test/rottenapples/rotated_by_45_Screen Shot 2018-06-08 at 2.28.42 PM.png,rottenapples,Screen Shot 2018-06-08 at 2.28.42 PM.png,Screen Shot 2018-06-08 at 2.28.42 PM.png_rottenapples,2018-06-08 14:28:42,rottenapples::block_8,3,3,rottenapples,rottenapples,0.7301472
test/rottenapples/saltandpepper_Screen Shot 2018-06-07 at 2.54.41 PM.png,rottenapples,Screen Shot 2018-06-07 at 2.54.41 PM.png,Screen Shot 2018-06-07 at 2.54.41 PM.png_rottenapples,2018-06-07 14:54:41,rottenapples::block_4,3,1,rottenapples,freshbanana,0.613859
test/rottenapples/rotated_by_75_Screen Shot 2018-06-07 at 2.54.58 PM.png,rottenapples,Screen Shot 2018-06-07 at 2.54.58 PM.png,Screen Shot 2018-06-07 at 2.54.58 PM.png_rottenapples,2018-06-07 14:54:58,rottenapples::block_4,3,3,rottenapples,rottenapples,0.5236726
test/rottenapples/Screen Shot 2018-06-08 at 2.52.57 PM.png,rottenapples,Screen Shot 2018-06-08 at 2.52.57 PM.png,Screen Shot 2018-06-08 at 2.52.57 PM.png_rottenapples,2018-06-08 14:52:57,rottenapples::block_13,3,3,rottenapples,rottenapples,0.7544261
test/rottenapples/rotated_by_15_Screen Shot 2018-06-08 at 2.28.12 PM.png,rottenapples,Screen Shot 2018-06-08 at 2.28.12 PM.png,Screen Shot 2018-06-08 at 2.28.12 PM.png_rottenapples,2018-06-08 14:28:12,rottenapples::block_8,3,3,rottenapples,rottenapples,0.90084845
test/rottenapples/rotated_by_30_Screen Shot 2018-06-07 at 2.54.58 PM.png,rottenapples,Screen Shot 2018-06-07 at 2.54.58 PM.png,Screen Shot 2018-06-07 at 2.54.58 PM.png_rottenapples,2018-06-07 14:54:58,rottenapples::block_4,3,3,rottenapples,rottenapples,0.5511573
test/rottenapples/Screen Shot 2018-06-08 at 2.28.07 PM.png,rottenapples,Screen Shot 2018-06-08 at 2.28.07 PM.png,Screen Shot 2018-06-08 at 2.28.07 PM.png_rottenapples,2018-06-08 14:28:07,rottenapples::block_8,3,3,rottenapples,rottenapples,0.8943235
test/rottenapples/Screen Shot 2018-06-07 at 2.54.41 PM.png,rottenapples,Screen Shot 2018-06-07 at 2.54.41 PM.png,Screen Shot 2018-06-07 at 2.54.41 PM.png_rottenapples,2018-06-07 14:54:41,rottenapples::block_4,3,1,rottenapples,freshbanana,0.5909716
test/rottenapples/translation_Screen Shot 2018-06-07 at 2.54.58 PM.png,rottenapples,Screen Shot 2018-06-07 at 2.54.58 PM.png,Screen Shot 2018-06-07 at 2.54.58 PM.png_rottenapples,2018-06-07 14:54:58,rottenapples::block_4,3,3,rottenapples,rottenapples,0.3958025
test/rottenapples/saltandpepper_Screen Shot 2018-06-07 at 2.51.01 PM.png,rottenapples,Screen Shot 2018-06-07 at 2.51.01 PM.png,Screen Shot 2018-06-07 at 2.51.01 PM.png_rottenapples,2018-06-07 14:51:01,rottenapples::block_4,3,3,rottenapples,rottenapples,0.7687632
test/rottenapples/saltandpepper_Screen Shot 2018-06-07 at 2.54.08 PM.png,rottenapples,Screen Shot 2018-06-07 at 2.54.08 PM.png,Screen Shot 2018-06-07 at 2.54.08 PM.png_rottenapples,2018-06-07 14:54:08,rottenapples::block_4,3,0,rottenapples,freshapples,0.56446296
test/rottenapples/translation_Screen Shot 2018-06-08 at 2.28.12 PM.png,rottenapples,Screen Shot 2018-06-08 at 2.28.12 PM.png,Screen Shot 2018-06-08 at 2.28.12 PM.png_rottenapples,2018-06-08 14:28:12,rottenapples::block_8,3,3,rottenapples,rottenapples,0.8630998
test/rottenbanana/Screen Shot 2018-06-12 at 9.12.45 PM.png,rottenbanana,Screen Shot 2018-06-12 at 9.12.45 PM.png,Screen Shot 2018-06-12 at 9.12.45 PM.png_rottenbanana,2018-06-12 21:12:45,rottenbanana::block_8,4,4,rottenbanana,rottenbanana,0.67350394
test/rottenbanana/rotated_by_75_Screen Shot 2018-06-12 at 9.14.22 PM.png,rottenbanana,Screen Shot 2018-06-12 at 9.14.22 PM.png,Screen Shot 2018-06-12 at 9.14.22 PM.png_rottenbanana,2018-06-12 21:14:22,rottenbanana::block_8,4,4,rottenbanana,rottenbanana,0.98788446
test/rottenbanana/rotated_by_60_Screen Shot 2018-06-12 at 9.13.34 PM.png,rottenbanana,Screen Shot 2018-06-12 at 9.13.34 PM.png,Screen Shot 2018-06-12 at 9.13.34 PM.png_rottenbanana,2018-06-12 21:13:34,rottenbanana::block_8,4,4,rottenbanana,rottenbanana,0.99207824
test/rottenbanana/vertical_flip_Screen Shot 2018-06-12 at 9.12.32 PM.png,rottenbanana,Screen Shot 2018-06-12 at 9.12.32 PM.png,Screen Shot 2018-06-12 at 9.12.32 PM.png_rottenbanana,2018-06-12 21:12:32,rottenbanana::block_8,4,4,rottenbanana,rottenbanana,0.50495505
test/rottenbanana/rotated_by_60_Screen Shot 2018-06-12 at 9.14.43 PM.png,rottenbanana,Screen Shot 2018-06-12 at 9.14.43 PM.png,Screen Shot 2018-06-12 at 9.14.43 PM.png_rottenbanana,2018-06-12 21:14:43,rottenbanana::block_8,4,4,rottenbanana,rottenbanana,0.99856544
test/rottenbanana/rotated_by_30_Screen Shot 2018-06-12 at 9.03.25 PM.png,rottenbanana,Screen Shot 2018-06-12 at 9.03.25 PM.png,Screen Shot 2018-06-12 at 9.03.25 PM.png_rottenbanana,2018-06-12 21:03:25,rottenbanana::block_5,4,4,rottenbanana,rottenbanana,0.9722805
test/rottenbanana/rotated_by_75_Screen Shot 2018-06-12 at 9.12.32 PM.png,rottenbanana,Screen Shot 2018-06-12 at 9.12.32 PM.png,Screen Shot 2018-06-12 at 9.12.32 PM.png_rottenbanana,2018-06-12 21:12:32,rottenbanana::block_8,4,4,rottenbanana,rottenbanana,0.86765397
test/rottenbanana/translation_Screen Shot 2018-06-12 at 9.03.40 PM.png,rottenbanana,Screen Shot 2018-06-12 at 9.03.40 PM.png,Screen Shot 2018-06-12 at 9.03.40 PM.png_rottenbanana,2018-06-12 21:03:40,rottenbanana::block_5,4,4,rottenbanana,rottenbanana,0.8932266
test/rottenbanana/vertical_flip_Screen Shot 2018-06-12 at 9.14.28 PM.png,rottenbanana,Screen Shot 2018-06-12 at 9.14.28 PM.png,Screen Shot 2018-06-12 at 9.14.28 PM.png_rottenbanana,2018-06-12 21:14:28,rottenbanana::block_8,4,4,rottenbanana,rottenbanana,0.9803535
test/rottenbanana/rotated_by_75_Screen Shot 2018-06-12 at 9.13.54 PM.png,rottenbanana,Screen Shot 2018-06-12 at 9.13.54 PM.png,Screen Shot 2018-06-12 at 9.13.54 PM.png_rottenbanana,2018-06-12 21:13:54,rottenbanana::block_8,4,4,rottenbanana,rottenbanana,0.72598016
test/rottenbanana/rotated_by_75_Screen Shot 2018-06-12 at 9.12.57 PM.png,rottenbanana,Screen Shot 2018-06-12 at 9.12.57 PM.png,Screen Shot 2018-06-12 at 9.12.57 PM.png_rottenbanana,2018-06-12 21:12:57,rottenbanana::block_8,4,4,rottenbanana,rottenbanana,0.9468
test/rottenbanana/rotated_by_75_Screen Shot 2018-06-12 at 9.03.25 PM.png,rottenbanana,Screen Shot 2018-06-12 at 9.03.25 PM.png,Screen Shot 2018-06-12 at 9.03.25 PM.png_rottenbanana,2018-06-12 21:03:25,rottenbanana::block_5,4,4,rottenbanana,rottenbanana,0.9680589
test/rottenbanana/rotated_by_45_Screen Shot 2018-06-12 at 9.13.39 PM.png,rottenbanana,Screen Shot 2018-06-12 at 9.13.39 PM.png,Screen Shot 2018-06-12 at 9.13.39 PM.png_rottenbanana,2018-06-12 21:13:39,rottenbanana::block_8,4,4,rottenbanana,rottenbanana,0.99038017
test/rottenbanana/rotated_by_75_Screen Shot 2018-06-12 at 9.13.39 PM.png,rottenbanana,Screen Shot 2018-06-12 at 9.13.39 PM.png,Screen Shot 2018-06-12 at 9.13.39 PM.png_rottenbanana,2018-06-12 21:13:39,rottenbanana::block_8,4,4,rottenbanana,rottenbanana,0.9924171
test/rottenbanana/Screen Shot 2018-06-12 at 9.13.16 PM.png,rottenbanana,Screen Shot 2018-06-12 at 9.13.16 PM.png,Screen Shot 2018-06-12 at 9.13.16 PM.png_rottenbanana,2018-06-12 21:13:16,rottenbanana::block_8,4,5,rottenbanana,rottenoranges,0.6023969
test/rottenbanana/rotated_by_15_Screen Shot 2018-06-12 at 9.12.57 PM.png,rottenbanana,Screen Shot 2018-06-12 at 9.12.57 PM.png,Screen Shot 2018-06-12 at 9.12.57 PM.png_rottenbanana,2018-06-12 21:12:57,rottenbanana::block_8,4,4,rottenbanana,rottenbanana,0.958176
test/rottenbanana/rotated_by_75_Screen Shot 2018-06-12 at 9.03.40 PM.png,rottenbanana,Screen Shot 2018-06-12 at 9.03.40 PM.png,Screen Shot 2018-06-12 at 9.03.40 PM.png_rottenbanana,2018-06-12 21:03:40,rottenbanana::block_5,4,4,rottenbanana,rottenbanana,0.8280419
test/rottenbanana/Screen Shot 2018-06-12 at 9.12.57 PM.png,rottenbanana,Screen Shot 2018-06-12 at 9.12.57 PM.png,Screen Shot 2018-06-12 at 9.12.57 PM.png_rottenbanana,2018-06-12 21:12:57,rottenbanana::block_8,4,4,rottenbanana,rottenbanana,0.9665991
test/rottenbanana/rotated_by_60_Screen Shot 2018-06-12 at 9.12.45 PM.png,rottenbanana,Screen Shot 2018-06-12 at 9.12.45 PM.png,Screen Shot 2018-06-12 at 9.12.45 PM.png_rottenbanana,2018-06-12 21:12:45,rottenbanana::block_8,4,4,rottenbanana,rottenbanana,0.80854076
test/rottenbanana/rotated_by_15_Screen Shot 2018-06-12 at 9.13.39 PM.png,rottenbanana,Screen Shot 2018-06-12 at 9.13.39 PM.png,Screen Shot 2018-06-12 at 9.13.39 PM.png_rottenbanana,2018-06-12 21:13:39,rottenbanana::block_8,4,4,rottenbanana,rottenbanana,0.99226826
test/rottenbanana/rotated_by_60_Screen Shot 2018-06-12 at 9.13.16 PM.png,rottenbanana,Screen Shot 2018-06-12 at 9.13.16 PM.png,Screen Shot 2018-06-12 at 9.13.16 PM.png_rottenbanana,2018-06-12 21:13:16,rottenbanana::block_8,4,5,rottenbanana,rottenoranges,0.7138975
test/rottenbanana/rotated_by_60_Screen Shot 2018-06-12 at 9.03.30 PM.png,rottenbanana,Screen Shot 2018-06-12 at 9.03.30 PM.png,Screen Shot 2018-06-12 at 9.03.30 PM.png_rottenbanana,2018-06-12 21:03:30,rottenbanana::block_5,4,4,rottenbanana,rottenbanana,0.98401505
test/rottenbanana/rotated_by_75_Screen Shot 2018-06-12 at 9.12.11 PM.png,rottenbanana,Screen Shot 2018-06-12 at 9.12.11 PM.png,Screen Shot 2018-06-12 at 9.12.11 PM.png_rottenbanana,2018-06-12 21:12:11,rottenbanana::block_8,4,4,rottenbanana,rottenbanana,0.99374557
test/rottenbanana/saltandpepper_Screen Shot 2018-06-12 at 9.12.11 PM.png,rottenbanana,Screen Shot 2018-06-12 at 9.12.11 PM.png,Screen Shot 2018-06-12 at 9.12.11 PM.png_rottenbanana,2018-06-12 21:12:11,rottenbanana::block_8,4,4,rottenbanana,rottenbanana,0.99310315
test/rottenbanana/Screen Shot 2018-06-12 at 9.13.44 PM.png,rottenbanana,Screen Shot 2018-06-12 at 9.13.44 PM.png,Screen Shot 2018-06-12 at 9.13.44 PM.png_rottenbanana,2018-06-12 21:13:44,rottenbanana::block_8,4,4,rottenbanana,rottenbanana,0.94070035
test/rottenbanana/saltandpepper_Screen Shot 2018-06-12 at 9.14.43 PM.png,rottenbanana,Screen Shot 2018-06-12 at 9.14.43 PM.png,Screen Shot 2018-06-12 at 9.14.43 PM.png_rottenbanana,2018-06-12 21:14:43,rottenbanana::block_8,4,4,rottenbanana,rottenbanana,0.9969658
test/rottenbanana/Screen Shot 2018-06-12 at 9.14.07 PM.png,rottenbanana,Screen Shot 2018-06-12 at 9.14.07 PM.png,Screen Shot 2018-06-12 at 9.14.07 PM.png_rottenbanana,2018-06-12 21:14:07,rottenbanana::block_8,4,4,rottenbanana,rottenbanana,0.9962907
test/rottenbanana/saltandpepper_Screen Shot 2018-06-12 at 9.14.28 PM.png,rottenbanana,Screen Shot 2018-06-12 at 9.14.28 PM.png,Screen Shot 2018-06-12 at 9.14.28 PM.png_rottenbanana,2018-06-12 21:14:28,rottenbanana::block_8,4,4,rottenbanana,rottenbanana,0.98774964
test/rottenbanana/rotated_by_45_Screen Shot 2018-06-12 at 9.03.21 PM.png,rottenbanana,Screen Shot 2018-06-12 at 9.03.21 PM.png,Screen Shot 2018-06-12 at 9.03.21 PM.png_rottenbanana,2018-06-12 21:03:21,rottenbanana::block_5,4,4,rottenbanana,rottenbanana,0.9346299
test/rottenbanana/rotated_by_15_Screen Shot 2018-06-12 at 9.12.45 PM.png,rottenbanana,Screen Shot 2018-06-12 at 9.12.45 PM.png,Screen Shot 2018-06-12 at 9.12.45 PM.png_rottenbanana,2018-06-12 21:12:45,rottenbanana::block_8,4,4,rottenbanana,rottenbanana,0.69394124
test/rottenbanana/Screen Shot 2018-06-12 at 9.13.34 PM.png,rottenbanana,Screen Shot 2018-06-12 at 9.13.34 PM.png,Screen Shot 2018-06-12 at 9.13.34 PM.png_rottenbanana,2018-06-12 21:13:34,rottenbanana::block_8,4,4,rottenbanana,rottenbanana,0.99166816
test/rottenbanana/rotated_by_45_Screen Shot 2018-06-12 at 9.14.28 PM.png,rottenbanana,Screen Shot 2018-06-12 at 9.14.28 PM.png,Screen Shot 2018-06-12 at 9.14.28 PM.png_rottenbanana,2018-06-12 21:14:28,rottenbanana::block_8,4,4,rottenbanana,rottenbanana,0.99053746
test/rottenbanana/rotated_by_15_Screen Shot 2018-06-12 at 9.12.32 PM.png,rottenbanana,Screen Shot 2018-06-12 at 9.12.32 PM.png,Screen Shot 2018-06-12 at 9.12.32 PM.png_rottenbanana,2018-06-12 21:12:32,rottenbanana::block_8,4,4,rottenbanana,rottenbanana,0.608585
test/rottenbanana/rotated_by_30_Screen Shot 2018-06-12 at 9.12.17 PM.png,rottenbanana,Screen Shot 2018-06-12 at 9.12.17 PM.png,Screen Shot 2018-06-12 at 9.12.17 PM.png_rottenbanana,2018-06-12 21:12:17,rottenbanana::block_8,4,4,rottenbanana,rottenbanana,0.98772717
test/rottenbanana/translation_Screen Shot 2018-06-12 at 9.14.43 PM.png,rottenbanana,Screen Shot 2018-06-12 at 9.14.43 PM.png,Screen Shot 2018-06-12 at 9.14.43 PM.png_rottenbanana,2018-06-12 21:14:43,rottenbanana::block_8,4,4,rottenbanana,rottenbanana,0.9917715
test/rottenbanana/saltandpepper_Screen Shot 2018-06-12 at 9.12.57 PM.png,rottenbanana,Screen Shot 2018-06-12 at 9.12.57 PM.png,Screen Shot 2018-06-12 at 9.12.57 PM.png_rottenbanana,2018-06-12 21:12:57,rottenbanana::block_8,4,4,rottenbanana,rottenbanana,0.9955349
test/rottenbanana/Screen Shot 2018-06-12 at 9.14.22 PM.png,rottenbanana,Screen Shot 2018-06-12 at 9.14.22 PM.png,Screen Shot 2018-06-12 at 9.14.22 PM.png_rottenbanana,2018-06-12 21:14:22,rottenbanana::block_8,4,4,rottenbanana,rottenbanana,0.9979369
test/rottenbanana/saltandpepper_Screen Shot 2018-06-12 at 9.03.30 PM.png,rottenbanana,Screen Shot 2018-06-12 at 9.03.30 PM.png,Screen Shot 2018-06-12 at 9.03.30 PM.png_rottenbanana,2018-06-12 21:03:30,rottenbanana::block_5,4,4,rottenbanana,rottenbanana,0.99281245
test/rottenbanana/translation_Screen Shot 2018-06-12 at 9.13.39 PM.png,rottenbanana,Screen Shot 2018-06-12 at 9.13.39 PM.png,Screen Shot 2018-06-12 at 9.13.39 PM.png_rottenbanana,2018-06-12 21:13:39,rottenbanana::block_8,4,4,rottenbanana,rottenbanana,0.9862039
test/rottenoranges/rotated_by_75_Screen Shot 2018-06-12 at 11.29.58 PM.png,rottenoranges,Screen Shot 2018-06-12 at 11.29.58 PM.png,Screen Shot 2018-06-12 at 11.29.58 PM.png_rottenoranges,2018-06-12 23:29:58,rottenoranges::block_3,5,5,rottenoranges,rottenoranges,0.6624544
test/rottenoranges/rotated_by_30_Screen Shot 2018-06-12 at 11.29.36 PM.png,rottenoranges,Screen Shot 2018-06-12 at 11.29.36 PM.png,Screen Shot 2018-06-12 at 11.29.36 PM.png_rottenoranges,2018-06-12 23:29:36,rottenoranges::block_3,5,3,rottenoranges,rottenapples,0.56633115
test/rottenoranges/rotated_by_45_Screen Shot 2018-06-12 at 11.29.10 PM.png,rottenoranges,Screen Shot 2018-06-12 at 11.29.10 PM.png,Screen Shot 2018-06-12 at 11.29.10 PM.png_rottenoranges,2018-06-12 23:29:10,rottenoranges::block_3,5,5,rottenoranges,rottenoranges,0.8917946
test/rottenoranges/rotated_by_15_Screen Shot 2018-06-12 at 11.29.31 PM.png,rottenoranges,Screen Shot 2018-06-12 at 11.29.31 PM.png,Screen Shot 2018-06-12 at 11.29.31 PM.png_rottenoranges,2018-06-12 23:29:31,rottenoranges::block_3,5,3,rottenoranges,rottenapples,0.6992558
test/rottenoranges/saltandpepper_Screen Shot 2018-06-12 at 11.29.51 PM.png,rottenoranges,Screen Shot 2018-06-12 at 11.29.51 PM.png,Screen Shot 2018-06-12 at 11.29.51 PM.png_rottenoranges,2018-06-12 23:29:51,rottenoranges::block_3,5,5,rottenoranges,rottenoranges,0.8291558
test/rottenoranges/rotated_by_15_Screen Shot 2018-06-12 at 11.29.58 PM.png,rottenoranges,Screen Shot 2018-06-12 at 11.29.58 PM.png,Screen Shot 2018-06-12 at 11.29.58 PM.png_rottenoranges,2018-06-12 23:29:58,rottenoranges::block_3,5,5,rottenoranges,rottenoranges,0.6187875
test/rottenoranges/Screen Shot 2018-06-12 at 11.29.31 PM.png,rottenoranges,Screen Shot 2018-06-12 at 11.29.31 PM.png,Screen Shot 2018-06-12 at 11.29.31 PM.png_rottenoranges,2018-06-12 23:29:31,rottenoranges::block_3,5,3,rottenoranges,rottenapples,0.680745
test/rottenoranges/rotated_by_45_Screen Shot 2018-06-12 at 11.29.26 PM.png,rottenoranges,Screen Shot 2018-06-12 at 11.29.26 PM.png,Screen Shot 2018-06-12 at 11.29.26 PM.png_rottenoranges,2018-06-12 23:29:26,rottenoranges::block_3,5,5,rottenoranges,rottenoranges,0.77872676
test/rottenoranges/rotated_by_75_Screen Shot 2018-06-12 at 11.27.30 PM.png,rottenoranges,Screen Shot 2018-06-12 at 11.27.30 PM.png,Screen Shot 2018-06-12 at 11.27.30 PM.png_rottenoranges,2018-06-12 23:27:30,rottenoranges::block_3,5,5,rottenoranges,rottenoranges,0.9263161
test/rottenoranges/rotated_by_60_Screen Shot 2018-06-12 at 11.29.03 PM.png,rottenoranges,Screen Shot 2018-06-12 at 11.29.03 PM.png,Screen Shot 2018-06-12 at 11.29.03 PM.png_rottenoranges,2018-06-12 23:29:03,rottenoranges::block_3,5,5,rottenoranges,rottenoranges,0.6851325
test/rottenoranges/rotated_by_30_Screen Shot 2018-06-12 at 11.29.14 PM.png,rottenoranges,Screen Shot 2018-06-12 at 11.29.14 PM.png,Screen Shot 2018-06-12 at 11.29.14 PM.png_rottenoranges,2018-06-12 23:29:14,rottenoranges::block_3,5,3,rottenoranges,rottenapples,0.88341373
test/rottenoranges/rotated_by_60_Screen Shot 2018-06-12 at 11.29.31 PM.png,rottenoranges,Screen Shot 2018-06-12 at 11.29.31 PM.png,Screen Shot 2018-06-12 at 11.29.31 PM.png_rottenoranges,2018-06-12 23:29:31,rottenoranges::block_3,5,3,rottenoranges,rottenapples,0.6277532
train/freshapples/vertical_flip_Screen Shot 2018-06-08 at 5.20.17 PM.png,freshapples,Screen Shot 2018-06-08 at 5.20.17 PM.png,Screen Shot 2018-06-08 at 5.20.17 PM.png_freshapples,2018-06-08 17:20:17,freshapples::block_5,0,0,freshapples,freshapples,0.999998
train/freshapples/translation_Screen Shot 2018-06-08 at 5.20.17 PM.png,freshapples,Screen Shot 2018-06-08 at 5.20.17 PM.png,Screen Shot 2018-06-08 at 5.20.17 PM.png_freshapples,2018-06-08 17:20:17,freshapples::block_5,0,0,freshapples,freshapples,0.9999969
train/freshapples/rotated_by_15_Screen Shot 2018-06-08 at 5.33.33 PM.png,freshapples,Screen Shot 2018-06-08 at 5.33.33 PM.png,Screen Shot 2018-06-08 at 5.33.33 PM.png_freshapples,2018-06-08 17:33:33,freshapples::block_9,0,3,freshapples,rottenapples,0.66414106
train/freshapples/saltandpepper_Screen Shot 2018-06-08 at 5.33.55 PM.png,freshapples,Screen Shot 2018-06-08 at 5.33.55 PM.png,Screen Shot 2018-06-08 at 5.33.55 PM.png_freshapples,2018-06-08 17:33:55,freshapples::block_9,0,0,freshapples,freshapples,0.9999926
train/freshapples/saltandpepper_Screen Shot 2018-06-08 at 5.18.42 PM.png,freshapples,Screen Shot 2018-06-08 at 5.18.42 PM.png,Screen Shot 2018-06-08 at 5.18.42 PM.png_freshapples,2018-06-08 17:18:42,freshapples::block_5,0,0,freshapples,freshapples,0.9999529
train/freshapples/rotated_by_75_Screen Shot 2018-06-08 at 5.33.33 PM.png,freshapples,Screen Shot 2018-06-08 at 5.33.33 PM.png,Screen Shot 2018-06-08 at 5.33.33 PM.png_freshapples,2018-06-08 17:33:33,freshapples::block_9,0,3,freshapples,rottenapples,0.6474869
train/freshapples/rotated_by_15_Screen Shot 2018-06-08 at 5.18.42 PM.png,freshapples,Screen Shot 2018-06-08 at 5.18.42 PM.png,Screen Shot 2018-06-08 at 5.18.42 PM.png_freshapples,2018-06-08 17:18:42,freshapples::block_5,0,0,freshapples,freshapples,0.9999268
train/freshapples/translation_Screen Shot 2018-06-08 at 5.33.55 PM.png,freshapples,Screen Shot 2018-06-08 at 5.33.55 PM.png,Screen Shot 2018-06-08 at 5.33.55 PM.png_freshapples,2018-06-08 17:33:55,freshapples::block_9,0,0,freshapples,freshapples,0.9999865
train/freshapples/Screen Shot 2018-06-08 at 5.18.51 PM.png,freshapples,Screen Shot 2018-06-08 at 5.18.51 PM.png,Screen Shot 2018-06-08 at 5.18.51 PM.png_freshapples,2018-06-08 17:18:51,freshapples::block_5,0,0,freshapples,freshapples,0.9999994
train/freshapples/translation_Screen Shot 2018-06-08 at 5.33.33 PM.png,freshapples,Screen Shot 2018-06-08 at 5.33.33 PM.png,Screen Shot 2018-06-08 at 5.33.33 PM.png_freshapples,2018-06-08 17:33:33,freshapples::block_9,0,3,freshapples,rottenapples,0.52662677
train/freshapples/rotated_by_60_Screen Shot 2018-06-08 at 5.33.55 PM.png,freshapples,Screen Shot 2018-06-08 at 5.33.55 PM.png,Screen Shot 2018-06-08 at 5.33.55 PM.png_freshapples,2018-06-08 17:33:55,freshapples::block_9,0,0,freshapples,freshapples,0.9999902
train/freshapples/rotated_by_30_Screen Shot 2018-06-08 at 5.33.55 PM.png,freshapples,Screen Shot 2018-06-08 at 5.33.55 PM.png,Screen Shot 2018-06-08 at 5.33.55 PM.png_freshapples,2018-06-08 17:33:55,freshapples::block_9,0,0,freshapples,freshapples,0.99998903
train/freshapples/rotated_by_75_Screen Shot 2018-06-08 at 5.33.55 PM.png,freshapples,Screen Shot 2018-06-08 at 5.33.55 PM.png,Screen Shot 2018-06-08 at 5.33.55 PM.png_freshapples,2018-06-08 17:33:55,freshapples::block_9,0,0,freshapples,freshapples,0.99999034
train/freshapples/rotated_by_75_Screen Shot 2018-06-08 at 5.20.17 PM.png,freshapples,Screen Shot 2018-06-08 at 5.20.17 PM.png,Screen Shot 2018-06-08 at 5.20.17 PM.png_freshapples,2018-06-08 17:20:17,freshapples::block_5,0,0,freshapples,freshapples,0.9999963
train/freshapples/vertical_flip_Screen Shot 2018-06-08 at 5.33.55 PM.png,freshapples,Screen Shot 2018-06-08 at 5.33.55 PM.png,Screen Shot 2018-06-08 at 5.33.55 PM.png_freshapples,2018-06-08 17:33:55,freshapples::block_9,0,0,freshapples,freshapples,0.999992
train/freshapples/rotated_by_15_Screen Shot 2018-06-08 at 5.33.55 PM.png,freshapples,Screen Shot 2018-06-08 at 5.33.55 PM.png,Screen Shot 2018-06-08 at 5.33.55 PM.png_freshapples,2018-06-08 17:33:55,freshapples::block_9,0,0,freshapples,freshapples,0.9999902
train/freshapples/rotated_by_45_Screen Shot 2018-06-08 at 5.33.33 PM.png,freshapples,Screen Shot 2018-06-08 at 5.33.33 PM.png,Screen Shot 2018-06-08 at 5.33.33 PM.png_freshapples,2018-06-08 17:33:33,freshapples::block_9,0,3,freshapples,rottenapples,0.6520468
train/freshapples/Screen Shot 2018-06-08 at 5.33.33 PM.png,freshapples,Screen Shot 2018-06-08 at 5.33.33 PM.png,Screen Shot 2018-06-08 at 5.33.33 PM.png_freshapples,2018-06-08 17:33:33,freshapples::block_9,0,3,freshapples,rottenapples,0.6394714
train/freshapples/rotated_by_60_Screen Shot 2018-06-08 at 5.20.17 PM.png,freshapples,Screen Shot 2018-06-08 at 5.20.17 PM.png,Screen Shot 2018-06-08 at 5.20.17 PM.png_freshapples,2018-06-08 17:20:17,freshapples::block_5,0,0,freshapples,freshapples,0.99999666
train/freshapples/saltandpepper_Screen Shot 2018-06-08 at 5.20.17 PM.png,freshapples,Screen Shot 2018-06-08 at 5.20.17 PM.png,Screen Shot 2018-06-08 at 5.20.17 PM.png_freshapples,2018-06-08 17:20:17,freshapples::block_5,0,0,freshapples,freshapples,0.9999981
train/freshapples/rotated_by_45_Screen Shot 2018-06-08 at 5.18.51 PM.png,freshapples,Screen Shot 2018-06-08 at 5.18.51 PM.png,Screen Shot 2018-06-08 at 5.18.51 PM.png_freshapples,2018-06-08 17:18:51,freshapples::block_5,0,0,freshapples,freshapples,0.99999917
train/freshapples/vertical_flip_Screen Shot 2018-06-08 at 5.18.42 PM.png,freshapples,Screen Shot 2018-06-08 at 5.18.42 PM.png,Screen Shot 2018-06-08 at 5.18.42 PM.png_freshapples,2018-06-08 17:18:42,freshapples::block_5,0,0,freshapples,freshapples,0.9999465
train/freshapples/rotated_by_75_Screen Shot 2018-06-08 at 5.18.42 PM.png,freshapples,Screen Shot 2018-06-08 at 5.18.42 PM.png,Screen Shot 2018-06-08 at 5.18.42 PM.png_freshapples,2018-06-08 17:18:42,freshapples::block_5,0,0,freshapples,freshapples,0.99985933
train/freshapples/rotated_by_30_Screen Shot 2018-06-08 at 5.33.33 PM.png,freshapples,Screen Shot 2018-06-08 at 5.33.33 PM.png,Screen Shot 2018-06-08 at 5.33.33 PM.png_freshapples,2018-06-08 17:33:33,freshapples::block_9,0,3,freshapples,rottenapples,0.6662194
train/freshapples/rotated_by_75_Screen Shot 2018-06-08 at 5.18.51 PM.png,freshapples,Screen Shot 2018-06-08 at 5.18.51 PM.png,Screen Shot 2018-06-08 at 5.18.51 PM.png_freshapples,2018-06-08 17:18:51,freshapples::block_5,0,0,freshapples,freshapples,0.99999917
train/freshapples/saltandpepper_Screen Shot 2018-06-08 at 5.33.33 PM.png,freshapples,Screen Shot 2018-06-08 at 5.33.33 PM.png,Screen Shot 2018-06-08 at 5.33.33 PM.png_freshapples,2018-06-08 17:33:33,freshapples::block_9,0,3,freshapples,rottenapples,0.7213098
train/freshapples/rotated_by_15_Screen Shot 2018-06-08 at 5.18.51 PM.png,freshapples,Screen Shot 2018-06-08 at 5.18.51 PM.png,Screen Shot 2018-06-08 at 5.18.51 PM.png_freshapples,2018-06-08 17:18:51,freshapples::block_5,0,0,freshapples,freshapples,0.99999917
train/freshapples/Screen Shot 2018-06-08 at 5.20.17 PM.png,freshapples,Screen Shot 2018-06-08 at 5.20.17 PM.png,Screen Shot 2018-06-08 at 5.20.17 PM.png_freshapples,2018-06-08 17:20:17,freshapples::block_5,0,0,freshapples,freshapples,0.999998
train/freshapples/rotated_by_15_Screen Shot 2018-06-08 at 5.20.17 PM.png,freshapples,Screen Shot 2018-06-08 at 5.20.17 PM.png,Screen Shot 2018-06-08 at 5.20.17 PM.png_freshapples,2018-06-08 17:20:17,freshapples::block_5,0,0,freshapples,freshapples,0.99999714
train/freshapples/rotated_by_30_Screen Shot 2018-06-08 at 5.18.42 PM.png,freshapples,Screen Shot 2018-06-08 at 5.18.42 PM.png,Screen Shot 2018-06-08 at 5.18.42 PM.png_freshapples,2018-06-08 17:18:42,freshapples::block_5,0,0,freshapples,freshapples,0.999905
train/freshapples/rotated_by_30_Screen Shot 2018-06-08 at 5.18.51 PM.png,freshapples,Screen Shot 2018-06-08 at 5.18.51 PM.png,Screen Shot 2018-06-08 at 5.18.51 PM.png_freshapples,2018-06-08 17:18:51,freshapples::block_5,0,0,freshapples,freshapples,0.99999905
train/freshapples/Screen Shot 2018-06-08 at 5.33.55 PM.png,freshapples,Screen Shot 2018-06-08 at 5.33.55 PM.png,Screen Shot 2018-06-08 at 5.33.55 PM.png_freshapples,2018-06-08 17:33:55,freshapples::block_9,0,0,freshapples,freshapples,0.9999927
train/freshapples/rotated_by_45_Screen Shot 2018-06-08 at 5.20.17 PM.png,freshapples,Screen Shot 2018-06-08 at 5.20.17 PM.png,Screen Shot 2018-06-08 at 5.20.17 PM.png_freshapples,2018-06-08 17:20:17,freshapples::block_5,0,0,freshapples,freshapples,0.99999654
train/freshapples/Screen Shot 2018-06-08 at 5.18.42 PM.png,freshapples,Screen Shot 2018-06-08 at 5.18.42 PM.png,Screen Shot 2018-06-08 at 5.18.42 PM.png_freshapples,2018-06-08 17:18:42,freshapples::block_5,0,0,freshapples,freshapples,0.99994886
train/freshapples/translation_Screen Shot 2018-06-08 at 5.18.42 PM.png,freshapples,Screen Shot 2018-06-08 at 5.18.42 PM.png,Screen Shot 2018-06-08 at 5.18.42 PM.png_freshapples,2018-06-08 17:18:42,freshapples::block_5,0,0,freshapples,freshapples,0.9999374
train/freshapples/vertical_flip_Screen Shot 2018-06-08 at 5.33.33 PM.png,freshapples,Screen Shot 2018-06-08 at 5.33.33 PM.png,Screen Shot 2018-06-08 at 5.33.33 PM.png_freshapples,2018-06-08 17:33:33,freshapples::block_9,0,3,freshapples,rottenapples,0.62441313
train/freshapples/rotated_by_60_Screen Shot 2018-06-08 at 5.18.42 PM.png,freshapples,Screen Shot 2018-06-08 at 5.18.42 PM.png,Screen Shot 2018-06-08 at 5.18.42 PM.png_freshapples,2018-06-08 17:18:42,freshapples::block_5,0,0,freshapples,freshapples,0.99987066
train/freshapples/vertical_flip_Screen Shot 2018-06-08 at 5.18.51 PM.png,freshapples,Screen Shot 2018-06-08 at 5.18.51 PM.png,Screen Shot 2018-06-08 at 5.18.51 PM.png_freshapples,2018-06-08 17:18:51,freshapples::block_5,0,0,freshapples,freshapples,0.9999994
train/freshbanana/saltandpepper_Screen Shot 2018-06-12 at 9.58.16 PM.png,freshbanana,Screen Shot 2018-06-12 at 9.58.16 PM.png,Screen Shot 2018-06-12 at 9.58.16 PM.png_freshbanana,2018-06-12 21:58:16,freshbanana::block_6,1,1,freshbanana,freshbanana,0.90971375
train/freshbanana/rotated_by_30_Screen Shot 2018-06-12 at 9.58.16 PM.png,freshbanana,Screen Shot 2018-06-12 at 9.58.16 PM.png,Screen Shot 2018-06-12 at 9.58.16 PM.png_freshbanana,2018-06-12 21:58:16,freshbanana::block_6,1,1,freshbanana,freshbanana,0.78996
train/freshbanana/rotated_by_45_Screen Shot 2018-06-12 at 9.58.16 PM.png,freshbanana,Screen Shot 2018-06-12 at 9.58.16 PM.png,Screen Shot 2018-06-12 at 9.58.16 PM.png_freshbanana,2018-06-12 21:58:16,freshbanana::block_6,1,1,freshbanana,freshbanana,0.79619026
train/freshbanana/Screen Shot 2018-06-12 at 9.58.16 PM.png,freshbanana,Screen Shot 2018-06-12 at 9.58.16 PM.png,Screen Shot 2018-06-12 at 9.58.16 PM.png_freshbanana,2018-06-12 21:58:16,freshbanana::block_6,1,1,freshbanana,freshbanana,0.9005242
train/freshoranges/rotated_by_30_Screen Shot 2018-06-13 at 12.17.01 AM.png,freshoranges,Screen Shot 2018-06-13 at 12.17.01 AM.png,Screen Shot 2018-06-13 at 12.17.01 AM.png_freshoranges,2018-06-13 00:17:01,freshoranges::block_7,2,2,freshoranges,freshoranges,0.8420163
train/freshoranges/translation_Screen Shot 2018-06-13 at 12.18.23 AM.png,freshoranges,Screen Shot 2018-06-13 at 12.18.23 AM.png,Screen Shot 2018-06-13 at 12.18.23 AM.png_freshoranges,2018-06-13 00:18:23,freshoranges::block_7,2,2,freshoranges,freshoranges,0.89374065
train/freshoranges/rotated_by_15_Screen Shot 2018-06-13 at 12.17.01 AM.png,freshoranges,Screen Shot 2018-06-13 at 12.17.01 AM.png,Screen Shot 2018-06-13 at 12.17.01 AM.png_freshoranges,2018-06-13 00:17:01,freshoranges::block_7,2,2,freshoranges,freshoranges,0.81681323
train/freshoranges/rotated_by_60_Screen Shot 2018-06-13 at 12.18.23 AM.png,freshoranges,Screen Shot 2018-06-13 at 12.18.23 AM.png,Screen Shot 2018-06-13 at 12.18.23 AM.png_freshoranges,2018-06-13 00:18:23,freshoranges::block_7,2,2,freshoranges,freshoranges,0.887101
train/freshoranges/rotated_by_45_Screen Shot 2018-06-13 at 12.18.23 AM.png,freshoranges,Screen Shot 2018-06-13 at 12.18.23 AM.png,Screen Shot 2018-06-13 at 12.18.23 AM.png_freshoranges,2018-06-13 00:18:23,freshoranges::block_7,2,2,freshoranges,freshoranges,0.8918484
train/freshoranges/saltandpepper_Screen Shot 2018-06-13 at 12.17.01 AM.png,freshoranges,Screen Shot 2018-06-13 at 12.17.01 AM.png,Screen Shot 2018-06-13 at 12.17.01 AM.png_freshoranges,2018-06-13 00:17:01,freshoranges::block_7,2,2,freshoranges,freshoranges,0.7280631
train/freshoranges/Screen Shot 2018-06-13 at 12.17.01 AM.png,freshoranges,Screen Shot 2018-06-13 at 12.17.01 AM.png,Screen Shot 2018-06-13 at 12.17.01 AM.png_freshoranges,2018-06-13 00:17:01,freshoranges::block_7,2,2,freshoranges,freshoranges,0.80686545
train/freshoranges/vertical_flip_Screen Shot 2018-06-13 at 12.17.01 AM.png,freshoranges,Screen Shot 2018-06-13 at 12.17.01 AM.png,Screen Shot 2018-06-13 at 12.17.01 AM.png_freshoranges,2018-06-13 00:17:01,freshoranges::block_7,2,2,freshoranges,freshoranges,0.80450296
train/freshoranges/saltandpepper_Screen Shot 2018-06-13 at 12.18.23 AM.png,freshoranges,Screen Shot 2018-06-13 at 12.18.23 AM.png,Screen Shot 2018-06-13 at 12.18.23 AM.png_freshoranges,2018-06-13 00:18:23,freshoranges::block_7,2,2,freshoranges,freshoranges,0.6886693
train/freshoranges/rotated_by_30_Screen Shot 2018-06-13 at 12.18.23 AM.png,freshoranges,Screen Shot 2018-06-13 at 12.18.23 AM.png,Screen Shot 2018-06-13 at 12.18.23 AM.png_freshoranges,2018-06-13 00:18:23,freshoranges::block_7,2,2,freshoranges,freshoranges,0.87692505
train/freshoranges/rotated_by_75_Screen Shot 2018-06-13 at 12.17.01 AM.png,freshoranges,Screen Shot 2018-06-13 at 12.17.01 AM.png,Screen Shot 2018-06-13 at 12.17.01 AM.png_freshoranges,2018-06-13 00:17:01,freshoranges::block_7,2,2,freshoranges,freshoranges,0.82782286
train/freshoranges/Screen Shot 2018-06-13 at 12.18.23 AM.png,freshoranges,Screen Shot 2018-06-13 at 12.18.23 AM.png,Screen Shot 2018-06-13 at 12.18.23 AM.png_freshoranges,2018-06-13 00:18:23,freshoranges::block_7,2,2,freshoranges,freshoranges,0.85528827
train/freshoranges/rotated_by_15_Screen Shot 2018-06-13 at 12.18.23 AM.png,freshoranges,Screen Shot 2018-06-13 at 12.18.23 AM.png,Screen Shot 2018-06-13 at 12.18.23 AM.png_freshoranges,2018-06-13 00:18:23,freshoranges::block_7,2,2,freshoranges,freshoranges,0.85773337
train/rottenapples/vertical_flip_Screen Shot 2018-06-07 at 2.54.49 PM.png,rottenapples,Screen Shot 2018-06-07 at 2.54.49 PM.png,Screen Shot 2018-06-07 at 2.54.49 PM.png_rottenapples,2018-06-07 14:54:49,rottenapples::block_4,3,3,rottenapples,rottenapples,0.7850096
train/rottenapples/rotated_by_15_Screen Shot 2018-06-07 at 2.51.16 PM.png,rottenapples,Screen Shot 2018-06-07 at 2.51.16 PM.png,Screen Shot 2018-06-07 at 2.51.16 PM.png_rottenapples,2018-06-07 14:51:16,rottenapples::block_4,3,3,rottenapples,rottenapples,0.88685894
train/rottenapples/vertical_flip_Screen Shot 2018-06-07 at 2.55.27 PM.png,rottenapples,Screen Shot 2018-06-07 at 2.55.27 PM.png,Screen Shot 2018-06-07 at 2.55.27 PM.png_rottenapples,2018-06-07 14:55:27,rottenapples::block_4,3,3,rottenapples,rottenapples,0.9547888
train/rottenapples/vertical_flip_Screen Shot 2018-06-08 at 2.28.23 PM.png,rottenapples,Screen Shot 2018-06-08 at 2.28.23 PM.png,Screen Shot 2018-06-08 at 2.28.23 PM.png_rottenapples,2018-06-08 14:28:23,rottenapples::block_8,3,0,rottenapples,freshapples,0.96431553
train/rottenapples/rotated_by_30_Screen Shot 2018-06-08 at 2.29.33 PM.png,rottenapples,Screen Shot 2018-06-08 at 2.29.33 PM.png,Screen Shot 2018-06-08 at 2.29.33 PM.png_rottenapples,2018-06-08 14:29:33,rottenapples::block_8,3,3,rottenapples,rottenapples,0.89005816
train/rottenapples/rotated_by_75_Screen Shot 2018-06-08 at 2.27.15 PM.png,rottenapples,Screen Shot 2018-06-08 at 2.27.15 PM.png,Screen Shot 2018-06-08 at 2.27.15 PM.png_rottenapples,2018-06-08 14:27:15,rottenapples::block_8,3,3,rottenapples,rottenapples,0.65707076
train/rottenapples/Screen Shot 2018-06-07 at 2.55.27 PM.png,rottenapples,Screen Shot 2018-06-07 at 2.55.27 PM.png,Screen Shot 2018-06-07 at 2.55.27 PM.png_rottenapples,2018-06-07 14:55:27,rottenapples::block_4,3,3,rottenapples,rottenapples,0.952315
train/rottenapples/saltandpepper_Screen Shot 2018-06-07 at 2.54.49 PM.png,rottenapples,Screen Shot 2018-06-07 at 2.54.49 PM.png,Screen Shot 2018-06-07 at 2.54.49 PM.png_rottenapples,2018-06-07 14:54:49,rottenapples::block_4,3,3,rottenapples,rottenapples,0.8216381
train/rottenapples/rotated_by_75_Screen Shot 2018-06-07 at 2.51.16 PM.png,rottenapples,Screen Shot 2018-06-07 at 2.51.16 PM.png,Screen Shot 2018-06-07 at 2.51.16 PM.png_rottenapples,2018-06-07 14:51:16,rottenapples::block_4,3,3,rottenapples,rottenapples,0.8709356
train/rottenapples/rotated_by_45_Screen Shot 2018-06-08 at 2.29.20 PM.png,rottenapples,Screen Shot 2018-06-08 at 2.29.20 PM.png,Screen Shot 2018-06-08 at 2.29.20 PM.png_rottenapples,2018-06-08 14:29:20,rottenapples::block_8,3,3,rottenapples,rottenapples,0.770277
train/rottenapples/Screen Shot 2018-06-07 at 2.55.52 PM.png,rottenapples,Screen Shot 2018-06-07 at 2.55.52 PM.png,Screen Shot 2018-06-07 at 2.55.52 PM.png_rottenapples,2018-06-07 14:55:52,rottenapples::block_4,3,3,rottenapples,rottenapples,0.7243937
train/rottenapples/vertical_flip_Screen Shot 2018-06-08 at 2.29.20 PM.png,rottenapples,Screen Shot 2018-06-08 at 2.29.20 PM.png,Screen Shot 2018-06-08 at 2.29.20 PM.png_rottenapples,2018-06-08 14:29:20,rottenapples::block_8,3,3,rottenapples,rottenapples,0.8747174
train/rottenapples/rotated_by_75_Screen Shot 2018-06-07 at 2.55.52 PM.png,rottenapples,Screen Shot 2018-06-07 at 2.55.52 PM.png,Screen Shot 2018-06-07 at 2.55.52 PM.png_rottenapples,2018-06-07 14:55:52,rottenapples::block_4,3,3,rottenapples,rottenapples,0.6982621
train/rottenapples/rotated_by_45_Screen Shot 2018-06-08 at 2.28.23 PM.png,rottenapples,Screen Shot 2018-06-08 at 2.28.23 PM.png,Screen Shot 2018-06-08 at 2.28.23 PM.png_rottenapples,2018-06-08 14:28:23,rottenapples::block_8,3,0,rottenapples,freshapples,0.96770835
train/rottenapples/Screen Shot 2018-06-08 at 2.29.33 PM.png,rottenapples,Screen Shot 2018-06-08 at 2.29.33 PM.png,Screen Shot 2018-06-08 at 2.29.33 PM.png_rottenapples,2018-06-08 14:29:33,rottenapples::block_8,3,3,rottenapples,rottenapples,0.91095823
train/rottenapples/translation_Screen Shot 2018-06-07 at 2.55.52 PM.png,rottenapples,Screen Shot 2018-06-07 at 2.55.52 PM.png,Screen Shot 2018-06-07 at 2.55.52 PM.png_rottenapples,2018-06-07 14:55:52,rottenapples::block_4,3,3,rottenapples,rottenapples,0.7507855
train/rottenapples/translation_Screen Shot 2018-06-07 at 2.55.27 PM.png,rottenapples,Screen Shot 2018-06-07 at 2.55.27 PM.png,Screen Shot 2018-06-07 at 2.55.27 PM.png_rottenapples,2018-06-07 14:55:27,rottenapples::block_4,3,3,rottenapples,rottenapples,0.93021804
train/rottenapples/rotated_by_75_Screen Shot 2018-06-08 at 2.29.33 PM.png,rottenapples,Screen Shot 2018-06-08 at 2.29.33 PM.png,Screen Shot 2018-06-08 at 2.29.33 PM.png_rottenapples,2018-06-08 14:29:33,rottenapples::block_8,3,3,rottenapples,rottenapples,0.86880165
train/rottenapples/saltandpepper_Screen Shot 2018-06-07 at 2.55.27 PM.png,rottenapples,Screen Shot 2018-06-07 at 2.55.27 PM.png,Screen Shot 2018-06-07 at 2.55.27 PM.png_rottenapples,2018-06-07 14:55:27,rottenapples::block_4,3,3,rottenapples,rottenapples,0.96109277
train/rottenapples/rotated_by_15_Screen Shot 2018-06-08 at 2.29.33 PM.png,rottenapples,Screen Shot 2018-06-08 at 2.29.33 PM.png,Screen Shot 2018-06-08 at 2.29.33 PM.png_rottenapples,2018-06-08 14:29:33,rottenapples::block_8,3,3,rottenapples,rottenapples,0.9066181
train/rottenapples/saltandpepper_Screen Shot 2018-06-08 at 2.29.33 PM.png,rottenapples,Screen Shot 2018-06-08 at 2.29.33 PM.png,Screen Shot 2018-06-08 at 2.29.33 PM.png_rottenapples,2018-06-08 14:29:33,rottenapples::block_8,3,3,rottenapples,rottenapples,0.90677285
train/rottenapples/translation_Screen Shot 2018-06-08 at 2.28.23 PM.png,rottenapples,Screen Shot 2018-06-08 at 2.28.23 PM.png,Screen Shot 2018-06-08 at 2.28.23 PM.png_rottenapples,2018-06-08 14:28:23,rottenapples::block_8,3,0,rottenapples,freshapples,0.9748356
train/rottenapples/translation_Screen Shot 2018-06-07 at 2.51.16 PM.png,rottenapples,Screen Shot 2018-06-07 at 2.51.16 PM.png,Screen Shot 2018-06-07 at 2.51.16 PM.png_rottenapples,2018-06-07 14:51:16,rottenapples::block_4,3,3,rottenapples,rottenapples,0.8119977
train/rottenapples/rotated_by_60_Screen Shot 2018-06-07 at 2.51.16 PM.png,rottenapples,Screen Shot 2018-06-07 at 2.51.16 PM.png,Screen Shot 2018-06-07 at 2.51.16 PM.png_rottenapples,2018-06-07 14:51:16,rottenapples::block_4,3,3,rottenapples,rottenapples,0.85487014
train/rottenapples/rotated_by_30_Screen Shot 2018-06-07 at 2.54.49 PM.png,rottenapples,Screen Shot 2018-06-07 at 2.54.49 PM.png,Screen Shot 2018-06-07 at 2.54.49 PM.png_rottenapples,2018-06-07 14:54:49,rottenapples::block_4,3,3,rottenapples,rottenapples,0.79280365
train/rottenapples/Screen Shot 2018-06-08 at 2.27.15 PM.png,rottenapples,Screen Shot 2018-06-08 at 2.27.15 PM.png,Screen Shot 2018-06-08 at 2.27.15 PM.png_rottenapples,2018-06-08 14:27:15,rottenapples::block_8,3,3,rottenapples,rottenapples,0.6504602
train/rottenapples/rotated_by_75_Screen Shot 2018-06-07 at 2.55.27 PM.png,rottenapples,Screen Shot 2018-06-07 at 2.55.27 PM.png,Screen Shot 2018-06-07 at 2.55.27 PM.png_rottenapples,2018-06-07 14:55:27,rottenapples::block_4,3,3,rottenapples,rottenapples,0.9493699
train/rottenapples/rotated_by_60_Screen Shot 2018-06-08 at 2.28.23 PM.png,rottenapples,Screen Shot 2018-06-08 at 2.28.23 PM.png,Screen Shot 2018-06-08 at 2.28.23 PM.png_rottenapples,2018-06-08 14:28:23,rottenapples::block_8,3,0,rottenapples,freshapples,0.9660569
train/rottenapples/translation_Screen Shot 2018-06-08 at 2.27.15 PM.png,rottenapples,Screen Shot 2018-06-08 at 2.27.15 PM.png,Screen Shot 2018-06-08 at 2.27.15 PM.png_rottenapples,2018-06-08 14:27:15,rottenapples::block_8,3,3,rottenapples,rottenapples,0.5823861
train/rottenapples/saltandpepper_Screen Shot 2018-06-08 at 2.28.23 PM.png,rottenapples,Screen Shot 2018-06-08 at 2.28.23 PM.png,Screen Shot 2018-06-08 at 2.28.23 PM.png_rottenapples,2018-06-08 14:28:23,rottenapples::block_8,3,0,rottenapples,freshapples,0.96167654
train/rottenapples/rotated_by_45_Screen Shot 2018-06-08 at 2.27.15 PM.png,rottenapples,Screen Shot 2018-06-08 at 2.27.15 PM.png,Screen Shot 2018-06-08 at 2.27.15 PM.png_rottenapples,2018-06-08 14:27:15,rottenapples::block_8,3,3,rottenapples,rottenapples,0.63015944
train/rottenapples/rotated_by_45_Screen Shot 2018-06-07 at 2.55.52 PM.png,rottenapples,Screen Shot 2018-06-07 at 2.55.52 PM.png,Screen Shot 2018-06-07 at 2.55.52 PM.png_rottenapples,2018-06-07 14:55:52,rottenapples::block_4,3,3,rottenapples,rottenapples,0.77833253
train/rottenapples/vertical_flip_Screen Shot 2018-06-08 at 2.27.15 PM.png,rottenapples,Screen Shot 2018-06-08 at 2.27.15 PM.png,Screen Shot 2018-06-08 at 2.27.15 PM.png_rottenapples,2018-06-08 14:27:15,rottenapples::block_8,3,3,rottenapples,rottenapples,0.66457653
train/rottenapples/rotated_by_60_Screen Shot 2018-06-07 at 2.55.27 PM.png,rottenapples,Screen Shot 2018-06-07 at 2.55.27 PM.png,Screen Shot 2018-06-07 at 2.55.27 PM.png_rottenapples,2018-06-07 14:55:27,rottenapples::block_4,3,3,rottenapples,rottenapples,0.9440629
train/rottenapples/rotated_by_15_Screen Shot 2018-06-08 at 2.29.20 PM.png,rottenapples,Screen Shot 2018-06-08 at 2.29.20 PM.png,Screen Shot 2018-06-08 at 2.29.20 PM.png_rottenapples,2018-06-08 14:29:20,rottenapples::block_8,3,3,rottenapples,rottenapples,0.8491474
train/rottenapples/vertical_flip_Screen Shot 2018-06-07 at 2.55.52 PM.png,rottenapples,Screen Shot 2018-06-07 at 2.55.52 PM.png,Screen Shot 2018-06-07 at 2.55.52 PM.png_rottenapples,2018-06-07 14:55:52,rottenapples::block_4,3,3,rottenapples,rottenapples,0.6624964
train/rottenapples/saltandpepper_Screen Shot 2018-06-07 at 2.51.16 PM.png,rottenapples,Screen Shot 2018-06-07 at 2.51.16 PM.png,Screen Shot 2018-06-07 at 2.51.16 PM.png_rottenapples,2018-06-07 14:51:16,rottenapples::block_4,3,3,rottenapples,rottenapples,0.91546416
train/rottenapples/rotated_by_15_Screen Shot 2018-06-08 at 2.27.15 PM.png,rottenapples,Screen Shot 2018-06-08 at 2.27.15 PM.png,Screen Shot 2018-06-08 at 2.27.15 PM.png_rottenapples,2018-06-08 14:27:15,rottenapples::block_8,3,3,rottenapples,rottenapples,0.67054296
train/rottenapples/rotated_by_30_Screen Shot 2018-06-07 at 2.51.16 PM.png,rottenapples,Screen Shot 2018-06-07 at 2.51.16 PM.png,Screen Shot 2018-06-07 at 2.51.16 PM.png_rottenapples,2018-06-07 14:51:16,rottenapples::block_4,3,3,rottenapples,rottenapples,0.86946
train/rottenapples/rotated_by_30_Screen Shot 2018-06-08 at 2.29.20 PM.png,rottenapples,Screen Shot 2018-06-08 at 2.29.20 PM.png,Screen Shot 2018-06-08 at 2.29.20 PM.png_rottenapples,2018-06-08 14:29:20,rottenapples::block_8,3,3,rottenapples,rottenapples,0.8004264
train/rottenapples/rotated_by_45_Screen Shot 2018-06-07 at 2.54.49 PM.png,rottenapples,Screen Shot 2018-06-07 at 2.54.49 PM.png,Screen Shot 2018-06-07 at 2.54.49 PM.png_rottenapples,2018-06-07 14:54:49,rottenapples::block_4,3,3,rottenapples,rottenapples,0.78178066
train/rottenapples/rotated_by_45_Screen Shot 2018-06-07 at 2.55.27 PM.png,rottenapples,Screen Shot 2018-06-07 at 2.55.27 PM.png,Screen Shot 2018-06-07 at 2.55.27 PM.png_rottenapples,2018-06-07 14:55:27,rottenapples::block_4,3,3,rottenapples,rottenapples,0.9424411
train/rottenapples/Screen Shot 2018-06-07 at 2.54.49 PM.png,rottenapples,Screen Shot 2018-06-07 at 2.54.49 PM.png,Screen Shot 2018-06-07 at 2.54.49 PM.png_rottenapples,2018-06-07 14:54:49,rottenapples::block_4,3,3,rottenapples,rottenapples,0.78990275
train/rottenapples/Screen Shot 2018-06-08 at 2.28.23 PM.png,rottenapples,Screen Shot 2018-06-08 at 2.28.23 PM.png,Screen Shot 2018-06-08 at 2.28.23 PM.png_rottenapples,2018-06-08 14:28:23,rottenapples::block_8,3,0,rottenapples,freshapples,0.96650565
train/rottenapples/vertical_flip_Screen Shot 2018-06-07 at 2.51.16 PM.png,rottenapples,Screen Shot 2018-06-07 at 2.51.16 PM.png,Screen Shot 2018-06-07 at 2.51.16 PM.png_rottenapples,2018-06-07 14:51:16,rottenapples::block_4,3,3,rottenapples,rottenapples,0.88647664
train/rottenapples/rotated_by_75_Screen Shot 2018-06-07 at 2.54.49 PM.png,rottenapples,Screen Shot 2018-06-07 at 2.54.49 PM.png,Screen Shot 2018-06-07 at 2.54.49 PM.png_rottenapples,2018-06-07 14:54:49,rottenapples::block_4,3,3,rottenapples,rottenapples,0.78580433
train/rottenapples/rotated_by_60_Screen Shot 2018-06-07 at 2.55.52 PM.png,rottenapples,Screen Shot 2018-06-07 at 2.55.52 PM.png,Screen Shot 2018-06-07 at 2.55.52 PM.png_rottenapples,2018-06-07 14:55:52,rottenapples::block_4,3,3,rottenapples,rottenapples,0.7525378
train/rottenapples/rotated_by_45_Screen Shot 2018-06-07 at 2.51.16 PM.png,rottenapples,Screen Shot 2018-06-07 at 2.51.16 PM.png,Screen Shot 2018-06-07 at 2.51.16 PM.png_rottenapples,2018-06-07 14:51:16,rottenapples::block_4,3,3,rottenapples,rottenapples,0.85362256
train/rottenapples/vertical_flip_Screen Shot 2018-06-08 at 2.29.33 PM.png,rottenapples,Screen Shot 2018-06-08 at 2.29.33 PM.png,Screen Shot 2018-06-08 at 2.29.33 PM.png_rottenapples,2018-06-08 14:29:33,rottenapples::block_8,3,3,rottenapples,rottenapples,0.90807205
train/rottenapples/rotated_by_60_Screen Shot 2018-06-07 at 2.54.49 PM.png,rottenapples,Screen Shot 2018-06-07 at 2.54.49 PM.png,Screen Shot 2018-06-07 at 2.54.49 PM.png_rottenapples,2018-06-07 14:54:49,rottenapples::block_4,3,3,rottenapples,rottenapples,0.7825243
train/rottenapples/rotated_by_15_Screen Shot 2018-06-07 at 2.55.52 PM.png,rottenapples,Screen Shot 2018-06-07 at 2.55.52 PM.png,Screen Shot 2018-06-07 at 2.55.52 PM.png_rottenapples,2018-06-07 14:55:52,rottenapples::block_4,3,3,rottenapples,rottenapples,0.7801133
train/rottenapples/saltandpepper_Screen Shot 2018-06-07 at 2.55.52 PM.png,rottenapples,Screen Shot 2018-06-07 at 2.55.52 PM.png,Screen Shot 2018-06-07 at 2.55.52 PM.png_rottenapples,2018-06-07 14:55:52,rottenapples::block_4,3,3,rottenapples,rottenapples,0.7123262
train/rottenapples/rotated_by_60_Screen Shot 2018-06-08 at 2.29.33 PM.png,rottenapples,Screen Shot 2018-06-08 at 2.29.33 PM.png,Screen Shot 2018-06-08 at 2.29.33 PM.png_rottenapples,2018-06-08 14:29:33,rottenapples::block_8,3,3,rottenapples,rottenapples,0.8737964
train/rottenapples/translation_Screen Shot 2018-06-08 at 2.29.20 PM.png,rottenapples,Screen Shot 2018-06-08 at 2.29.20 PM.png,Screen Shot 2018-06-08 at 2.29.20 PM.png_rottenapples,2018-06-08 14:29:20,rottenapples::block_8,3,3,rottenapples,rottenapples,0.8253468
train/rottenapples/rotated_by_60_Screen Shot 2018-06-08 at 2.27.15 PM.png,rottenapples,Screen Shot 2018-06-08 at 2.27.15 PM.png,Screen Shot 2018-06-08 at 2.27.15 PM.png_rottenapples,2018-06-08 14:27:15,rottenapples::block_8,3,3,rottenapples,rottenapples,0.639586
train/rottenapples/translation_Screen Shot 2018-06-08 at 2.29.33 PM.png,rottenapples,Screen Shot 2018-06-08 at 2.29.33 PM.png,Screen Shot 2018-06-08 at 2.29.33 PM.png_rottenapples,2018-06-08 14:29:33,rottenapples::block_8,3,3,rottenapples,rottenapples,0.90409976
train/rottenbanana/saltandpepper_Screen Shot 2018-06-12 at 9.03.46 PM.png,rottenbanana,Screen Shot 2018-06-12 at 9.03.46 PM.png,Screen Shot 2018-06-12 at 9.03.46 PM.png_rottenbanana,2018-06-12 21:03:46,rottenbanana::block_5,4,4,rottenbanana,rottenbanana,0.6348645
train/rottenbanana/vertical_flip_Screen Shot 2018-06-12 at 9.03.46 PM.png,rottenbanana,Screen Shot 2018-06-12 at 9.03.46 PM.png,Screen Shot 2018-06-12 at 9.03.46 PM.png_rottenbanana,2018-06-12 21:03:46,rottenbanana::block_5,4,4,rottenbanana,rottenbanana,0.5950042
train/rottenbanana/rotated_by_30_Screen Shot 2018-06-12 at 9.14.01 PM.png,rottenbanana,Screen Shot 2018-06-12 at 9.14.01 PM.png,Screen Shot 2018-06-12 at 9.14.01 PM.png_rottenbanana,2018-06-12 21:14:01,rottenbanana::block_8,4,4,rottenbanana,rottenbanana,0.99842596
train/rottenbanana/translation_Screen Shot 2018-06-12 at 9.03.46 PM.png,rottenbanana,Screen Shot 2018-06-12 at 9.03.46 PM.png,Screen Shot 2018-06-12 at 9.03.46 PM.png_rottenbanana,2018-06-12 21:03:46,rottenbanana::block_5,4,4,rottenbanana,rottenbanana,0.5190655
train/rottenbanana/rotated_by_45_Screen Shot 2018-06-12 at 9.12.27 PM.png,rottenbanana,Screen Shot 2018-06-12 at 9.12.27 PM.png,Screen Shot 2018-06-12 at 9.12.27 PM.png_rottenbanana,2018-06-12 21:12:27,rottenbanana::block_8,4,4,rottenbanana,rottenbanana,0.93384147
train/rottenbanana/vertical_flip_Screen Shot 2018-06-12 at 9.12.27 PM.png,rottenbanana,Screen Shot 2018-06-12 at 9.12.27 PM.png,Screen Shot 2018-06-12 at 9.12.27 PM.png_rottenbanana,2018-06-12 21:12:27,rottenbanana::block_8,4,4,rottenbanana,rottenbanana,0.7972032
train/rottenbanana/rotated_by_30_Screen Shot 2018-06-12 at 9.12.27 PM.png,rottenbanana,Screen Shot 2018-06-12 at 9.12.27 PM.png,Screen Shot 2018-06-12 at 9.12.27 PM.png_rottenbanana,2018-06-12 21:12:27,rottenbanana::block_8,4,4,rottenbanana,rottenbanana,0.86484575
train/rottenbanana/rotated_by_15_Screen Shot 2018-06-12 at 9.14.01 PM.png,rottenbanana,Screen Shot 2018-06-12 at 9.14.01 PM.png,Screen Shot 2018-06-12 at 9.14.01 PM.png_rottenbanana,2018-06-12 21:14:01,rottenbanana::block_8,4,4,rottenbanana,rottenbanana,0.9983558
train/rottenbanana/rotated_by_75_Screen Shot 2018-06-12 at 9.03.46 PM.png,rottenbanana,Screen Shot 2018-06-12 at 9.03.46 PM.png,Screen Shot 2018-06-12 at 9.03.46 PM.png_rottenbanana,2018-06-12 21:03:46,rottenbanana::block_5,4,4,rottenbanana,rottenbanana,0.58892334
train/rottenbanana/Screen Shot 2018-06-12 at 9.12.27 PM.png,rottenbanana,Screen Shot 2018-06-12 at 9.12.27 PM.png,Screen Shot 2018-06-12 at 9.12.27 PM.png_rottenbanana,2018-06-12 21:12:27,rottenbanana::block_8,4,4,rottenbanana,rottenbanana,0.74216896
train/rottenbanana/Screen Shot 2018-06-12 at 9.03.46 PM.png,rottenbanana,Screen Shot 2018-06-12 at 9.03.46 PM.png,Screen Shot 2018-06-12 at 9.03.46 PM.png_rottenbanana,2018-06-12 21:03:46,rottenbanana::block_5,4,4,rottenbanana,rottenbanana,0.5627041
train/rottenbanana/rotated_by_30_Screen Shot 2018-06-12 at 9.13.21 PM.png,rottenbanana,Screen Shot 2018-06-12 at 9.13.21 PM.png,Screen Shot 2018-06-12 at 9.13.21 PM.png_rottenbanana,2018-06-12 21:13:21,rottenbanana::block_8,4,4,rottenbanana,rottenbanana,0.954161
train/rottenbanana/translation_Screen Shot 2018-06-12 at 9.12.27 PM.png,rottenbanana,Screen Shot 2018-06-12 at 9.12.27 PM.png,Screen Shot 2018-06-12 at 9.12.27 PM.png_rottenbanana,2018-06-12 21:12:27,rottenbanana::block_8,4,4,rottenbanana,rottenbanana,0.7060483
train/rottenbanana/saltandpepper_Screen Shot 2018-06-12 at 9.13.21 PM.png,rottenbanana,Screen Shot 2018-06-12 at 9.13.21 PM.png,Screen Shot 2018-06-12 at 9.13.21 PM.png_rottenbanana,2018-06-12 21:13:21,rottenbanana::block_8,4,4,rottenbanana,rottenbanana,0.9459359
train/rottenbanana/rotated_by_75_Screen Shot 2018-06-12 at 9.14.01 PM.png,rottenbanana,Screen Shot 2018-06-12 at 9.14.01 PM.png,Screen Shot 2018-06-12 at 9.14.01 PM.png_rottenbanana,2018-06-12 21:14:01,rottenbanana::block_8,4,4,rottenbanana,rottenbanana,0.99807954
train/rottenbanana/rotated_by_45_Screen Shot 2018-06-12 at 9.13.21 PM.png,rottenbanana,Screen Shot 2018-06-12 at 9.13.21 PM.png,Screen Shot 2018-06-12 at 9.13.21 PM.png_rottenbanana,2018-06-12 21:13:21,rottenbanana::block_8,4,4,rottenbanana,rottenbanana,0.95565546
train/rottenbanana/Screen Shot 2018-06-12 at 9.14.01 PM.png,rottenbanana,Screen Shot 2018-06-12 at 9.14.01 PM.png,Screen Shot 2018-06-12 at 9.14.01 PM.png_rottenbanana,2018-06-12 21:14:01,rottenbanana::block_8,4,4,rottenbanana,rottenbanana,0.99815696
train/rottenbanana/rotated_by_45_Screen Shot 2018-06-12 at 9.14.01 PM.png,rottenbanana,Screen Shot 2018-06-12 at 9.14.01 PM.png,Screen Shot 2018-06-12 at 9.14.01 PM.png_rottenbanana,2018-06-12 21:14:01,rottenbanana::block_8,4,4,rottenbanana,rottenbanana,0.99840575
train/rottenbanana/rotated_by_15_Screen Shot 2018-06-12 at 9.13.21 PM.png,rottenbanana,Screen Shot 2018-06-12 at 9.13.21 PM.png,Screen Shot 2018-06-12 at 9.13.21 PM.png_rottenbanana,2018-06-12 21:13:21,rottenbanana::block_8,4,4,rottenbanana,rottenbanana,0.9521779
train/rottenbanana/rotated_by_75_Screen Shot 2018-06-12 at 9.12.27 PM.png,rottenbanana,Screen Shot 2018-06-12 at 9.12.27 PM.png,Screen Shot 2018-06-12 at 9.12.27 PM.png_rottenbanana,2018-06-12 21:12:27,rottenbanana::block_8,4,4,rottenbanana,rottenbanana,0.8690237
train/rottenbanana/saltandpepper_Screen Shot 2018-06-12 at 9.12.27 PM.png,rottenbanana,Screen Shot 2018-06-12 at 9.12.27 PM.png,Screen Shot 2018-06-12 at 9.12.27 PM.png_rottenbanana,2018-06-12 21:12:27,rottenbanana::block_8,4,4,rottenbanana,rottenbanana,0.8422221
train/rottenbanana/rotated_by_15_Screen Shot 2018-06-12 at 9.12.27 PM.png,rottenbanana,Screen Shot 2018-06-12 at 9.12.27 PM.png,Screen Shot 2018-06-12 at 9.12.27 PM.png_rottenbanana,2018-06-12 21:12:27,rottenbanana::block_8,4,4,rottenbanana,rottenbanana,0.79585505
train/rottenbanana/translation_Screen Shot 2018-06-12 at 9.13.21 PM.png,rottenbanana,Screen Shot 2018-06-12 at 9.13.21 PM.png,Screen Shot 2018-06-12 at 9.13.21 PM.png_rottenbanana,2018-06-12 21:13:21,rottenbanana::block_8,4,4,rottenbanana,rottenbanana,0.9084006
train/rottenbanana/rotated_by_60_Screen Shot 2018-06-12 at 9.03.46 PM.png,rottenbanana,Screen Shot 2018-06-12 at 9.03.46 PM.png,Screen Shot 2018-06-12 at 9.03.46 PM.png_rottenbanana,2018-06-12 21:03:46,rottenbanana::block_5,4,4,rottenbanana,rottenbanana,0.6670329
train/rottenbanana/rotated_by_60_Screen Shot 2018-06-12 at 9.14.01 PM.png,rottenbanana,Screen Shot 2018-06-12 at 9.14.01 PM.png,Screen Shot 2018-06-12 at 9.14.01 PM.png_rottenbanana,2018-06-12 21:14:01,rottenbanana::block_8,4,4,rottenbanana,rottenbanana,0.99861705
train/rottenoranges/Screen Shot 2018-06-12 at 11.29.21 PM.png,rottenoranges,Screen Shot 2018-06-12 at 11.29.21 PM.png,Screen Shot 2018-06-12 at 11.29.21 PM.png_rottenoranges,2018-06-12 23:29:21,rottenoranges::block_3,5,3,rottenoranges,rottenapples,0.4212007
train/rottenoranges/rotated_by_75_Screen Shot 2018-06-12 at 11.29.21 PM.png,rottenoranges,Screen Shot 2018-06-12 at 11.29.21 PM.png,Screen Shot 2018-06-12 at 11.29.21 PM.png_rottenoranges,2018-06-12 23:29:21,rottenoranges::block_3,5,5,rottenoranges,rottenoranges,0.4321412
train/rottenoranges/translation_Screen Shot 2018-06-12 at 11.29.21 PM.png,rottenoranges,Screen Shot 2018-06-12 at 11.29.21 PM.png,Screen Shot 2018-06-12 at 11.29.21 PM.png_rottenoranges,2018-06-12 23:29:21,rottenoranges::block_3,5,5,rottenoranges,rottenoranges,0.477209
train/rottenoranges/rotated_by_60_Screen Shot 2018-06-12 at 11.29.21 PM.png,rottenoranges,Screen Shot 2018-06-12 at 11.29.21 PM.png,Screen Shot 2018-06-12 at 11.29.21 PM.png_rottenoranges,2018-06-12 23:29:21,rottenoranges::block_3,5,5,rottenoranges,rottenoranges,0.3983869
train/rottenoranges/rotated_by_45_Screen Shot 2018-06-12 at 11.29.44 PM.png,rottenoranges,Screen Shot 2018-06-12 at 11.29.44 PM.png,Screen Shot 2018-06-12 at 11.29.44 PM.png_rottenoranges,2018-06-12 23:29:44,rottenoranges::block_3,5,5,rottenoranges,rottenoranges,0.79600936
train/rottenoranges/translation_Screen Shot 2018-06-12 at 11.29.44 PM.png,rottenoranges,Screen Shot 2018-06-12 at 11.29.44 PM.png,Screen Shot 2018-06-12 at 11.29.44 PM.png_rottenoranges,2018-06-12 23:29:44,rottenoranges::block_3,5,5,rottenoranges,rottenoranges,0.7857308
train/rottenoranges/rotated_by_75_Screen Shot 2018-06-12 at 11.29.44 PM.png,rottenoranges,Screen Shot 2018-06-12 at 11.29.44 PM.png,Screen Shot 2018-06-12 at 11.29.44 PM.png_rottenoranges,2018-06-12 23:29:44,rottenoranges::block_3,5,5,rottenoranges,rottenoranges,0.805034
train/rottenoranges/vertical_flip_Screen Shot 2018-06-12 at 11.29.21 PM.png,rottenoranges,Screen Shot 2018-06-12 at 11.29.21 PM.png,Screen Shot 2018-06-12 at 11.29.21 PM.png_rottenoranges,2018-06-12 23:29:21,rottenoranges::block_3,5,3,rottenoranges,rottenapples,0.42938456
train/rottenoranges/rotated_by_15_Screen Shot 2018-06-12 at 11.29.44 PM.png,rottenoranges,Screen Shot 2018-06-12 at 11.29.44 PM.png,Screen Shot 2018-06-12 at 11.29.44 PM.png_rottenoranges,2018-06-12 23:29:44,rottenoranges::block_3,5,5,rottenoranges,rottenoranges,0.8067674
train/rottenoranges/rotated_by_60_Screen Shot 2018-06-12 at 11.29.44 PM.png,rottenoranges,Screen Shot 2018-06-12 at 11.29.44 PM.png,Screen Shot 2018-06-12 at 11.29.44 PM.png_rottenoranges,2018-06-12 23:29:44,rottenoranges::block_3,5,5,rottenoranges,rottenoranges,0.8003371
train/rottenoranges/rotated_by_30_Screen Shot 2018-06-12 at 11.29.44 PM.png,rottenoranges,Screen Shot 2018-06-12 at 11.29.44 PM.png,Screen Shot 2018-06-12 at 11.29.44 PM.png_rottenoranges,2018-06-12 23:29:44,rottenoranges::block_3,5,5,rottenoranges,rottenoranges,0.80714875
train/rottenoranges/vertical_flip_Screen Shot 2018-06-12 at 11.29.44 PM.png,rottenoranges,Screen Shot 2018-06-12 at 11.29.44 PM.png,Screen Shot 2018-06-12 at 11.29.44 PM.png_rottenoranges,2018-06-12 23:29:44,rottenoranges::block_3,5,5,rottenoranges,rottenoranges,0.78732383
train/rottenoranges/rotated_by_45_Screen Shot 2018-06-12 at 11.29.21 PM.png,rottenoranges,Screen Shot 2018-06-12 at 11.29.21 PM.png,Screen Shot 2018-06-12 at 11.29.21 PM.png_rottenoranges,2018-06-12 23:29:21,rottenoranges::block_3,5,3,rottenoranges,rottenapples,0.4063421
train/rottenoranges/rotated_by_15_Screen Shot 2018-06-12 at 11.29.21 PM.png,rottenoranges,Screen Shot 2018-06-12 at 11.29.21 PM.png,Screen Shot 2018-06-12 at 11.29.21 PM.png_rottenoranges,2018-06-12 23:29:21,rottenoranges::block_3,5,3,rottenoranges,rottenapples,0.4501697
train/rottenoranges/saltandpepper_Screen Shot 2018-06-12 at 11.29.21 PM.png,rottenoranges,Screen Shot 2018-06-12 at 11.29.21 PM.png,Screen Shot 2018-06-12 at 11.29.21 PM.png_rottenoranges,2018-06-12 23:29:21,rottenoranges::block_3,5,3,rottenoranges,rottenapples,0.42587152
test/freshapples/rotated_by_60_Screen Shot 2018-06-08 at 5.33.33 PM.png,freshapples,Screen Shot 2018-06-08 at 5.33.33 PM.png,Screen Shot 2018-06-08 at 5.33.33 PM.png_freshapples,2018-06-08 17:33:33,freshapples::block_9,0,3,freshapples,rottenapples,0.6476013
test/freshapples/saltandpepper_Screen Shot 2018-06-08 at 5.18.51 PM.png,freshapples,Screen Shot 2018-06-08 at 5.18.51 PM.png,Screen Shot 2018-06-08 at 5.18.51 PM.png_freshapples,2018-06-08 17:18:51,freshapples::block_5,0,0,freshapples,freshapples,0.9999994
test/freshapples/translation_Screen Shot 2018-06-08 at 5.18.51 PM.png,freshapples,Screen Shot 2018-06-08 at 5.18.51 PM.png,Screen Shot 2018-06-08 at 5.18.51 PM.png_freshapples,2018-06-08 17:18:51,freshapples::block_5,0,0,freshapples,freshapples,0.99999857
test/freshapples/rotated_by_30_Screen Shot 2018-06-08 at 5.20.17 PM.png,freshapples,Screen Shot 2018-06-08 at 5.20.17 PM.png,Screen Shot 2018-06-08 at 5.20.17 PM.png_freshapples,2018-06-08 17:20:17,freshapples::block_5,0,0,freshapples,freshapples,0.99999654
test/freshapples/rotated_by_45_Screen Shot 2018-06-08 at 5.18.42 PM.png,freshapples,Screen Shot 2018-06-08 at 5.18.42 PM.png,Screen Shot 2018-06-08 at 5.18.42 PM.png_freshapples,2018-06-08 17:18:42,freshapples::block_5,0,0,freshapples,freshapples,0.9999006
test/freshapples/rotated_by_60_Screen Shot 2018-06-08 at 5.18.51 PM.png,freshapples,Screen Shot 2018-06-08 at 5.18.51 PM.png,Screen Shot 2018-06-08 at 5.18.51 PM.png_freshapples,2018-06-08 17:18:51,freshapples::block_5,0,0,freshapples,freshapples,0.99999905
test/freshapples/rotated_by_45_Screen Shot 2018-06-08 at 5.33.55 PM.png,freshapples,Screen Shot 2018-06-08 at 5.33.55 PM.png,Screen Shot 2018-06-08 at 5.33.55 PM.png_freshapples,2018-06-08 17:33:55,freshapples::block_9,0,0,freshapples,freshapples,0.9999902
test/freshbanana/rotated_by_15_Screen Shot 2018-06-12 at 9.58.16 PM.png,freshbanana,Screen Shot 2018-06-12 at 9.58.16 PM.png,Screen Shot 2018-06-12 at 9.58.16 PM.png_freshbanana,2018-06-12 21:58:16,freshbanana::block_6,1,1,freshbanana,freshbanana,0.8275222
test/freshbanana/vertical_flip_Screen Shot 2018-06-12 at 9.58.16 PM.png,freshbanana,Screen Shot 2018-06-12 at 9.58.16 PM.png,Screen Shot 2018-06-12 at 9.58.16 PM.png_freshbanana,2018-06-12 21:58:16,freshbanana::block_6,1,1,freshbanana,freshbanana,0.92528033
test/freshbanana/rotated_by_60_Screen Shot 2018-06-12 at 9.58.16 PM.png,freshbanana,Screen Shot 2018-06-12 at 9.58.16 PM.png,Screen Shot 2018-06-12 at 9.58.16 PM.png_freshbanana,2018-06-12 21:58:16,freshbanana::block_6,1,1,freshbanana,freshbanana,0.85738444
test/freshbanana/rotated_by_75_Screen Shot 2018-06-12 at 9.58.16 PM.png,freshbanana,Screen Shot 2018-06-12 at 9.58.16 PM.png,Screen Shot 2018-06-12 at 9.58.16 PM.png_freshbanana,2018-06-12 21:58:16,freshbanana::block_6,1,1,freshbanana,freshbanana,0.9100816
test/freshbanana/translation_Screen Shot 2018-06-12 at 9.58.16 PM.png,freshbanana,Screen Shot 2018-06-12 at 9.58.16 PM.png,Screen Shot 2018-06-12 at 9.58.16 PM.png_freshbanana,2018-06-12 21:58:16,freshbanana::block_6,1,1,freshbanana,freshbanana,0.80553883
test/freshoranges/rotated_by_45_Screen Shot 2018-06-13 at 12.17.01 AM.png,freshoranges,Screen Shot 2018-06-13 at 12.17.01 AM.png,Screen Shot 2018-06-13 at 12.17.01 AM.png_freshoranges,2018-06-13 00:17:01,freshoranges::block_7,2,2,freshoranges,freshoranges,0.85686755
test/freshoranges/rotated_by_75_Screen Shot 2018-06-13 at 12.18.23 AM.png,freshoranges,Screen Shot 2018-06-13 at 12.18.23 AM.png,Screen Shot 2018-06-13 at 12.18.23 AM.png_freshoranges,2018-06-13 00:18:23,freshoranges::block_7,2,2,freshoranges,freshoranges,0.86984384
test/freshoranges/rotated_by_60_Screen Shot 2018-06-13 at 12.17.01 AM.png,freshoranges,Screen Shot 2018-06-13 at 12.17.01 AM.png,Screen Shot 2018-06-13 at 12.17.01 AM.png_freshoranges,2018-06-13 00:17:01,freshoranges::block_7,2,2,freshoranges,freshoranges,0.84826475
test/freshoranges/vertical_flip_Screen Shot 2018-06-13 at 12.18.23 AM.png,freshoranges,Screen Shot 2018-06-13 at 12.18.23 AM.png,Screen Shot 2018-06-13 at 12.18.23 AM.png_freshoranges,2018-06-13 00:18:23,freshoranges::block_7,2,2,freshoranges,freshoranges,0.85999084
test/freshoranges/translation_Screen Shot 2018-06-13 at 12.17.01 AM.png,freshoranges,Screen Shot 2018-06-13 at 12.17.01 AM.png,Screen Shot 2018-06-13 at 12.17.01 AM.png_freshoranges,2018-06-13 00:17:01,freshoranges::block_7,2,2,freshoranges,freshoranges,0.8742136
test/rottenapples/Screen Shot 2018-06-07 at 2.51.16 PM.png,rottenapples,Screen Shot 2018-06-07 at 2.51.16 PM.png,Screen Shot 2018-06-07 at 2.51.16 PM.png_rottenapples,2018-06-07 14:51:16,rottenapples::block_4,3,3,rottenapples,rottenapples,0.89183235
test/rottenapples/rotated_by_75_Screen Shot 2018-06-08 at 2.28.23 PM.png,rottenapples,Screen Shot 2018-06-08 at 2.28.23 PM.png,Screen Shot 2018-06-08 at 2.28.23 PM.png_rottenapples,2018-06-08 14:28:23,rottenapples::block_8,3,0,rottenapples,freshapples,0.962868
test/rottenapples/saltandpepper_Screen Shot 2018-06-08 at 2.29.20 PM.png,rottenapples,Screen Shot 2018-06-08 at 2.29.20 PM.png,Screen Shot 2018-06-08 at 2.29.20 PM.png_rottenapples,2018-06-08 14:29:20,rottenapples::block_8,3,3,rottenapples,rottenapples,0.87672627
test/rottenapples/translation_Screen Shot 2018-06-07 at 2.54.49 PM.png,rottenapples,Screen Shot 2018-06-07 at 2.54.49 PM.png,Screen Shot 2018-06-07 at 2.54.49 PM.png_rottenapples,2018-06-07 14:54:49,rottenapples::block_4,3,3,rottenapples,rottenapples,0.7493743
test/rottenapples/rotated_by_30_Screen Shot 2018-06-07 at 2.55.52 PM.png,rottenapples,Screen Shot 2018-06-07 at 2.55.52 PM.png,Screen Shot 2018-06-07 at 2.55.52 PM.png_rottenapples,2018-06-07 14:55:52,rottenapples::block_4,3,3,rottenapples,rottenapples,0.78226316
test/rottenapples/rotated_by_60_Screen Shot 2018-06-08 at 2.29.20 PM.png,rottenapples,Screen Shot 2018-06-08 at 2.29.20 PM.png,Screen Shot 2018-06-08 at 2.29.20 PM.png_rottenapples,2018-06-08 14:29:20,rottenapples::block_8,3,3,rottenapples,rottenapples,0.7509922
test/rottenapples/Screen Shot 2018-06-08 at 2.29.20 PM.png,rottenapples,Screen Shot 2018-06-08 at 2.29.20 PM.png,Screen Shot 2018-06-08 at 2.29.20 PM.png_rottenapples,2018-06-08 14:29:20,rottenapples::block_8,3,3,rottenapples,rottenapples,0.868437
test/rottenapples/rotated_by_45_Screen Shot 2018-06-08 at 2.29.33 PM.png,rottenapples,Screen Shot 2018-06-08 at 2.29.33 PM.png,Screen Shot 2018-06-08 at 2.29.33 PM.png_rottenapples,2018-06-08 14:29:33,rottenapples::block_8,3,3,rottenapples,rottenapples,0.88026184
test/rottenapples/rotated_by_75_Screen Shot 2018-06-08 at 2.29.20 PM.png,rottenapples,Screen Shot 2018-06-08 at 2.29.20 PM.png,Screen Shot 2018-06-08 at 2.29.20 PM.png_rottenapples,2018-06-08 14:29:20,rottenapples::block_8,3,3,rottenapples,rottenapples,0.74126
test/rottenapples/rotated_by_15_Screen Shot 2018-06-07 at 2.55.27 PM.png,rottenapples,Screen Shot 2018-06-07 at 2.55.27 PM.png,Screen Shot 2018-06-07 at 2.55.27 PM.png_rottenapples,2018-06-07 14:55:27,rottenapples::block_4,3,3,rottenapples,rottenapples,0.9518882
test/rottenapples/rotated_by_30_Screen Shot 2018-06-07 at 2.55.27 PM.png,rottenapples,Screen Shot 2018-06-07 at 2.55.27 PM.png,Screen Shot 2018-06-07 at 2.55.27 PM.png_rottenapples,2018-06-07 14:55:27,rottenapples::block_4,3,3,rottenapples,rottenapples,0.94643337
test/rottenapples/rotated_by_15_Screen Shot 2018-06-07 at 2.54.49 PM.png,rottenapples,Screen Shot 2018-06-07 at 2.54.49 PM.png,Screen Shot 2018-06-07 at 2.54.49 PM.png_rottenapples,2018-06-07 14:54:49,rottenapples::block_4,3,3,rottenapples,rottenapples,0.8023314
test/rottenapples/rotated_by_30_Screen Shot 2018-06-08 at 2.27.15 PM.png,rottenapples,Screen Shot 2018-06-08 at 2.27.15 PM.png,Screen Shot 2018-06-08 at 2.27.15 PM.png_rottenapples,2018-06-08 14:27:15,rottenapples::block_8,3,3,rottenapples,rottenapples,0.65233713
test/rottenapples/rotated_by_30_Screen Shot 2018-06-08 at 2.28.23 PM.png,rottenapples,Screen Shot 2018-06-08 at 2.28.23 PM.png,Screen Shot 2018-06-08 at 2.28.23 PM.png_rottenapples,2018-06-08 14:28:23,rottenapples::block_8,3,0,rottenapples,freshapples,0.9616902
test/rottenapples/saltandpepper_Screen Shot 2018-06-08 at 2.27.15 PM.png,rottenapples,Screen Shot 2018-06-08 at 2.27.15 PM.png,Screen Shot 2018-06-08 at 2.27.15 PM.png_rottenapples,2018-06-08 14:27:15,rottenapples::block_8,3,3,rottenapples,rottenapples,0.7744244
test/rottenapples/rotated_by_15_Screen Shot 2018-06-08 at 2.28.23 PM.png,rottenapples,Screen Shot 2018-06-08 at 2.28.23 PM.png,Screen Shot 2018-06-08 at 2.28.23 PM.png_rottenapples,2018-06-08 14:28:23,rottenapples::block_8,3,0,rottenapples,freshapples,0.95976317
test/rottenbanana/saltandpepper_Screen Shot 2018-06-12 at 9.14.01 PM.png,rottenbanana,Screen Shot 2018-06-12 at 9.14.01 PM.png,Screen Shot 2018-06-12 at 9.14.01 PM.png_rottenbanana,2018-06-12 21:14:01,rottenbanana::block_8,4,4,rottenbanana,rottenbanana,0.9987789
test/rottenbanana/rotated_by_30_Screen Shot 2018-06-12 at 9.03.46 PM.png,rottenbanana,Screen Shot 2018-06-12 at 9.03.46 PM.png,Screen Shot 2018-06-12 at 9.03.46 PM.png_rottenbanana,2018-06-12 21:03:46,rottenbanana::block_5,4,4,rottenbanana,rottenbanana,0.64706194
test/rottenbanana/rotated_by_45_Screen Shot 2018-06-12 at 9.03.46 PM.png,rottenbanana,Screen Shot 2018-06-12 at 9.03.46 PM.png,Screen Shot 2018-06-12 at 9.03.46 PM.png_rottenbanana,2018-06-12 21:03:46,rottenbanana::block_5,4,4,rottenbanana,rottenbanana,0.65859455
test/rottenbanana/vertical_flip_Screen Shot 2018-06-12 at 9.14.01 PM.png,rottenbanana,Screen Shot 2018-06-12 at 9.14.01 PM.png,Screen Shot 2018-06-12 at 9.14.01 PM.png_rottenbanana,2018-06-12 21:14:01,rottenbanana::block_8,4,4,rottenbanana,rottenbanana,0.99901545
test/rottenbanana/translation_Screen Shot 2018-06-12 at 9.14.01 PM.png,rottenbanana,Screen Shot 2018-06-12 at 9.14.01 PM.png,Screen Shot 2018-06-12 at 9.14.01 PM.png_rottenbanana,2018-06-12 21:14:01,rottenbanana::block_8,4,4,rottenbanana,rottenbanana,0.9968585
test/rottenbanana/vertical_flip_Screen Shot 2018-06-12 at 9.13.21 PM.png,rottenbanana,Screen Shot 2018-06-12 at 9.13.21 PM.png,Screen Shot 2018-06-12 at 9.13.21 PM.png_rottenbanana,2018-06-12 21:13:21,rottenbanana::block_8,4,4,rottenbanana,rottenbanana,0.9297901
test/rottenbanana/rotated_by_60_Screen Shot 2018-06-12 at 9.12.27 PM.png,rottenbanana,Screen Shot 2018-06-12 at 9.12.27 PM.png,Screen Shot 2018-06-12 at 9.12.27 PM.png_rottenbanana,2018-06-12 21:12:27,rottenbanana::block_8,4,4,rottenbanana,rottenbanana,0.9326937
test/rottenbanana/rotated_by_15_Screen Shot 2018-06-12 at 9.03.46 PM.png,rottenbanana,Screen Shot 2018-06-12 at 9.03.46 PM.png,Screen Shot 2018-06-12 at 9.03.46 PM.png_rottenbanana,2018-06-12 21:03:46,rottenbanana::block_5,4,4,rottenbanana,rottenbanana,0.60370326
test/rottenbanana/rotated_by_60_Screen Shot 2018-06-12 at 9.13.21 PM.png,rottenbanana,Screen Shot 2018-06-12 at 9.13.21 PM.png,Screen Shot 2018-06-12 at 9.13.21 PM.png_rottenbanana,2018-06-12 21:13:21,rottenbanana::block_8,4,4,rottenbanana,rottenbanana,0.9402731
test/rottenbanana/rotated_by_75_Screen Shot 2018-06-12 at 9.13.21 PM.png,rottenbanana,Screen Shot 2018-06-12 at 9.13.21 PM.png,Screen Shot 2018-06-12 at 9.13.21 PM.png_rottenbanana,2018-06-12 21:13:21,rottenbanana::block_8,4,4,rottenbanana,rottenbanana,0.8800203
test/rottenbanana/Screen Shot 2018-06-12 at 9.13.21 PM.png,rottenbanana,Screen Shot 2018-06-12 at 9.13.21 PM.png,Screen Shot 2018-06-12 at 9.13.21 PM.png_rottenbanana,2018-06-12 21:13:21,rottenbanana::block_8,4,4,rottenbanana,rottenbanana,0.9263001
test/rottenoranges/rotated_by_30_Screen Shot 2018-06-12 at 11.29.21 PM.png,rottenoranges,Screen Shot 2018-06-12 at 11.29.21 PM.png,Screen Shot 2018-06-12 at 11.29.21 PM.png_rottenoranges,2018-06-12 23:29:21,rottenoranges::block_3,5,3,rottenoranges,rottenapples,0.42953712
test/rottenoranges/saltandpepper_Screen Shot 2018-06-12 at 11.29.44 PM.png,rottenoranges,Screen Shot 2018-06-12 at 11.29.44 PM.png,Screen Shot 2018-06-12 at 11.29.44 PM.png_rottenoranges,2018-06-12 23:29:44,rottenoranges::block_3,5,5,rottenoranges,rottenoranges,0.79957163
test/rottenoranges/Screen Shot 2018-06-12 at 11.29.44 PM.png,rottenoranges,Screen Shot 2018-06-12 at 11.29.44 PM.png,Screen Shot 2018-06-12 at 11.29.44 PM.png_rottenoranges,2018-06-12 23:29:44,rottenoranges::block_3,5,5,rottenoranges,rottenoranges,0.7944645
train/freshapples/rotated_by_15_Screen Shot 2018-06-08 at 5.17.22 PM.png,freshapples,Screen Shot 2018-06-08 at 5.17.22 PM.png,Screen Shot 2018-06-08 at 5.17.22 PM.png_freshapples,2018-06-08 17:17:22,freshapples::block_5,0,0,freshapples,freshapples,0.98269975
train/freshapples/saltandpepper_Screen Shot 2018-06-08 at 5.17.22 PM.png,freshapples,Screen Shot 2018-06-08 at 5.17.22 PM.png,Screen Shot 2018-06-08 at 5.17.22 PM.png_freshapples,2018-06-08 17:17:22,freshapples::block_5,0,0,freshapples,freshapples,0.9665197
train/freshapples/rotated_by_60_Screen Shot 2018-06-08 at 5.17.22 PM.png,freshapples,Screen Shot 2018-06-08 at 5.17.22 PM.png,Screen Shot 2018-06-08 at 5.17.22 PM.png_freshapples,2018-06-08 17:17:22,freshapples::block_5,0,0,freshapples,freshapples,0.9846623
train/freshapples/rotated_by_45_Screen Shot 2018-06-08 at 5.17.22 PM.png,freshapples,Screen Shot 2018-06-08 at 5.17.22 PM.png,Screen Shot 2018-06-08 at 5.17.22 PM.png_freshapples,2018-06-08 17:17:22,freshapples::block_5,0,0,freshapples,freshapples,0.9860746
train/freshapples/Screen Shot 2018-06-08 at 5.17.22 PM.png,freshapples,Screen Shot 2018-06-08 at 5.17.22 PM.png,Screen Shot 2018-06-08 at 5.17.22 PM.png_freshapples,2018-06-08 17:17:22,freshapples::block_5,0,0,freshapples,freshapples,0.9842218
train/freshapples/vertical_flip_Screen Shot 2018-06-08 at 5.17.22 PM.png,freshapples,Screen Shot 2018-06-08 at 5.17.22 PM.png,Screen Shot 2018-06-08 at 5.17.22 PM.png_freshapples,2018-06-08 17:17:22,freshapples::block_5,0,0,freshapples,freshapples,0.98286796
train/freshapples/rotated_by_30_Screen Shot 2018-06-08 at 5.17.22 PM.png,freshapples,Screen Shot 2018-06-08 at 5.17.22 PM.png,Screen Shot 2018-06-08 at 5.17.22 PM.png_freshapples,2018-06-08 17:17:22,freshapples::block_5,0,0,freshapples,freshapples,0.9834235
train/freshapples/translation_Screen Shot 2018-06-08 at 5.17.22 PM.png,freshapples,Screen Shot 2018-06-08 at 5.17.22 PM.png,Screen Shot 2018-06-08 at 5.17.22 PM.png_freshapples,2018-06-08 17:17:22,freshapples::block_5,0,0,freshapples,freshapples,0.9895432
train/freshbanana/translation_Screen Shot 2018-06-12 at 9.58.36 PM.png,freshbanana,Screen Shot 2018-06-12 at 9.58.36 PM.png,Screen Shot 2018-06-12 at 9.58.36 PM.png_freshbanana,2018-06-12 21:58:36,freshbanana::block_6,1,1,freshbanana,freshbanana,0.8063353
train/freshbanana/rotated_by_75_Screen Shot 2018-06-12 at 9.58.36 PM.png,freshbanana,Screen Shot 2018-06-12 at 9.58.36 PM.png,Screen Shot 2018-06-12 at 9.58.36 PM.png_freshbanana,2018-06-12 21:58:36,freshbanana::block_6,1,1,freshbanana,freshbanana,0.6690435
train/freshbanana/rotated_by_60_Screen Shot 2018-06-12 at 9.58.36 PM.png,freshbanana,Screen Shot 2018-06-12 at 9.58.36 PM.png,Screen Shot 2018-06-12 at 9.58.36 PM.png_freshbanana,2018-06-12 21:58:36,freshbanana::block_6,1,1,freshbanana,freshbanana,0.46091288
train/freshbanana/saltandpepper_Screen Shot 2018-06-12 at 9.58.36 PM.png,freshbanana,Screen Shot 2018-06-12 at 9.58.36 PM.png,Screen Shot 2018-06-12 at 9.58.36 PM.png_freshbanana,2018-06-12 21:58:36,freshbanana::block_6,1,1,freshbanana,freshbanana,0.9359199
train/freshbanana/vertical_flip_Screen Shot 2018-06-12 at 9.58.36 PM.png,freshbanana,Screen Shot 2018-06-12 at 9.58.36 PM.png,Screen Shot 2018-06-12 at 9.58.36 PM.png_freshbanana,2018-06-12 21:58:36,freshbanana::block_6,1,1,freshbanana,freshbanana,0.9101678
train/freshbanana/rotated_by_30_Screen Shot 2018-06-12 at 9.58.36 PM.png,freshbanana,Screen Shot 2018-06-12 at 9.58.36 PM.png,Screen Shot 2018-06-12 at 9.58.36 PM.png_freshbanana,2018-06-12 21:58:36,freshbanana::block_6,1,0,freshbanana,freshapples,0.56920177
train/freshbanana/rotated_by_15_Screen Shot 2018-06-12 at 9.58.36 PM.png,freshbanana,Screen Shot 2018-06-12 at 9.58.36 PM.png,Screen Shot 2018-06-12 at 9.58.36 PM.png_freshbanana,2018-06-12 21:58:36,freshbanana::block_6,1,1,freshbanana,freshbanana,0.7009715
train/freshbanana/rotated_by_45_Screen Shot 2018-06-12 at 9.58.36 PM.png,freshbanana,Screen Shot 2018-06-12 at 9.58.36 PM.png,Screen Shot 2018-06-12 at 9.58.36 PM.png_freshbanana,2018-06-12 21:58:36,freshbanana::block_6,1,0,freshbanana,freshapples,0.5792611
train/freshoranges/rotated_by_30_Screen Shot 2018-06-13 at 12.18.40 AM.png,freshoranges,Screen Shot 2018-06-13 at 12.18.40 AM.png,Screen Shot 2018-06-13 at 12.18.40 AM.png_freshoranges,2018-06-13 00:18:40,freshoranges::block_7,2,2,freshoranges,freshoranges,0.9407979
train/freshoranges/rotated_by_60_Screen Shot 2018-06-13 at 12.17.51 AM.png,freshoranges,Screen Shot 2018-06-13 at 12.17.51 AM.png,Screen Shot 2018-06-13 at 12.17.51 AM.png_freshoranges,2018-06-13 00:17:51,freshoranges::block_7,2,2,freshoranges,freshoranges,0.98574764
train/freshoranges/rotated_by_45_Screen Shot 2018-06-13 at 12.17.51 AM.png,freshoranges,Screen Shot 2018-06-13 at 12.17.51 AM.png,Screen Shot 2018-06-13 at 12.17.51 AM.png_freshoranges,2018-06-13 00:17:51,freshoranges::block_7,2,2,freshoranges,freshoranges,0.98805016
train/freshoranges/rotated_by_60_Screen Shot 2018-06-13 at 12.18.40 AM.png,freshoranges,Screen Shot 2018-06-13 at 12.18.40 AM.png,Screen Shot 2018-06-13 at 12.18.40 AM.png_freshoranges,2018-06-13 00:18:40,freshoranges::block_7,2,2,freshoranges,freshoranges,0.94350165
train/freshoranges/rotated_by_60_Screen Shot 2018-06-13 at 12.19.36 AM.png,freshoranges,Screen Shot 2018-06-13 at 12.19.36 AM.png,Screen Shot 2018-06-13 at 12.19.36 AM.png_freshoranges,2018-06-13 00:19:36,freshoranges::block_7,2,2,freshoranges,freshoranges,0.75723004
train/freshoranges/rotated_by_15_Screen Shot 2018-06-13 at 12.17.51 AM.png,freshoranges,Screen Shot 2018-06-13 at 12.17.51 AM.png,Screen Shot 2018-06-13 at 12.17.51 AM.png_freshoranges,2018-06-13 00:17:51,freshoranges::block_7,2,2,freshoranges,freshoranges,0.9924028
train/freshoranges/rotated_by_45_Screen Shot 2018-06-13 at 12.19.36 AM.png,freshoranges,Screen Shot 2018-06-13 at 12.19.36 AM.png,Screen Shot 2018-06-13 at 12.19.36 AM.png_freshoranges,2018-06-13 00:19:36,freshoranges::block_7,2,2,freshoranges,freshoranges,0.79560274
train/freshoranges/vertical_flip_Screen Shot 2018-06-13 at 12.17.51 AM.png,freshoranges,Screen Shot 2018-06-13 at 12.17.51 AM.png,Screen Shot 2018-06-13 at 12.17.51 AM.png_freshoranges,2018-06-13 00:17:51,freshoranges::block_7,2,2,freshoranges,freshoranges,0.99332994
train/freshoranges/rotated_by_30_Screen Shot 2018-06-13 at 12.17.51 AM.png,freshoranges,Screen Shot 2018-06-13 at 12.17.51 AM.png,Screen Shot 2018-06-13 at 12.17.51 AM.png_freshoranges,2018-06-13 00:17:51,freshoranges::block_7,2,2,freshoranges,freshoranges,0.9904265
train/freshoranges/vertical_flip_Screen Shot 2018-06-13 at 12.19.36 AM.png,freshoranges,Screen Shot 2018-06-13 at 12.19.36 AM.png,Screen Shot 2018-06-13 at 12.19.36 AM.png_freshoranges,2018-06-13 00:19:36,freshoranges::block_7,2,2,freshoranges,freshoranges,0.66274035
train/freshoranges/rotated_by_15_Screen Shot 2018-06-13 at 12.18.40 AM.png,freshoranges,Screen Shot 2018-06-13 at 12.18.40 AM.png,Screen Shot 2018-06-13 at 12.18.40 AM.png_freshoranges,2018-06-13 00:18:40,freshoranges::block_7,2,2,freshoranges,freshoranges,0.9334367
train/freshoranges/rotated_by_15_Screen Shot 2018-06-13 at 12.19.36 AM.png,freshoranges,Screen Shot 2018-06-13 at 12.19.36 AM.png,Screen Shot 2018-06-13 at 12.19.36 AM.png_freshoranges,2018-06-13 00:19:36,freshoranges::block_7,2,2,freshoranges,freshoranges,0.688749
train/freshoranges/rotated_by_45_Screen Shot 2018-06-13 at 12.18.40 AM.png,freshoranges,Screen Shot 2018-06-13 at 12.18.40 AM.png,Screen Shot 2018-06-13 at 12.18.40 AM.png_freshoranges,2018-06-13 00:18:40,freshoranges::block_7,2,2,freshoranges,freshoranges,0.9470934
train/freshoranges/translation_Screen Shot 2018-06-13 at 12.18.40 AM.png,freshoranges,Screen Shot 2018-06-13 at 12.18.40 AM.png,Screen Shot 2018-06-13 at 12.18.40 AM.png_freshoranges,2018-06-13 00:18:40,freshoranges::block_7,2,2,freshoranges,freshoranges,0.93971443
train/freshoranges/Screen Shot 2018-06-13 at 12.19.36 AM.png,freshoranges,Screen Shot 2018-06-13 at 12.19.36 AM.png,Screen Shot 2018-06-13 at 12.19.36 AM.png_freshoranges,2018-06-13 00:19:36,freshoranges::block_7,2,2,freshoranges,freshoranges,0.6676875
train/freshoranges/translation_Screen Shot 2018-06-13 at 12.17.51 AM.png,freshoranges,Screen Shot 2018-06-13 at 12.17.51 AM.png,Screen Shot 2018-06-13 at 12.17.51 AM.png_freshoranges,2018-06-13 00:17:51,freshoranges::block_7,2,2,freshoranges,freshoranges,0.99207085
train/freshoranges/saltandpepper_Screen Shot 2018-06-13 at 12.18.40 AM.png,freshoranges,Screen Shot 2018-06-13 at 12.18.40 AM.png,Screen Shot 2018-06-13 at 12.18.40 AM.png_freshoranges,2018-06-13 00:18:40,freshoranges::block_7,2,2,freshoranges,freshoranges,0.90237916
train/freshoranges/translation_Screen Shot 2018-06-13 at 12.19.36 AM.png,freshoranges,Screen Shot 2018-06-13 at 12.19.36 AM.png,Screen Shot 2018-06-13 at 12.19.36 AM.png_freshoranges,2018-06-13 00:19:36,freshoranges::block_7,2,2,freshoranges,freshoranges,0.8013469
train/freshoranges/vertical_flip_Screen Shot 2018-06-13 at 12.18.40 AM.png,freshoranges,Screen Shot 2018-06-13 at 12.18.40 AM.png,Screen Shot 2018-06-13 at 12.18.40 AM.png_freshoranges,2018-06-13 00:18:40,freshoranges::block_7,2,2,freshoranges,freshoranges,0.9345464
train/freshoranges/saltandpepper_Screen Shot 2018-06-13 at 12.17.51 AM.png,freshoranges,Screen Shot 2018-06-13 at 12.17.51 AM.png,Screen Shot 2018-06-13 at 12.17.51 AM.png_freshoranges,2018-06-13 00:17:51,freshoranges::block_7,2,2,freshoranges,freshoranges,0.99128
train/freshoranges/Screen Shot 2018-06-13 at 12.17.51 AM.png,freshoranges,Screen Shot 2018-06-13 at 12.17.51 AM.png,Screen Shot 2018-06-13 at 12.17.51 AM.png_freshoranges,2018-06-13 00:17:51,freshoranges::block_7,2,2,freshoranges,freshoranges,0.99259114
train/rottenapples/rotated_by_15_Screen Shot 2018-06-08 at 2.29.10 PM.png,rottenapples,Screen Shot 2018-06-08 at 2.29.10 PM.png,Screen Shot 2018-06-08 at 2.29.10 PM.png_rottenapples,2018-06-08 14:29:10,rottenapples::block_8,3,3,rottenapples,rottenapples,0.79424775
train/rottenapples/rotated_by_75_Screen Shot 2018-06-07 at 2.51.45 PM.png,rottenapples,Screen Shot 2018-06-07 at 2.51.45 PM.png,Screen Shot 2018-06-07 at 2.51.45 PM.png_rottenapples,2018-06-07 14:51:45,rottenapples::block_4,3,0,rottenapples,freshapples,0.71118546
train/rottenapples/rotated_by_15_Screen Shot 2018-06-07 at 2.51.45 PM.png,rottenapples,Screen Shot 2018-06-07 at 2.51.45 PM.png,Screen Shot 2018-06-07 at 2.51.45 PM.png_rottenapples,2018-06-07 14:51:45,rottenapples::block_4,3,0,rottenapples,freshapples,0.6852101
train/rottenapples/rotated_by_30_Screen Shot 2018-06-07 at 2.51.45 PM.png,rottenapples,Screen Shot 2018-06-07 at 2.51.45 PM.png,Screen Shot 2018-06-07 at 2.51.45 PM.png_rottenapples,2018-06-07 14:51:45,rottenapples::block_4,3,0,rottenapples,freshapples,0.7235547
train/rottenapples/rotated_by_45_Screen Shot 2018-06-08 at 2.29.10 PM.png,rottenapples,Screen Shot 2018-06-08 at 2.29.10 PM.png,Screen Shot 2018-06-08 at 2.29.10 PM.png_rottenapples,2018-06-08 14:29:10,rottenapples::block_8,3,3,rottenapples,rottenapples,0.7745759
train/rottenapples/saltandpepper_Screen Shot 2018-06-07 at 2.51.45 PM.png,rottenapples,Screen Shot 2018-06-07 at 2.51.45 PM.png,Screen Shot 2018-06-07 at 2.51.45 PM.png_rottenapples,2018-06-07 14:51:45,rottenapples::block_4,3,3,rottenapples,rottenapples,0.67034227
train/rottenapples/vertical_flip_Screen Shot 2018-06-07 at 2.51.45 PM.png,rottenapples,Screen Shot 2018-06-07 at 2.51.45 PM.png,Screen Shot 2018-06-07 at 2.51.45 PM.png_rottenapples,2018-06-07 14:51:45,rottenapples::block_4,3,0,rottenapples,freshapples,0.6178595
train/rottenapples/rotated_by_30_Screen Shot 2018-06-08 at 2.29.10 PM.png,rottenapples,Screen Shot 2018-06-08 at 2.29.10 PM.png,Screen Shot 2018-06-08 at 2.29.10 PM.png_rottenapples,2018-06-08 14:29:10,rottenapples::block_8,3,3,rottenapples,rottenapples,0.78112286
train/rottenapples/rotated_by_75_Screen Shot 2018-06-08 at 2.29.10 PM.png,rottenapples,Screen Shot 2018-06-08 at 2.29.10 PM.png,Screen Shot 2018-06-08 at 2.29.10 PM.png_rottenapples,2018-06-08 14:29:10,rottenapples::block_8,3,3,rottenapples,rottenapples,0.80994815
train/rottenapples/vertical_flip_Screen Shot 2018-06-08 at 2.29.10 PM.png,rottenapples,Screen Shot 2018-06-08 at 2.29.10 PM.png,Screen Shot 2018-06-08 at 2.29.10 PM.png_rottenapples,2018-06-08 14:29:10,rottenapples::block_8,3,3,rottenapples,rottenapples,0.7918882
train/rottenapples/rotated_by_60_Screen Shot 2018-06-08 at 2.29.10 PM.png,rottenapples,Screen Shot 2018-06-08 at 2.29.10 PM.png,Screen Shot 2018-06-08 at 2.29.10 PM.png_rottenapples,2018-06-08 14:29:10,rottenapples::block_8,3,3,rottenapples,rottenapples,0.7899215
train/rottenbanana/rotated_by_75_Screen Shot 2018-06-12 at 9.13.10 PM.png,rottenbanana,Screen Shot 2018-06-12 at 9.13.10 PM.png,Screen Shot 2018-06-12 at 9.13.10 PM.png_rottenbanana,2018-06-12 21:13:10,rottenbanana::block_8,4,4,rottenbanana,rottenbanana,0.919259
train/rottenbanana/rotated_by_30_Screen Shot 2018-06-12 at 9.12.40 PM.png,rottenbanana,Screen Shot 2018-06-12 at 9.12.40 PM.png,Screen Shot 2018-06-12 at 9.12.40 PM.png_rottenbanana,2018-06-12 21:12:40,rottenbanana::block_8,4,4,rottenbanana,rottenbanana,0.90345865
train/rottenbanana/Screen Shot 2018-06-12 at 9.12.49 PM.png,rottenbanana,Screen Shot 2018-06-12 at 9.12.49 PM.png,Screen Shot 2018-06-12 at 9.12.49 PM.png_rottenbanana,2018-06-12 21:12:49,rottenbanana::block_8,4,4,rottenbanana,rottenbanana,0.91064584
train/rottenbanana/saltandpepper_Screen Shot 2018-06-12 at 9.13.10 PM.png,rottenbanana,Screen Shot 2018-06-12 at 9.13.10 PM.png,Screen Shot 2018-06-12 at 9.13.10 PM.png_rottenbanana,2018-06-12 21:13:10,rottenbanana::block_8,4,4,rottenbanana,rottenbanana,0.89194983
train/rottenbanana/rotated_by_30_Screen Shot 2018-06-12 at 9.03.17 PM.png,rottenbanana,Screen Shot 2018-06-12 at 9.03.17 PM.png,Screen Shot 2018-06-12 at 9.03.17 PM.png_rottenbanana,2018-06-12 21:03:17,rottenbanana::block_5,4,4,rottenbanana,rottenbanana,0.99599195
train/rottenbanana/saltandpepper_Screen Shot 2018-06-12 at 9.14.13 PM.png,rottenbanana,Screen Shot 2018-06-12 at 9.14.13 PM.png,Screen Shot 2018-06-12 at 9.14.13 PM.png_rottenbanana,2018-06-12 21:14:13,rottenbanana::block_8,4,4,rottenbanana,rottenbanana,0.9981565
train/rottenbanana/rotated_by_30_Screen Shot 2018-06-12 at 9.03.34 PM.png,rottenbanana,Screen Shot 2018-06-12 at 9.03.34 PM.png,Screen Shot 2018-06-12 at 9.03.34 PM.png_rottenbanana,2018-06-12 21:03:34,rottenbanana::block_5,4,4,rottenbanana,rottenbanana,0.9977659
train/rottenbanana/rotated_by_60_Screen Shot 2018-06-12 at 9.03.17 PM.png,rottenbanana,Screen Shot 2018-06-12 at 9.03.17 PM.png,Screen Shot 2018-06-12 at 9.03.17 PM.png_rottenbanana,2018-06-12 21:03:17,rottenbanana::block_5,4,4,rottenbanana,rottenbanana,0.9959929
train/rottenbanana/rotated_by_75_Screen Shot 2018-06-12 at 9.12.49 PM.png,rottenbanana,Screen Shot 2018-06-12 at 9.12.49 PM.png,Screen Shot 2018-06-12 at 9.12.49 PM.png_rottenbanana,2018-06-12 21:12:49,rottenbanana::block_8,4,4,rottenbanana,rottenbanana,0.93622065
train/rottenbanana/rotated_by_30_Screen Shot 2018-06-12 at 9.03.55 PM.png,rottenbanana,Screen Shot 2018-06-12 at 9.03.55 PM.png,Screen Shot 2018-06-12 at 9.03.55 PM.png_rottenbanana,2018-06-12 21:03:55,rottenbanana::block_5,4,4,rottenbanana,rottenbanana,0.53384554
train/rottenbanana/rotated_by_60_Screen Shot 2018-06-12 at 9.12.49 PM.png,rottenbanana,Screen Shot 2018-06-12 at 9.12.49 PM.png,Screen Shot 2018-06-12 at 9.12.49 PM.png_rottenbanana,2018-06-12 21:12:49,rottenbanana::block_8,4,4,rottenbanana,rottenbanana,0.95101976
train/rottenbanana/saltandpepper_Screen Shot 2018-06-12 at 9.03.17 PM.png,rottenbanana,Screen Shot 2018-06-12 at 9.03.17 PM.png,Screen Shot 2018-06-12 at 9.03.17 PM.png_rottenbanana,2018-06-12 21:03:17,rottenbanana::block_5,4,4,rottenbanana,rottenbanana,0.995555
train/rottenbanana/rotated_by_15_Screen Shot 2018-06-12 at 9.13.48 PM.png,rottenbanana,Screen Shot 2018-06-12 at 9.13.48 PM.png,Screen Shot 2018-06-12 at 9.13.48 PM.png_rottenbanana,2018-06-12 21:13:48,rottenbanana::block_8,4,4,rottenbanana,rottenbanana,0.9194426
train/rottenbanana/rotated_by_75_Screen Shot 2018-06-12 at 9.03.12 PM.png,rottenbanana,Screen Shot 2018-06-12 at 9.03.12 PM.png,Screen Shot 2018-06-12 at 9.03.12 PM.png_rottenbanana,2018-06-12 21:03:12,rottenbanana::block_5,4,4,rottenbanana,rottenbanana,0.99932927
train/rottenbanana/rotated_by_15_Screen Shot 2018-06-12 at 9.03.17 PM.png,rottenbanana,Screen Shot 2018-06-12 at 9.03.17 PM.png,Screen Shot 2018-06-12 at 9.03.17 PM.png_rottenbanana,2018-06-12 21:03:17,rottenbanana::block_5,4,4,rottenbanana,rottenbanana,0.99571675
train/rottenbanana/Screen Shot 2018-06-12 at 9.13.10 PM.png,rottenbanana,Screen Shot 2018-06-12 at 9.13.10 PM.png,Screen Shot 2018-06-12 at 9.13.10 PM.png_rottenbanana,2018-06-12 21:13:10,rottenbanana::block_8,4,4,rottenbanana,rottenbanana,0.8271734
train/rottenbanana/rotated_by_45_Screen Shot 2018-06-12 at 9.03.17 PM.png,rottenbanana,Screen Shot 2018-06-12 at 9.03.17 PM.png,Screen Shot 2018-06-12 at 9.03.17 PM.png_rottenbanana,2018-06-12 21:03:17,rottenbanana::block_5,4,4,rottenbanana,rottenbanana,0.99602246
train/rottenbanana/rotated_by_45_Screen Shot 2018-06-12 at 9.13.10 PM.png,rottenbanana,Screen Shot 2018-06-12 at 9.13.10 PM.png,Screen Shot 2018-06-12 at 9.13.10 PM.png_rottenbanana,2018-06-12 21:13:10,rottenbanana::block_8,4,4,rottenbanana,rottenbanana,0.9152116
train/rottenbanana/vertical_flip_Screen Shot 2018-06-12 at 9.12.40 PM.png,rottenbanana,Screen Shot 2018-06-12 at 9.12.40 PM.png,Screen Shot 2018-06-12 at 9.12.40 PM.png_rottenbanana,2018-06-12 21:12:40,rottenbanana::block_8,4,4,rottenbanana,rottenbanana,0.8455247
train/rottenbanana/vertical_flip_Screen Shot 2018-06-12 at 9.13.10 PM.png,rottenbanana,Screen Shot 2018-06-12 at 9.13.10 PM.png,Screen Shot 2018-06-12 at 9.13.10 PM.png_rottenbanana,2018-06-12 21:13:10,rottenbanana::block_8,4,4,rottenbanana,rottenbanana,0.8212112
train/rottenbanana/rotated_by_30_Screen Shot 2018-06-12 at 9.13.48 PM.png,rottenbanana,Screen Shot 2018-06-12 at 9.13.48 PM.png,Screen Shot 2018-06-12 at 9.13.48 PM.png_rottenbanana,2018-06-12 21:13:48,rottenbanana::block_8,4,4,rottenbanana,rottenbanana,0.9161
train/rottenbanana/translation_Screen Shot 2018-06-12 at 9.03.12 PM.png,rottenbanana,Screen Shot 2018-06-12 at 9.03.12 PM.png,Screen Shot 2018-06-12 at 9.03.12 PM.png_rottenbanana,2018-06-12 21:03:12,rottenbanana::block_5,4,4,rottenbanana,rottenbanana,0.9973617
train/rottenbanana/Screen Shot 2018-06-12 at 9.03.17 PM.png,rottenbanana,Screen Shot 2018-06-12 at 9.03.17 PM.png,Screen Shot 2018-06-12 at 9.03.17 PM.png_rottenbanana,2018-06-12 21:03:17,rottenbanana::block_5,4,4,rottenbanana,rottenbanana,0.9945537
train/rottenbanana/rotated_by_60_Screen Shot 2018-06-12 at 9.03.55 PM.png,rottenbanana,Screen Shot 2018-06-12 at 9.03.55 PM.png,Screen Shot 2018-06-12 at 9.03.55 PM.png_rottenbanana,2018-06-12 21:03:55,rottenbanana::block_5,4,4,rottenbanana,rottenbanana,0.6043971
train/rottenbanana/vertical_flip_Screen Shot 2018-06-12 at 9.14.13 PM.png,rottenbanana,Screen Shot 2018-06-12 at 9.14.13 PM.png,Screen Shot 2018-06-12 at 9.14.13 PM.png_rottenbanana,2018-06-12 21:14:13,rottenbanana::block_8,4,4,rottenbanana,rottenbanana,0.9968112
train/rottenbanana/translation_Screen Shot 2018-06-12 at 9.13.48 PM.png,rottenbanana,Screen Shot 2018-06-12 at 9.13.48 PM.png,Screen Shot 2018-06-12 at 9.13.48 PM.png_rottenbanana,2018-06-12 21:13:48,rottenbanana::block_8,4,4,rottenbanana,rottenbanana,0.8887977
train/rottenbanana/rotated_by_15_Screen Shot 2018-06-12 at 9.12.49 PM.png,rottenbanana,Screen Shot 2018-06-12 at 9.12.49 PM.png,Screen Shot 2018-06-12 at 9.12.49 PM.png_rottenbanana,2018-06-12 21:12:49,rottenbanana::block_8,4,4,rottenbanana,rottenbanana,0.92949283
train/rottenbanana/rotated_by_60_Screen Shot 2018-06-12 at 9.13.48 PM.png,rottenbanana,Screen Shot 2018-06-12 at 9.13.48 PM.png,Screen Shot 2018-06-12 at 9.13.48 PM.png_rottenbanana,2018-06-12 21:13:48,rottenbanana::block_8,4,4,rottenbanana,rottenbanana,0.9064878
train/rottenbanana/rotated_by_45_Screen Shot 2018-06-12 at 9.14.13 PM.png,rottenbanana,Screen Shot 2018-06-12 at 9.14.13 PM.png,Screen Shot 2018-06-12 at 9.14.13 PM.png_rottenbanana,2018-06-12 21:14:13,rottenbanana::block_8,4,4,rottenbanana,rottenbanana,0.9977775
train/rottenbanana/vertical_flip_Screen Shot 2018-06-12 at 9.03.17 PM.png,rottenbanana,Screen Shot 2018-06-12 at 9.03.17 PM.png,Screen Shot 2018-06-12 at 9.03.17 PM.png_rottenbanana,2018-06-12 21:03:17,rottenbanana::block_5,4,4,rottenbanana,rottenbanana,0.99277407
train/rottenbanana/rotated_by_60_Screen Shot 2018-06-12 at 9.03.12 PM.png,rottenbanana,Screen Shot 2018-06-12 at 9.03.12 PM.png,Screen Shot 2018-06-12 at 9.03.12 PM.png_rottenbanana,2018-06-12 21:03:12,rottenbanana::block_5,4,4,rottenbanana,rottenbanana,0.9994487
train/rottenbanana/rotated_by_60_Screen Shot 2018-06-12 at 9.13.10 PM.png,rottenbanana,Screen Shot 2018-06-12 at 9.13.10 PM.png,Screen Shot 2018-06-12 at 9.13.10 PM.png_rottenbanana,2018-06-12 21:13:10,rottenbanana::block_8,4,4,rottenbanana,rottenbanana,0.93805325
train/rottenbanana/rotated_by_30_Screen Shot 2018-06-12 at 9.12.49 PM.png,rottenbanana,Screen Shot 2018-06-12 at 9.12.49 PM.png,Screen Shot 2018-06-12 at 9.12.49 PM.png_rottenbanana,2018-06-12 21:12:49,rottenbanana::block_8,4,4,rottenbanana,rottenbanana,0.94498277
train/rottenbanana/translation_Screen Shot 2018-06-12 at 9.12.40 PM.png,rottenbanana,Screen Shot 2018-06-12 at 9.12.40 PM.png,Screen Shot 2018-06-12 at 9.12.40 PM.png_rottenbanana,2018-06-12 21:12:40,rottenbanana::block_8,4,4,rottenbanana,rottenbanana,0.75195676
train/rottenbanana/rotated_by_15_Screen Shot 2018-06-12 at 9.14.13 PM.png,rottenbanana,Screen Shot 2018-06-12 at 9.14.13 PM.png,Screen Shot 2018-06-12 at 9.14.13 PM.png_rottenbanana,2018-06-12 21:14:13,rottenbanana::block_8,4,4,rottenbanana,rottenbanana,0.99783105
train/rottenbanana/vertical_flip_Screen Shot 2018-06-12 at 9.03.34 PM.png,rottenbanana,Screen Shot 2018-06-12 at 9.03.34 PM.png,Screen Shot 2018-06-12 at 9.03.34 PM.png_rottenbanana,2018-06-12 21:03:34,rottenbanana::block_5,4,4,rottenbanana,rottenbanana,0.9970957
train/rottenbanana/rotated_by_75_Screen Shot 2018-06-12 at 9.03.55 PM.png,rottenbanana,Screen Shot 2018-06-12 at 9.03.55 PM.png,Screen Shot 2018-06-12 at 9.03.55 PM.png_rottenbanana,2018-06-12 21:03:55,rottenbanana::block_5,4,4,rottenbanana,rottenbanana,0.55984974
train/rottenbanana/rotated_by_45_Screen Shot 2018-06-12 at 9.12.49 PM.png,rottenbanana,Screen Shot 2018-06-12 at 9.12.49 PM.png,Screen Shot 2018-06-12 at 9.12.49 PM.png_rottenbanana,2018-06-12 21:12:49,rottenbanana::block_8,4,4,rottenbanana,rottenbanana,0.94838643
train/rottenbanana/Screen Shot 2018-06-12 at 9.03.12 PM.png,rottenbanana,Screen Shot 2018-06-12 at 9.03.12 PM.png,Screen Shot 2018-06-12 at 9.03.12 PM.png_rottenbanana,2018-06-12 21:03:12,rottenbanana::block_5,4,4,rottenbanana,rottenbanana,0.99822575
train/rottenbanana/rotated_by_15_Screen Shot 2018-06-12 at 9.12.40 PM.png,rottenbanana,Screen Shot 2018-06-12 at 9.12.40 PM.png,Screen Shot 2018-06-12 at 9.12.40 PM.png_rottenbanana,2018-06-12 21:12:40,rottenbanana::block_8,4,4,rottenbanana,rottenbanana,0.866544
train/rottenbanana/rotated_by_75_Screen Shot 2018-06-12 at 9.03.34 PM.png,rottenbanana,Screen Shot 2018-06-12 at 9.03.34 PM.png,Screen Shot 2018-06-12 at 9.03.34 PM.png_rottenbanana,2018-06-12 21:03:34,rottenbanana::block_5,4,4,rottenbanana,rottenbanana,0.9969793
train/rottenbanana/translation_Screen Shot 2018-06-12 at 9.03.34 PM.png,rottenbanana,Screen Shot 2018-06-12 at 9.03.34 PM.png,Screen Shot 2018-06-12 at 9.03.34 PM.png_rottenbanana,2018-06-12 21:03:34,rottenbanana::block_5,4,4,rottenbanana,rottenbanana,0.9955514
train/rottenbanana/rotated_by_75_Screen Shot 2018-06-12 at 9.12.40 PM.png,rottenbanana,Screen Shot 2018-06-12 at 9.12.40 PM.png,Screen Shot 2018-06-12 at 9.12.40 PM.png_rottenbanana,2018-06-12 21:12:40,rottenbanana::block_8,4,4,rottenbanana,rottenbanana,0.90638006
train/rottenbanana/rotated_by_75_Screen Shot 2018-06-12 at 9.03.17 PM.png,rottenbanana,Screen Shot 2018-06-12 at 9.03.17 PM.png,Screen Shot 2018-06-12 at 9.03.17 PM.png_rottenbanana,2018-06-12 21:03:17,rottenbanana::block_5,4,4,rottenbanana,rottenbanana,0.99559623
train/rottenbanana/rotated_by_60_Screen Shot 2018-06-12 at 9.12.40 PM.png,rottenbanana,Screen Shot 2018-06-12 at 9.12.40 PM.png,Screen Shot 2018-06-12 at 9.12.40 PM.png_rottenbanana,2018-06-12 21:12:40,rottenbanana::block_8,4,4,rottenbanana,rottenbanana,0.9077866
train/rottenbanana/Screen Shot 2018-06-12 at 9.03.55 PM.png,rottenbanana,Screen Shot 2018-06-12 at 9.03.55 PM.png,Screen Shot 2018-06-12 at 9.03.55 PM.png_rottenbanana,2018-06-12 21:03:55,rottenbanana::block_5,4,4,rottenbanana,rottenbanana,0.5494957
train/rottenbanana/vertical_flip_Screen Shot 2018-06-12 at 9.03.12 PM.png,rottenbanana,Screen Shot 2018-06-12 at 9.03.12 PM.png,Screen Shot 2018-06-12 at 9.03.12 PM.png_rottenbanana,2018-06-12 21:03:12,rottenbanana::block_5,4,4,rottenbanana,rottenbanana,0.9992205
train/rottenbanana/rotated_by_15_Screen Shot 2018-06-12 at 9.03.34 PM.png,rottenbanana,Screen Shot 2018-06-12 at 9.03.34 PM.png,Screen Shot 2018-06-12 at 9.03.34 PM.png_rottenbanana,2018-06-12 21:03:34,rottenbanana::block_5,4,4,rottenbanana,rottenbanana,0.99780315
train/rottenbanana/Screen Shot 2018-06-12 at 9.14.13 PM.png,rottenbanana,Screen Shot 2018-06-12 at 9.14.13 PM.png,Screen Shot 2018-06-12 at 9.14.13 PM.png_rottenbanana,2018-06-12 21:14:13,rottenbanana::block_8,4,4,rottenbanana,rottenbanana,0.9971988
train/rottenbanana/rotated_by_75_Screen Shot 2018-06-12 at 9.14.13 PM.png,rottenbanana,Screen Shot 2018-06-12 at 9.14.13 PM.png,Screen Shot 2018-06-12 at 9.14.13 PM.png_rottenbanana,2018-06-12 21:14:13,rottenbanana::block_8,4,4,rottenbanana,rottenbanana,0.9901736
train/rottenbanana/rotated_by_60_Screen Shot 2018-06-12 at 9.14.13 PM.png,rottenbanana,Screen Shot 2018-06-12 at 9.14.13 PM.png,Screen Shot 2018-06-12 at 9.14.13 PM.png_rottenbanana,2018-06-12 21:14:13,rottenbanana::block_8,4,4,rottenbanana,rottenbanana,0.9963038
train/rottenbanana/translation_Screen Shot 2018-06-12 at 9.03.55 PM.png,rottenbanana,Screen Shot 2018-06-12 at 9.03.55 PM.png,Screen Shot 2018-06-12 at 9.03.55 PM.png_rottenbanana,2018-06-12 21:03:55,rottenbanana::block_5,4,4,rottenbanana,rottenbanana,0.47092745
train/rottenbanana/vertical_flip_Screen Shot 2018-06-12 at 9.12.49 PM.png,rottenbanana,Screen Shot 2018-06-12 at 9.12.49 PM.png,Screen Shot 2018-06-12 at 9.12.49 PM.png_rottenbanana,2018-06-12 21:12:49,rottenbanana::block_8,4,4,rottenbanana,rottenbanana,0.8384977
train/rottenbanana/saltandpepper_Screen Shot 2018-06-12 at 9.03.34 PM.png,rottenbanana,Screen Shot 2018-06-12 at 9.03.34 PM.png,Screen Shot 2018-06-12 at 9.03.34 PM.png_rottenbanana,2018-06-12 21:03:34,rottenbanana::block_5,4,4,rottenbanana,rottenbanana,0.9989324
train/rottenbanana/saltandpepper_Screen Shot 2018-06-12 at 9.03.12 PM.png,rottenbanana,Screen Shot 2018-06-12 at 9.03.12 PM.png,Screen Shot 2018-06-12 at 9.03.12 PM.png_rottenbanana,2018-06-12 21:03:12,rottenbanana::block_5,4,4,rottenbanana,rottenbanana,0.99894506
train/rottenbanana/rotated_by_45_Screen Shot 2018-06-12 at 9.03.55 PM.png,rottenbanana,Screen Shot 2018-06-12 at 9.03.55 PM.png,Screen Shot 2018-06-12 at 9.03.55 PM.png_rottenbanana,2018-06-12 21:03:55,rottenbanana::block_5,4,4,rottenbanana,rottenbanana,0.58246255
train/rottenbanana/rotated_by_45_Screen Shot 2018-06-12 at 9.12.40 PM.png,rottenbanana,Screen Shot 2018-06-12 at 9.12.40 PM.png,Screen Shot 2018-06-12 at 9.12.40 PM.png_rottenbanana,2018-06-12 21:12:40,rottenbanana::block_8,4,4,rottenbanana,rottenbanana,0.9122201
train/rottenbanana/rotated_by_15_Screen Shot 2018-06-12 at 9.13.10 PM.png,rottenbanana,Screen Shot 2018-06-12 at 9.13.10 PM.png,Screen Shot 2018-06-12 at 9.13.10 PM.png_rottenbanana,2018-06-12 21:13:10,rottenbanana::block_8,4,4,rottenbanana,rottenbanana,0.8529056
train/rottenbanana/saltandpepper_Screen Shot 2018-06-12 at 9.13.48 PM.png,rottenbanana,Screen Shot 2018-06-12 at 9.13.48 PM.png,Screen Shot 2018-06-12 at 9.13.48 PM.png_rottenbanana,2018-06-12 21:13:48,rottenbanana::block_8,4,4,rottenbanana,rottenbanana,0.91427875
train/rottenbanana/rotated_by_75_Screen Shot 2018-06-12 at 9.13.48 PM.png,rottenbanana,Screen Shot 2018-06-12 at 9.13.48 PM.png,Screen Shot 2018-06-12 at 9.13.48 PM.png_rottenbanana,2018-06-12 21:13:48,rottenbanana::block_8,4,4,rottenbanana,rottenbanana,0.83493334
train/rottenbanana/rotated_by_45_Screen Shot 2018-06-12 at 9.03.34 PM.png,rottenbanana,Screen Shot 2018-06-12 at 9.03.34 PM.png,Screen Shot 2018-06-12 at 9.03.34 PM.png_rottenbanana,2018-06-12 21:03:34,rottenbanana::block_5,4,4,rottenbanana,rottenbanana,0.9971142
train/rottenbanana/translation_Screen Shot 2018-06-12 at 9.14.13 PM.png,rottenbanana,Screen Shot 2018-06-12 at 9.14.13 PM.png,Screen Shot 2018-06-12 at 9.14.13 PM.png_rottenbanana,2018-06-12 21:14:13,rottenbanana::block_8,4,4,rottenbanana,rottenbanana,0.99550194
train/rottenbanana/rotated_by_30_Screen Shot 2018-06-12 at 9.14.13 PM.png,rottenbanana,Screen Shot 2018-06-12 at 9.14.13 PM.png,Screen Shot 2018-06-12 at 9.14.13 PM.png_rottenbanana,2018-06-12 21:14:13,rottenbanana::block_8,4,4,rottenbanana,rottenbanana,0.99820065
train/rottenbanana/rotated_by_15_Screen Shot 2018-06-12 at 9.03.12 PM.png,rottenbanana,Screen Shot 2018-06-12 at 9.03.12 PM.png,Screen Shot 2018-06-12 at 9.03.12 PM.png_rottenbanana,2018-06-12 21:03:12,rottenbanana::block_5,4,4,rottenbanana,rottenbanana,0.9987422
train/rottenbanana/vertical_flip_Screen Shot 2018-06-12 at 9.03.55 PM.png,rottenbanana,Screen Shot 2018-06-12 at 9.03.55 PM.png,Screen Shot 2018-06-12 at 9.03.55 PM.png_rottenbanana,2018-06-12 21:03:55,rottenbanana::block_5,4,5,rottenbanana,rottenoranges,0.49354437
train/rottenbanana/rotated_by_30_Screen Shot 2018-06-12 at 9.03.12 PM.png,rottenbanana,Screen Shot 2018-06-12 at 9.03.12 PM.png,Screen Shot 2018-06-12 at 9.03.12 PM.png_rottenbanana,2018-06-12 21:03:12,rottenbanana::block_5,4,4,rottenbanana,rottenbanana,0.9990952
train/rottenbanana/rotated_by_15_Screen Shot 2018-06-12 at 9.03.55 PM.png,rottenbanana,Screen Shot 2018-06-12 at 9.03.55 PM.png,Screen Shot 2018-06-12 at 9.03.55 PM.png_rottenbanana,2018-06-12 21:03:55,rottenbanana::block_5,4,4,rottenbanana,rottenbanana,0.53793097
train/rottenoranges/vertical_flip_Screen Shot 2018-06-12 at 11.27.38 PM.png,rottenoranges,Screen Shot 2018-06-12 at 11.27.38 PM.png,Screen Shot 2018-06-12 at 11.27.38 PM.png_rottenoranges,2018-06-12 23:27:38,rottenoranges::block_3,5,5,rottenoranges,rottenoranges,0.7996916
train/rottenoranges/rotated_by_75_Screen Shot 2018-06-12 at 11.27.52 PM.png,rottenoranges,Screen Shot 2018-06-12 at 11.27.52 PM.png,Screen Shot 2018-06-12 at 11.27.52 PM.png_rottenoranges,2018-06-12 23:27:52,rottenoranges::block_3,5,3,rottenoranges,rottenapples,0.6366697
train/rottenoranges/rotated_by_75_Screen Shot 2018-06-12 at 11.27.38 PM.png,rottenoranges,Screen Shot 2018-06-12 at 11.27.38 PM.png,Screen Shot 2018-06-12 at 11.27.38 PM.png_rottenoranges,2018-06-12 23:27:38,rottenoranges::block_3,5,5,rottenoranges,rottenoranges,0.8641969
train/rottenoranges/vertical_flip_Screen Shot 2018-06-12 at 11.27.46 PM.png,rottenoranges,Screen Shot 2018-06-12 at 11.27.46 PM.png,Screen Shot 2018-06-12 at 11.27.46 PM.png_rottenoranges,2018-06-12 23:27:46,rottenoranges::block_3,5,5,rottenoranges,rottenoranges,0.7250889
train/rottenoranges/rotated_by_60_Screen Shot 2018-06-12 at 11.27.38 PM.png,rottenoranges,Screen Shot 2018-06-12 at 11.27.38 PM.png,Screen Shot 2018-06-12 at 11.27.38 PM.png_rottenoranges,2018-06-12 23:27:38,rottenoranges::block_3,5,5,rottenoranges,rottenoranges,0.8696138
train/rottenoranges/rotated_by_45_Screen Shot 2018-06-12 at 11.27.46 PM.png,rottenoranges,Screen Shot 2018-06-12 at 11.27.46 PM.png,Screen Shot 2018-06-12 at 11.27.46 PM.png_rottenoranges,2018-06-12 23:27:46,rottenoranges::block_3,5,5,rottenoranges,rottenoranges,0.8065349
train/rottenoranges/rotated_by_75_Screen Shot 2018-06-12 at 11.27.26 PM.png,rottenoranges,Screen Shot 2018-06-12 at 11.27.26 PM.png,Screen Shot 2018-06-12 at 11.27.26 PM.png_rottenoranges,2018-06-12 23:27:26,rottenoranges::block_3,5,5,rottenoranges,rottenoranges,0.44555047
train/rottenoranges/rotated_by_30_Screen Shot 2018-06-12 at 11.27.38 PM.png,rottenoranges,Screen Shot 2018-06-12 at 11.27.38 PM.png,Screen Shot 2018-06-12 at 11.27.38 PM.png_rottenoranges,2018-06-12 23:27:38,rottenoranges::block_3,5,5,rottenoranges,rottenoranges,0.83957344
train/rottenoranges/rotated_by_60_Screen Shot 2018-06-12 at 11.27.46 PM.png,rottenoranges,Screen Shot 2018-06-12 at 11.27.46 PM.png,Screen Shot 2018-06-12 at 11.27.46 PM.png_rottenoranges,2018-06-12 23:27:46,rottenoranges::block_3,5,5,rottenoranges,rottenoranges,0.8316828
train/rottenoranges/Screen Shot 2018-06-12 at 11.27.38 PM.png,rottenoranges,Screen Shot 2018-06-12 at 11.27.38 PM.png,Screen Shot 2018-06-12 at 11.27.38 PM.png_rottenoranges,2018-06-12 23:27:38,rottenoranges::block_3,5,5,rottenoranges,rottenoranges,0.7947003
train/rottenoranges/saltandpepper_Screen Shot 2018-06-12 at 11.27.52 PM.png,rottenoranges,Screen Shot 2018-06-12 at 11.27.52 PM.png,Screen Shot 2018-06-12 at 11.27.52 PM.png_rottenoranges,2018-06-12 23:27:52,rottenoranges::block_3,5,3,rottenoranges,rottenapples,0.6744181
train/rottenoranges/saltandpepper_Screen Shot 2018-06-12 at 11.27.26 PM.png,rottenoranges,Screen Shot 2018-06-12 at 11.27.26 PM.png,Screen Shot 2018-06-12 at 11.27.26 PM.png_rottenoranges,2018-06-12 23:27:26,rottenoranges::block_3,5,5,rottenoranges,rottenoranges,0.42873508
train/rottenoranges/rotated_by_30_Screen Shot 2018-06-12 at 11.27.26 PM.png,rottenoranges,Screen Shot 2018-06-12 at 11.27.26 PM.png,Screen Shot 2018-06-12 at 11.27.26 PM.png_rottenoranges,2018-06-12 23:27:26,rottenoranges::block_3,5,5,rottenoranges,rottenoranges,0.43426183
train/rottenoranges/vertical_flip_Screen Shot 2018-06-12 at 11.27.52 PM.png,rottenoranges,Screen Shot 2018-06-12 at 11.27.52 PM.png,Screen Shot 2018-06-12 at 11.27.52 PM.png_rottenoranges,2018-06-12 23:27:52,rottenoranges::block_3,5,3,rottenoranges,rottenapples,0.69772846
train/rottenoranges/translation_Screen Shot 2018-06-12 at 11.27.38 PM.png,rottenoranges,Screen Shot 2018-06-12 at 11.27.38 PM.png,Screen Shot 2018-06-12 at 11.27.38 PM.png_rottenoranges,2018-06-12 23:27:38,rottenoranges::block_3,5,5,rottenoranges,rottenoranges,0.82305086
train/rottenoranges/rotated_by_15_Screen Shot 2018-06-12 at 11.27.46 PM.png,rottenoranges,Screen Shot 2018-06-12 at 11.27.46 PM.png,Screen Shot 2018-06-12 at 11.27.46 PM.png_rottenoranges,2018-06-12 23:27:46,rottenoranges::block_3,5,5,rottenoranges,rottenoranges,0.73500746
train/rottenoranges/rotated_by_30_Screen Shot 2018-06-12 at 11.27.46 PM.png,rottenoranges,Screen Shot 2018-06-12 at 11.27.46 PM.png,Screen Shot 2018-06-12 at 11.27.46 PM.png_rottenoranges,2018-06-12 23:27:46,rottenoranges::block_3,5,5,rottenoranges,rottenoranges,0.7847815
train/rottenoranges/rotated_by_75_Screen Shot 2018-06-12 at 11.27.46 PM.png,rottenoranges,Screen Shot 2018-06-12 at 11.27.46 PM.png,Screen Shot 2018-06-12 at 11.27.46 PM.png_rottenoranges,2018-06-12 23:27:46,rottenoranges::block_3,5,5,rottenoranges,rottenoranges,0.856512
train/rottenoranges/saltandpepper_Screen Shot 2018-06-12 at 11.27.46 PM.png,rottenoranges,Screen Shot 2018-06-12 at 11.27.46 PM.png,Screen Shot 2018-06-12 at 11.27.46 PM.png_rottenoranges,2018-06-12 23:27:46,rottenoranges::block_3,5,5,rottenoranges,rottenoranges,0.8550162
train/rottenoranges/rotated_by_60_Screen Shot 2018-06-12 at 11.27.52 PM.png,rottenoranges,Screen Shot 2018-06-12 at 11.27.52 PM.png,Screen Shot 2018-06-12 at 11.27.52 PM.png_rottenoranges,2018-06-12 23:27:52,rottenoranges::block_3,5,3,rottenoranges,rottenapples,0.64150417
train/rottenoranges/rotated_by_15_Screen Shot 2018-06-12 at 11.27.26 PM.png,rottenoranges,Screen Shot 2018-06-12 at 11.27.26 PM.png,Screen Shot 2018-06-12 at 11.27.26 PM.png_rottenoranges,2018-06-12 23:27:26,rottenoranges::block_3,5,5,rottenoranges,rottenoranges,0.4369643
train/rottenoranges/rotated_by_30_Screen Shot 2018-06-12 at 11.27.52 PM.png,rottenoranges,Screen Shot 2018-06-12 at 11.27.52 PM.png,Screen Shot 2018-06-12 at 11.27.52 PM.png_rottenoranges,2018-06-12 23:27:52,rottenoranges::block_3,5,3,rottenoranges,rottenapples,0.6519422
train/rottenoranges/translation_Screen Shot 2018-06-12 at 11.27.26 PM.png,rottenoranges,Screen Shot 2018-06-12 at 11.27.26 PM.png,Screen Shot 2018-06-12 at 11.27.26 PM.png_rottenoranges,2018-06-12 23:27:26,rottenoranges::block_3,5,2,rottenoranges,freshoranges,0.45808262
train/rottenoranges/vertical_flip_Screen Shot 2018-06-12 at 11.27.26 PM.png,rottenoranges,Screen Shot 2018-06-12 at 11.27.26 PM.png,Screen Shot 2018-06-12 at 11.27.26 PM.png_rottenoranges,2018-06-12 23:27:26,rottenoranges::block_3,5,5,rottenoranges,rottenoranges,0.3477245
train/rottenoranges/rotated_by_15_Screen Shot 2018-06-12 at 11.27.38 PM.png,rottenoranges,Screen Shot 2018-06-12 at 11.27.38 PM.png,Screen Shot 2018-06-12 at 11.27.38 PM.png_rottenoranges,2018-06-12 23:27:38,rottenoranges::block_3,5,5,rottenoranges,rottenoranges,0.79281527
train/rottenoranges/Screen Shot 2018-06-12 at 11.27.46 PM.png,rottenoranges,Screen Shot 2018-06-12 at 11.27.46 PM.png,Screen Shot 2018-06-12 at 11.27.46 PM.png_rottenoranges,2018-06-12 23:27:46,rottenoranges::block_3,5,5,rottenoranges,rottenoranges,0.7260552
train/rottenoranges/saltandpepper_Screen Shot 2018-06-12 at 11.27.38 PM.png,rottenoranges,Screen Shot 2018-06-12 at 11.27.38 PM.png,Screen Shot 2018-06-12 at 11.27.38 PM.png_rottenoranges,2018-06-12 23:27:38,rottenoranges::block_3,5,5,rottenoranges,rottenoranges,0.8603221
train/rottenoranges/translation_Screen Shot 2018-06-12 at 11.27.52 PM.png,rottenoranges,Screen Shot 2018-06-12 at 11.27.52 PM.png,Screen Shot 2018-06-12 at 11.27.52 PM.png_rottenoranges,2018-06-12 23:27:52,rottenoranges::block_3,5,3,rottenoranges,rottenapples,0.59050786
train/rottenoranges/rotated_by_45_Screen Shot 2018-06-12 at 11.27.26 PM.png,rottenoranges,Screen Shot 2018-06-12 at 11.27.26 PM.png,Screen Shot 2018-06-12 at 11.27.26 PM.png_rottenoranges,2018-06-12 23:27:26,rottenoranges::block_3,5,5,rottenoranges,rottenoranges,0.40970996
train/rottenoranges/Screen Shot 2018-06-12 at 11.27.26 PM.png,rottenoranges,Screen Shot 2018-06-12 at 11.27.26 PM.png,Screen Shot 2018-06-12 at 11.27.26 PM.png_rottenoranges,2018-06-12 23:27:26,rottenoranges::block_3,5,5,rottenoranges,rottenoranges,0.3638084
train/rottenoranges/Screen Shot 2018-06-12 at 11.27.52 PM.png,rottenoranges,Screen Shot 2018-06-12 at 11.27.52 PM.png,Screen Shot 2018-06-12 at 11.27.52 PM.png_rottenoranges,2018-06-12 23:27:52,rottenoranges::block_3,5,3,rottenoranges,rottenapples,0.6992036
train/rottenoranges/rotated_by_15_Screen Shot 2018-06-12 at 11.27.52 PM.png,rottenoranges,Screen Shot 2018-06-12 at 11.27.52 PM.png,Screen Shot 2018-06-12 at 11.27.52 PM.png_rottenoranges,2018-06-12 23:27:52,rottenoranges::block_3,5,3,rottenoranges,rottenapples,0.6836456
train/rottenoranges/rotated_by_45_Screen Shot 2018-06-12 at 11.27.52 PM.png,rottenoranges,Screen Shot 2018-06-12 at 11.27.52 PM.png,Screen Shot 2018-06-12 at 11.27.52 PM.png_rottenoranges,2018-06-12 23:27:52,rottenoranges::block_3,5,3,rottenoranges,rottenapples,0.63534594
test/freshapples/rotated_by_75_Screen Shot 2018-06-08 at 5.17.22 PM.png,freshapples,Screen Shot 2018-06-08 at 5.17.22 PM.png,Screen Shot 2018-06-08 at 5.17.22 PM.png_freshapples,2018-06-08 17:17:22,freshapples::block_5,0,0,freshapples,freshapples,0.9828662
test/freshbanana/Screen Shot 2018-06-12 at 9.58.36 PM.png,freshbanana,Screen Shot 2018-06-12 at 9.58.36 PM.png,Screen Shot 2018-06-12 at 9.58.36 PM.png_freshbanana,2018-06-12 21:58:36,freshbanana::block_6,1,1,freshbanana,freshbanana,0.9224227
test/freshoranges/rotated_by_75_Screen Shot 2018-06-13 at 12.19.36 AM.png,freshoranges,Screen Shot 2018-06-13 at 12.19.36 AM.png,Screen Shot 2018-06-13 at 12.19.36 AM.png_freshoranges,2018-06-13 00:19:36,freshoranges::block_7,2,2,freshoranges,freshoranges,0.6566883
test/freshoranges/rotated_by_75_Screen Shot 2018-06-13 at 12.17.51 AM.png,freshoranges,Screen Shot 2018-06-13 at 12.17.51 AM.png,Screen Shot 2018-06-13 at 12.17.51 AM.png_freshoranges,2018-06-13 00:17:51,freshoranges::block_7,2,2,freshoranges,freshoranges,0.9876537
test/freshoranges/Screen Shot 2018-06-13 at 12.18.40 AM.png,freshoranges,Screen Shot 2018-06-13 at 12.18.40 AM.png,Screen Shot 2018-06-13 at 12.18.40 AM.png_freshoranges,2018-06-13 00:18:40,freshoranges::block_7,2,2,freshoranges,freshoranges,0.9320658
test/freshoranges/rotated_by_75_Screen Shot 2018-06-13 at 12.18.40 AM.png,freshoranges,Screen Shot 2018-06-13 at 12.18.40 AM.png,Screen Shot 2018-06-13 at 12.18.40 AM.png_freshoranges,2018-06-13 00:18:40,freshoranges::block_7,2,2,freshoranges,freshoranges,0.93592906
test/freshoranges/rotated_by_30_Screen Shot 2018-06-13 at 12.19.36 AM.png,freshoranges,Screen Shot 2018-06-13 at 12.19.36 AM.png,Screen Shot 2018-06-13 at 12.19.36 AM.png_freshoranges,2018-06-13 00:19:36,freshoranges::block_7,2,2,freshoranges,freshoranges,0.77318734
test/freshoranges/saltandpepper_Screen Shot 2018-06-13 at 12.19.36 AM.png,freshoranges,Screen Shot 2018-06-13 at 12.19.36 AM.png,Screen Shot 2018-06-13 at 12.19.36 AM.png_freshoranges,2018-06-13 00:19:36,freshoranges::block_7,2,5,freshoranges,rottenoranges,0.6350481
test/rottenapples/translation_Screen Shot 2018-06-07 at 2.51.45 PM.png,rottenapples,Screen Shot 2018-06-07 at 2.51.45 PM.png,Screen Shot 2018-06-07 at 2.51.45 PM.png_rottenapples,2018-06-07 14:51:45,rottenapples::block_4,3,0,rottenapples,freshapples,0.87971395
test/rottenapples/Screen Shot 2018-06-07 at 2.51.45 PM.png,rottenapples,Screen Shot 2018-06-07 at 2.51.45 PM.png,Screen Shot 2018-06-07 at 2.51.45 PM.png_rottenapples,2018-06-07 14:51:45,rottenapples::block_4,3,0,rottenapples,freshapples,0.6864443
test/rottenapples/translation_Screen Shot 2018-06-08 at 2.29.10 PM.png,rottenapples,Screen Shot 2018-06-08 at 2.29.10 PM.png,Screen Shot 2018-06-08 at 2.29.10 PM.png_rottenapples,2018-06-08 14:29:10,rottenapples::block_8,3,3,rottenapples,rottenapples,0.6155028
test/rottenapples/rotated_by_60_Screen Shot 2018-06-07 at 2.51.45 PM.png,rottenapples,Screen Shot 2018-06-07 at 2.51.45 PM.png,Screen Shot 2018-06-07 at 2.51.45 PM.png_rottenapples,2018-06-07 14:51:45,rottenapples::block_4,3,0,rottenapples,freshapples,0.7452301
test/rottenapples/saltandpepper_Screen Shot 2018-06-08 at 2.29.10 PM.png,rottenapples,Screen Shot 2018-06-08 at 2.29.10 PM.png,Screen Shot 2018-06-08 at 2.29.10 PM.png_rottenapples,2018-06-08 14:29:10,rottenapples::block_8,3,3,rottenapples,rottenapples,0.8025341
test/rottenapples/rotated_by_45_Screen Shot 2018-06-07 at 2.51.45 PM.png,rottenapples,Screen Shot 2018-06-07 at 2.51.45 PM.png,Screen Shot 2018-06-07 at 2.51.45 PM.png_rottenapples,2018-06-07 14:51:45,rottenapples::block_4,3,0,rottenapples,freshapples,0.76357955
test/rottenapples/Screen Shot 2018-06-08 at 2.29.10 PM.png,rottenapples,Screen Shot 2018-06-08 at 2.29.10 PM.png,Screen Shot 2018-06-08 at 2.29.10 PM.png_rottenapples,2018-06-08 14:29:10,rottenapples::block_8,3,3,rottenapples,rottenapples,0.7824839
test/rottenbanana/saltandpepper_Screen Shot 2018-06-12 at 9.12.49 PM.png,rottenbanana,Screen Shot 2018-06-12 at 9.12.49 PM.png,Screen Shot 2018-06-12 at 9.12.49 PM.png_rottenbanana,2018-06-12 21:12:49,rottenbanana::block_8,4,4,rottenbanana,rottenbanana,0.95175093
test/rottenbanana/rotated_by_45_Screen Shot 2018-06-12 at 9.13.48 PM.png,rottenbanana,Screen Shot 2018-06-12 at 9.13.48 PM.png,Screen Shot 2018-06-12 at 9.13.48 PM.png_rottenbanana,2018-06-12 21:13:48,rottenbanana::block_8,4,4,rottenbanana,rottenbanana,0.93338436
test/rottenbanana/translation_Screen Shot 2018-06-12 at 9.13.10 PM.png,rottenbanana,Screen Shot 2018-06-12 at 9.13.10 PM.png,Screen Shot 2018-06-12 at 9.13.10 PM.png_rottenbanana,2018-06-12 21:13:10,rottenbanana::block_8,4,4,rottenbanana,rottenbanana,0.7769645
test/rottenbanana/Screen Shot 2018-06-12 at 9.03.34 PM.png,rottenbanana,Screen Shot 2018-06-12 at 9.03.34 PM.png,Screen Shot 2018-06-12 at 9.03.34 PM.png_rottenbanana,2018-06-12 21:03:34,rottenbanana::block_5,4,4,rottenbanana,rottenbanana,0.9980756
test/rottenbanana/vertical_flip_Screen Shot 2018-06-12 at 9.13.48 PM.png,rottenbanana,Screen Shot 2018-06-12 at 9.13.48 PM.png,Screen Shot 2018-06-12 at 9.13.48 PM.png_rottenbanana,2018-06-12 21:13:48,rottenbanana::block_8,4,4,rottenbanana,rottenbanana,0.8590774
test/rottenbanana/rotated_by_45_Screen Shot 2018-06-12 at 9.03.12 PM.png,rottenbanana,Screen Shot 2018-06-12 at 9.03.12 PM.png,Screen Shot 2018-06-12 at 9.03.12 PM.png_rottenbanana,2018-06-12 21:03:12,rottenbanana::block_5,4,4,rottenbanana,rottenbanana,0.99931204
test/rottenbanana/translation_Screen Shot 2018-06-12 at 9.12.49 PM.png,rottenbanana,Screen Shot 2018-06-12 at 9.12.49 PM.png,Screen Shot 2018-06-12 at 9.12.49 PM.png_rottenbanana,2018-06-12 21:12:49,rottenbanana::block_8,4,4,rottenbanana,rottenbanana,0.9007326
test/rottenbanana/Screen Shot 2018-06-12 at 9.13.48 PM.png,rottenbanana,Screen Shot 2018-06-12 at 9.13.48 PM.png,Screen Shot 2018-06-12 at 9.13.48 PM.png_rottenbanana,2018-06-12 21:13:48,rottenbanana::block_8,4,4,rottenbanana,rottenbanana,0.8937181
test/rottenbanana/saltandpepper_Screen Shot 2018-06-12 at 9.12.40 PM.png,rottenbanana,Screen Shot 2018-06-12 at 9.12.40 PM.png,Screen Shot 2018-06-12 at 9.12.40 PM.png_rottenbanana,2018-06-12 21:12:40,rottenbanana::block_8,4,4,rottenbanana,rottenbanana,0.886861
test/rottenbanana/translation_Screen Shot 2018-06-12 at 9.03.17 PM.png,rottenbanana,Screen Shot 2018-06-12 at 9.03.17 PM.png,Screen Shot 2018-06-12 at 9.03.17 PM.png_rottenbanana,2018-06-12 21:03:17,rottenbanana::block_5,4,4,rottenbanana,rottenbanana,0.991651
test/rottenbanana/rotated_by_30_Screen Shot 2018-06-12 at 9.13.10 PM.png,rottenbanana,Screen Shot 2018-06-12 at 9.13.10 PM.png,Screen Shot 2018-06-12 at 9.13.10 PM.png_rottenbanana,2018-06-12 21:13:10,rottenbanana::block_8,4,4,rottenbanana,rottenbanana,0.88051635
test/rottenbanana/Screen Shot 2018-06-12 at 9.12.40 PM.png,rottenbanana,Screen Shot 2018-06-12 at 9.12.40 PM.png,Screen Shot 2018-06-12 at 9.12.40 PM.png_rottenbanana,2018-06-12 21:12:40,rottenbanana::block_8,4,4,rottenbanana,rottenbanana,0.8009862
test/rottenbanana/saltandpepper_Screen Shot 2018-06-12 at 9.03.55 PM.png,rottenbanana,Screen Shot 2018-06-12 at 9.03.55 PM.png,Screen Shot 2018-06-12 at 9.03.55 PM.png_rottenbanana,2018-06-12 21:03:55,rottenbanana::block_5,4,4,rottenbanana,rottenbanana,0.612238
test/rottenbanana/rotated_by_60_Screen Shot 2018-06-12 at 9.03.34 PM.png,rottenbanana,Screen Shot 2018-06-12 at 9.03.34 PM.png,Screen Shot 2018-06-12 at 9.03.34 PM.png_rottenbanana,2018-06-12 21:03:34,rottenbanana::block_5,4,4,rottenbanana,rottenbanana,0.99695975
test/rottenoranges/rotated_by_45_Screen Shot 2018-06-12 at 11.27.38 PM.png,rottenoranges,Screen Shot 2018-06-12 at 11.27.38 PM.png,Screen Shot 2018-06-12 at 11.27.38 PM.png_rottenoranges,2018-06-12 23:27:38,rottenoranges::block_3,5,5,rottenoranges,rottenoranges,0.85603666
test/rottenoranges/rotated_by_60_Screen Shot 2018-06-12 at 11.27.26 PM.png,rottenoranges,Screen Shot 2018-06-12 at 11.27.26 PM.png,Screen Shot 2018-06-12 at 11.27.26 PM.png_rottenoranges,2018-06-12 23:27:26,rottenoranges::block_3,5,5,rottenoranges,rottenoranges,0.41409034
test/rottenoranges/translation_Screen Shot 2018-06-12 at 11.27.46 PM.png,rottenoranges,Screen Shot 2018-06-12 at 11.27.46 PM.png,Screen Shot 2018-06-12 at 11.27.46 PM.png_rottenoranges,2018-06-12 23:27:46,rottenoranges::block_3,5,5,rottenoranges,rottenoranges,0.8150384
train/freshapples/translation_Screen Shot 2018-06-08 at 5.19.15 PM.png,freshapples,Screen Shot 2018-06-08 at 5.19.15 PM.png,Screen Shot 2018-06-08 at 5.19.15 PM.png_freshapples,2018-06-08 17:19:15,freshapples::block_5,0,3,freshapples,rottenapples,0.40670836
train/freshapples/Screen Shot 2018-06-08 at 5.19.15 PM.png,freshapples,Screen Shot 2018-06-08 at 5.19.15 PM.png,Screen Shot 2018-06-08 at 5.19.15 PM.png_freshapples,2018-06-08 17:19:15,freshapples::block_5,0,3,freshapples,rottenapples,0.5373141
train/freshapples/saltandpepper_Screen Shot 2018-06-08 at 5.19.15 PM.png,freshapples,Screen Shot 2018-06-08 at 5.19.15 PM.png,Screen Shot 2018-06-08 at 5.19.15 PM.png_freshapples,2018-06-08 17:19:15,freshapples::block_5,0,3,freshapples,rottenapples,0.62315637
train/freshapples/translation_Screen Shot 2018-06-08 at 5.19.47 PM.png,freshapples,Screen Shot 2018-06-08 at 5.19.47 PM.png,Screen Shot 2018-06-08 at 5.19.47 PM.png_freshapples,2018-06-08 17:19:47,freshapples::block_5,0,0,freshapples,freshapples,0.9864617
train/freshapples/rotated_by_45_Screen Shot 2018-06-08 at 5.19.15 PM.png,freshapples,Screen Shot 2018-06-08 at 5.19.15 PM.png,Screen Shot 2018-06-08 at 5.19.15 PM.png_freshapples,2018-06-08 17:19:15,freshapples::block_5,0,3,freshapples,rottenapples,0.43454978
train/freshapples/saltandpepper_Screen Shot 2018-06-08 at 5.19.35 PM.png,freshapples,Screen Shot 2018-06-08 at 5.19.35 PM.png,Screen Shot 2018-06-08 at 5.19.35 PM.png_freshapples,2018-06-08 17:19:35,freshapples::block_5,0,0,freshapples,freshapples,0.9990638
train/freshapples/rotated_by_75_Screen Shot 2018-06-08 at 5.19.47 PM.png,freshapples,Screen Shot 2018-06-08 at 5.19.47 PM.png,Screen Shot 2018-06-08 at 5.19.47 PM.png_freshapples,2018-06-08 17:19:47,freshapples::block_5,0,0,freshapples,freshapples,0.98737246
train/freshapples/rotated_by_15_Screen Shot 2018-06-08 at 5.19.47 PM.png,freshapples,Screen Shot 2018-06-08 at 5.19.47 PM.png,Screen Shot 2018-06-08 at 5.19.47 PM.png_freshapples,2018-06-08 17:19:47,freshapples::block_5,0,0,freshapples,freshapples,0.98646086
train/freshapples/rotated_by_60_Screen Shot 2018-06-08 at 5.19.35 PM.png,freshapples,Screen Shot 2018-06-08 at 5.19.35 PM.png,Screen Shot 2018-06-08 at 5.19.35 PM.png_freshapples,2018-06-08 17:19:35,freshapples::block_5,0,0,freshapples,freshapples,0.9988966
train/freshapples/rotated_by_30_Screen Shot 2018-06-08 at 5.19.35 PM.png,freshapples,Screen Shot 2018-06-08 at 5.19.35 PM.png,Screen Shot 2018-06-08 at 5.19.35 PM.png_freshapples,2018-06-08 17:19:35,freshapples::block_5,0,0,freshapples,freshapples,0.99929726
train/freshapples/rotated_by_15_Screen Shot 2018-06-08 at 5.19.15 PM.png,freshapples,Screen Shot 2018-06-08 at 5.19.15 PM.png,Screen Shot 2018-06-08 at 5.19.15 PM.png_freshapples,2018-06-08 17:19:15,freshapples::block_5,0,3,freshapples,rottenapples,0.5081422
train/freshapples/rotated_by_15_Screen Shot 2018-06-08 at 5.19.35 PM.png,freshapples,Screen Shot 2018-06-08 at 5.19.35 PM.png,Screen Shot 2018-06-08 at 5.19.35 PM.png_freshapples,2018-06-08 17:19:35,freshapples::block_5,0,0,freshapples,freshapples,0.99945503
train/freshapples/rotated_by_45_Screen Shot 2018-06-08 at 5.19.35 PM.png,freshapples,Screen Shot 2018-06-08 at 5.19.35 PM.png,Screen Shot 2018-06-08 at 5.19.35 PM.png_freshapples,2018-06-08 17:19:35,freshapples::block_5,0,0,freshapples,freshapples,0.9991208
train/freshapples/rotated_by_60_Screen Shot 2018-06-08 at 5.19.15 PM.png,freshapples,Screen Shot 2018-06-08 at 5.19.15 PM.png,Screen Shot 2018-06-08 at 5.19.15 PM.png_freshapples,2018-06-08 17:19:15,freshapples::block_5,0,3,freshapples,rottenapples,0.44900858
train/freshapples/vertical_flip_Screen Shot 2018-06-08 at 5.19.47 PM.png,freshapples,Screen Shot 2018-06-08 at 5.19.47 PM.png,Screen Shot 2018-06-08 at 5.19.47 PM.png_freshapples,2018-06-08 17:19:47,freshapples::block_5,0,0,freshapples,freshapples,0.9846362
train/freshapples/Screen Shot 2018-06-08 at 5.19.47 PM.png,freshapples,Screen Shot 2018-06-08 at 5.19.47 PM.png,Screen Shot 2018-06-08 at 5.19.47 PM.png_freshapples,2018-06-08 17:19:47,freshapples::block_5,0,0,freshapples,freshapples,0.98573154
train/freshapples/rotated_by_60_Screen Shot 2018-06-08 at 5.19.47 PM.png,freshapples,Screen Shot 2018-06-08 at 5.19.47 PM.png,Screen Shot 2018-06-08 at 5.19.47 PM.png_freshapples,2018-06-08 17:19:47,freshapples::block_5,0,0,freshapples,freshapples,0.98969346
train/freshapples/saltandpepper_Screen Shot 2018-06-08 at 5.19.47 PM.png,freshapples,Screen Shot 2018-06-08 at 5.19.47 PM.png,Screen Shot 2018-06-08 at 5.19.47 PM.png_freshapples,2018-06-08 17:19:47,freshapples::block_5,0,0,freshapples,freshapples,0.97309554
train/freshapples/vertical_flip_Screen Shot 2018-06-08 at 5.19.35 PM.png,freshapples,Screen Shot 2018-06-08 at 5.19.35 PM.png,Screen Shot 2018-06-08 at 5.19.35 PM.png_freshapples,2018-06-08 17:19:35,freshapples::block_5,0,0,freshapples,freshapples,0.99940836
train/freshapples/Screen Shot 2018-06-08 at 5.19.35 PM.png,freshapples,Screen Shot 2018-06-08 at 5.19.35 PM.png,Screen Shot 2018-06-08 at 5.19.35 PM.png_freshapples,2018-06-08 17:19:35,freshapples::block_5,0,0,freshapples,freshapples,0.9993025
train/freshapples/vertical_flip_Screen Shot 2018-06-08 at 5.19.15 PM.png,freshapples,Screen Shot 2018-06-08 at 5.19.15 PM.png,Screen Shot 2018-06-08 at 5.19.15 PM.png_freshapples,2018-06-08 17:19:15,freshapples::block_5,0,3,freshapples,rottenapples,0.5561469
train/freshapples/rotated_by_30_Screen Shot 2018-06-08 at 5.19.15 PM.png,freshapples,Screen Shot 2018-06-08 at 5.19.15 PM.png,Screen Shot 2018-06-08 at 5.19.15 PM.png_freshapples,2018-06-08 17:19:15,freshapples::block_5,0,3,freshapples,rottenapples,0.474634
train/freshapples/translation_Screen Shot 2018-06-08 at 5.19.35 PM.png,freshapples,Screen Shot 2018-06-08 at 5.19.35 PM.png,Screen Shot 2018-06-08 at 5.19.35 PM.png_freshapples,2018-06-08 17:19:35,freshapples::block_5,0,0,freshapples,freshapples,0.99940705
train/freshapples/rotated_by_30_Screen Shot 2018-06-08 at 5.19.47 PM.png,freshapples,Screen Shot 2018-06-08 at 5.19.47 PM.png,Screen Shot 2018-06-08 at 5.19.47 PM.png_freshapples,2018-06-08 17:19:47,freshapples::block_5,0,0,freshapples,freshapples,0.9886297
train/freshbanana/saltandpepper_Screen Shot 2018-06-12 at 10.00.07 PM.png,freshbanana,Screen Shot 2018-06-12 at 10.00.07 PM.png,Screen Shot 2018-06-12 at 10.00.07 PM.png_freshbanana,2018-06-12 22:00:07,freshbanana::block_6,1,1,freshbanana,freshbanana,0.7168111
train/freshbanana/rotated_by_30_Screen Shot 2018-06-12 at 10.00.07 PM.png,freshbanana,Screen Shot 2018-06-12 at 10.00.07 PM.png,Screen Shot 2018-06-12 at 10.00.07 PM.png_freshbanana,2018-06-12 22:00:07,freshbanana::block_6,1,1,freshbanana,freshbanana,0.70194304
train/freshbanana/Screen Shot 2018-06-12 at 10.00.07 PM.png,freshbanana,Screen Shot 2018-06-12 at 10.00.07 PM.png,Screen Shot 2018-06-12 at 10.00.07 PM.png_freshbanana,2018-06-12 22:00:07,freshbanana::block_6,1,1,freshbanana,freshbanana,0.7134929
train/freshbanana/rotated_by_75_Screen Shot 2018-06-12 at 10.00.07 PM.png,freshbanana,Screen Shot 2018-06-12 at 10.00.07 PM.png,Screen Shot 2018-06-12 at 10.00.07 PM.png_freshbanana,2018-06-12 22:00:07,freshbanana::block_6,1,1,freshbanana,freshbanana,0.82799166
train/freshbanana/translation_Screen Shot 2018-06-12 at 10.00.07 PM.png,freshbanana,Screen Shot 2018-06-12 at 10.00.07 PM.png,Screen Shot 2018-06-12 at 10.00.07 PM.png_freshbanana,2018-06-12 22:00:07,freshbanana::block_6,1,1,freshbanana,freshbanana,0.63585407
train/freshbanana/vertical_flip_Screen Shot 2018-06-12 at 10.00.07 PM.png,freshbanana,Screen Shot 2018-06-12 at 10.00.07 PM.png,Screen Shot 2018-06-12 at 10.00.07 PM.png_freshbanana,2018-06-12 22:00:07,freshbanana::block_6,1,1,freshbanana,freshbanana,0.7164121
train/freshbanana/rotated_by_45_Screen Shot 2018-06-12 at 10.00.07 PM.png,freshbanana,Screen Shot 2018-06-12 at 10.00.07 PM.png,Screen Shot 2018-06-12 at 10.00.07 PM.png_freshbanana,2018-06-12 22:00:07,freshbanana::block_6,1,1,freshbanana,freshbanana,0.7517691
train/freshoranges/rotated_by_30_Screen Shot 2018-06-13 at 12.20.39 AM.png,freshoranges,Screen Shot 2018-06-13 at 12.20.39 AM.png,Screen Shot 2018-06-13 at 12.20.39 AM.png_freshoranges,2018-06-13 00:20:39,freshoranges::block_8,2,0,freshoranges,freshapples,0.84602326
train/freshoranges/translation_Screen Shot 2018-06-13 at 12.20.15 AM.png,freshoranges,Screen Shot 2018-06-13 at 12.20.15 AM.png,Screen Shot 2018-06-13 at 12.20.15 AM.png_freshoranges,2018-06-13 00:20:15,freshoranges::block_8,2,0,freshoranges,freshapples,0.99930763
train/freshoranges/rotated_by_15_Screen Shot 2018-06-13 at 12.20.21 AM.png,freshoranges,Screen Shot 2018-06-13 at 12.20.21 AM.png,Screen Shot 2018-06-13 at 12.20.21 AM.png_freshoranges,2018-06-13 00:20:21,freshoranges::block_8,2,0,freshoranges,freshapples,0.96831393
train/freshoranges/rotated_by_60_Screen Shot 2018-06-13 at 12.20.15 AM.png,freshoranges,Screen Shot 2018-06-13 at 12.20.15 AM.png,Screen Shot 2018-06-13 at 12.20.15 AM.png_freshoranges,2018-06-13 00:20:15,freshoranges::block_8,2,0,freshoranges,freshapples,0.99923384
train/freshoranges/rotated_by_45_Screen Shot 2018-06-13 at 12.20.21 AM.png,freshoranges,Screen Shot 2018-06-13 at 12.20.21 AM.png,Screen Shot 2018-06-13 at 12.20.21 AM.png_freshoranges,2018-06-13 00:20:21,freshoranges::block_8,2,0,freshoranges,freshapples,0.97154665
train/freshoranges/vertical_flip_Screen Shot 2018-06-13 at 12.20.15 AM.png,freshoranges,Screen Shot 2018-06-13 at 12.20.15 AM.png,Screen Shot 2018-06-13 at 12.20.15 AM.png_freshoranges,2018-06-13 00:20:15,freshoranges::block_8,2,0,freshoranges,freshapples,0.99953896
train/freshoranges/rotated_by_30_Screen Shot 2018-06-13 at 12.20.15 AM.png,freshoranges,Screen Shot 2018-06-13 at 12.20.15 AM.png,Screen Shot 2018-06-13 at 12.20.15 AM.png_freshoranges,2018-06-13 00:20:15,freshoranges::block_8,2,0,freshoranges,freshapples,0.99925774
train/freshoranges/rotated_by_75_Screen Shot 2018-06-13 at 12.20.21 AM.png,freshoranges,Screen Shot 2018-06-13 at 12.20.21 AM.png,Screen Shot 2018-06-13 at 12.20.21 AM.png_freshoranges,2018-06-13 00:20:21,freshoranges::block_8,2,0,freshoranges,freshapples,0.97276783
train/freshoranges/vertical_flip_Screen Shot 2018-06-13 at 12.20.39 AM.png,freshoranges,Screen Shot 2018-06-13 at 12.20.39 AM.png,Screen Shot 2018-06-13 at 12.20.39 AM.png_freshoranges,2018-06-13 00:20:39,freshoranges::block_8,2,0,freshoranges,freshapples,0.8730006
train/freshoranges/Screen Shot 2018-06-13 at 12.20.21 AM.png,freshoranges,Screen Shot 2018-06-13 at 12.20.21 AM.png,Screen Shot 2018-06-13 at 12.20.21 AM.png_freshoranges,2018-06-13 00:20:21,freshoranges::block_8,2,0,freshoranges,freshapples,0.9673379
train/freshoranges/rotated_by_45_Screen Shot 2018-06-13 at 12.20.15 AM.png,freshoranges,Screen Shot 2018-06-13 at 12.20.15 AM.png,Screen Shot 2018-06-13 at 12.20.15 AM.png_freshoranges,2018-06-13 00:20:15,freshoranges::block_8,2,0,freshoranges,freshapples,0.999257
train/freshoranges/translation_Screen Shot 2018-06-13 at 12.20.21 AM.png,freshoranges,Screen Shot 2018-06-13 at 12.20.21 AM.png,Screen Shot 2018-06-13 at 12.20.21 AM.png_freshoranges,2018-06-13 00:20:21,freshoranges::block_8,2,0,freshoranges,freshapples,0.9745567
train/freshoranges/Screen Shot 2018-06-13 at 12.20.15 AM.png,freshoranges,Screen Shot 2018-06-13 at 12.20.15 AM.png,Screen Shot 2018-06-13 at 12.20.15 AM.png_freshoranges,2018-06-13 00:20:15,freshoranges::block_8,2,0,freshoranges,freshapples,0.99952257
train/freshoranges/rotated_by_60_Screen Shot 2018-06-13 at 12.20.39 AM.png,freshoranges,Screen Shot 2018-06-13 at 12.20.39 AM.png,Screen Shot 2018-06-13 at 12.20.39 AM.png_freshoranges,2018-06-13 00:20:39,freshoranges::block_8,2,0,freshoranges,freshapples,0.8519433
train/freshoranges/Screen Shot 2018-06-13 at 12.20.39 AM.png,freshoranges,Screen Shot 2018-06-13 at 12.20.39 AM.png,Screen Shot 2018-06-13 at 12.20.39 AM.png_freshoranges,2018-06-13 00:20:39,freshoranges::block_8,2,0,freshoranges,freshapples,0.88774925
train/freshoranges/rotated_by_30_Screen Shot 2018-06-13 at 12.20.21 AM.png,freshoranges,Screen Shot 2018-06-13 at 12.20.21 AM.png,Screen Shot 2018-06-13 at 12.20.21 AM.png_freshoranges,2018-06-13 00:20:21,freshoranges::block_8,2,0,freshoranges,freshapples,0.9669855
train/freshoranges/rotated_by_60_Screen Shot 2018-06-13 at 12.20.21 AM.png,freshoranges,Screen Shot 2018-06-13 at 12.20.21 AM.png,Screen Shot 2018-06-13 at 12.20.21 AM.png_freshoranges,2018-06-13 00:20:21,freshoranges::block_8,2,0,freshoranges,freshapples,0.9720446
train/freshoranges/saltandpepper_Screen Shot 2018-06-13 at 12.20.21 AM.png,freshoranges,Screen Shot 2018-06-13 at 12.20.21 AM.png,Screen Shot 2018-06-13 at 12.20.21 AM.png_freshoranges,2018-06-13 00:20:21,freshoranges::block_8,2,0,freshoranges,freshapples,0.95318824
train/freshoranges/rotated_by_45_Screen Shot 2018-06-13 at 12.20.39 AM.png,freshoranges,Screen Shot 2018-06-13 at 12.20.39 AM.png,Screen Shot 2018-06-13 at 12.20.39 AM.png_freshoranges,2018-06-13 00:20:39,freshoranges::block_8,2,0,freshoranges,freshapples,0.8574851
train/freshoranges/translation_Screen Shot 2018-06-13 at 12.20.39 AM.png,freshoranges,Screen Shot 2018-06-13 at 12.20.39 AM.png,Screen Shot 2018-06-13 at 12.20.39 AM.png_freshoranges,2018-06-13 00:20:39,freshoranges::block_8,2,0,freshoranges,freshapples,0.93502045
train/freshoranges/vertical_flip_Screen Shot 2018-06-13 at 12.20.21 AM.png,freshoranges,Screen Shot 2018-06-13 at 12.20.21 AM.png,Screen Shot 2018-06-13 at 12.20.21 AM.png_freshoranges,2018-06-13 00:20:21,freshoranges::block_8,2,0,freshoranges,freshapples,0.9691525
train/rottenapples/rotated_by_45_Screen Shot 2018-06-08 at 2.30.26 PM.png,rottenapples,Screen Shot 2018-06-08 at 2.30.26 PM.png,Screen Shot 2018-06-08 at 2.30.26 PM.png_rottenapples,2018-06-08 14:30:26,rottenapples::block_8,3,3,rottenapples,rottenapples,0.6871444
train/rottenapples/vertical_flip_Screen Shot 2018-06-08 at 2.30.45 PM.png,rottenapples,Screen Shot 2018-06-08 at 2.30.45 PM.png,Screen Shot 2018-06-08 at 2.30.45 PM.png_rottenapples,2018-06-08 14:30:45,rottenapples::block_8,3,3,rottenapples,rottenapples,0.901396
train/rottenapples/rotated_by_75_Screen Shot 2018-06-08 at 2.26.55 PM.png,rottenapples,Screen Shot 2018-06-08 at 2.26.55 PM.png,Screen Shot 2018-06-08 at 2.26.55 PM.png_rottenapples,2018-06-08 14:26:55,rottenapples::block_8,3,3,rottenapples,rottenapples,0.68625194
train/rottenapples/vertical_flip_Screen Shot 2018-06-08 at 2.26.34 PM.png,rottenapples,Screen Shot 2018-06-08 at 2.26.34 PM.png,Screen Shot 2018-06-08 at 2.26.34 PM.png_rottenapples,2018-06-08 14:26:34,rottenapples::block_8,3,3,rottenapples,rottenapples,0.42699096
train/rottenapples/vertical_flip_Screen Shot 2018-06-08 at 2.30.03 PM.png,rottenapples,Screen Shot 2018-06-08 at 2.30.03 PM.png,Screen Shot 2018-06-08 at 2.30.03 PM.png_rottenapples,2018-06-08 14:30:03,rottenapples::block_8,3,3,rottenapples,rottenapples,0.8678929
train/rottenapples/Screen Shot 2018-06-07 at 2.53.20 PM.png,rottenapples,Screen Shot 2018-06-07 at 2.53.20 PM.png,Screen Shot 2018-06-07 at 2.53.20 PM.png_rottenapples,2018-06-07 14:53:20,rottenapples::block_4,3,0,rottenapples,freshapples,0.84240824
train/rottenapples/rotated_by_15_Screen Shot 2018-06-07 at 2.53.33 PM.png,rottenapples,Screen Shot 2018-06-07 at 2.53.33 PM.png,Screen Shot 2018-06-07 at 2.53.33 PM.png_rottenapples,2018-06-07 14:53:33,rottenapples::block_4,3,0,rottenapples,freshapples,0.80266815
train/rottenapples/rotated_by_75_Screen Shot 2018-06-07 at 2.53.33 PM.png,rottenapples,Screen Shot 2018-06-07 at 2.53.33 PM.png,Screen Shot 2018-06-07 at 2.53.33 PM.png_rottenapples,2018-06-07 14:53:33,rottenapples::block_4,3,0,rottenapples,freshapples,0.85242563
train/rottenapples/rotated_by_45_Screen Shot 2018-06-08 at 2.26.44 PM.png,rottenapples,Screen Shot 2018-06-08 at 2.26.44 PM.png,Screen Shot 2018-06-08 at 2.26.44 PM.png_rottenapples,2018-06-08 14:26:44,rottenapples::block_8,3,3,rottenapples,rottenapples,0.56006044
train/rottenapples/rotated_by_15_Screen Shot 2018-06-08 at 2.30.03 PM.png,rottenapples,Screen Shot 2018-06-08 at 2.30.03 PM.png,Screen Shot 2018-06-08 at 2.30.03 PM.png_rottenapples,2018-06-08 14:30:03,rottenapples::block_8,3,3,rottenapples,rottenapples,0.84461355
train/rottenapples/rotated_by_60_Screen Shot 2018-06-07 at 2.53.20 PM.png,rottenapples,Screen Shot 2018-06-07 at 2.53.20 PM.png,Screen Shot 2018-06-07 at 2.53.20 PM.png_rottenapples,2018-06-07 14:53:20,rottenapples::block_4,3,0,rottenapples,freshapples,0.7859797
train/rottenapples/rotated_by_75_Screen Shot 2018-06-08 at 2.26.34 PM.png,rottenapples,Screen Shot 2018-06-08 at 2.26.34 PM.png,Screen Shot 2018-06-08 at 2.26.34 PM.png_rottenapples,2018-06-08 14:26:34,rottenapples::block_8,3,3,rottenapples,rottenapples,0.42459685
train/rottenapples/rotated_by_60_Screen Shot 2018-06-08 at 2.26.55 PM.png,rottenapples,Screen Shot 2018-06-08 at 2.26.55 PM.png,Screen Shot 2018-06-08 at 2.26.55 PM.png_rottenapples,2018-06-08 14:26:55,rottenapples::block_8,3,3,rottenapples,rottenapples,0.6882738
train/rottenapples/rotated_by_75_Screen Shot 2018-06-08 at 2.26.44 PM.png,rottenapples,Screen Shot 2018-06-08 at 2.26.44 PM.png,Screen Shot 2018-06-08 at 2.26.44 PM.png_rottenapples,2018-06-08 14:26:44,rottenapples::block_8,3,3,rottenapples,rottenapples,0.55093986
train/rottenapples/rotated_by_75_Screen Shot 2018-06-08 at 2.30.26 PM.png,rottenapples,Screen Shot 2018-06-08 at 2.30.26 PM.png,Screen Shot 2018-06-08 at 2.30.26 PM.png_rottenapples,2018-06-08 14:30:26,rottenapples::block_8,3,3,rottenapples,rottenapples,0.6718605
train/rottenapples/rotated_by_45_Screen Shot 2018-06-08 at 2.26.34 PM.png,rottenapples,Screen Shot 2018-06-08 at 2.26.34 PM.png,Screen Shot 2018-06-08 at 2.26.34 PM.png_rottenapples,2018-06-08 14:26:34,rottenapples::block_8,3,5,rottenapples,rottenoranges,0.38330063
train/rottenapples/rotated_by_60_Screen Shot 2018-06-08 at 2.30.45 PM.png,rottenapples,Screen Shot 2018-06-08 at 2.30.45 PM.png,Screen Shot 2018-06-08 at 2.30.45 PM.png_rottenapples,2018-06-08 14:30:45,rottenapples::block_8,3,3,rottenapples,rottenapples,0.8865703
train/rottenapples/translation_Screen Shot 2018-06-08 at 2.26.55 PM.png,rottenapples,Screen Shot 2018-06-08 at 2.26.55 PM.png,Screen Shot 2018-06-08 at 2.26.55 PM.png_rottenapples,2018-06-08 14:26:55,rottenapples::block_8,3,3,rottenapples,rottenapples,0.7261182
train/rottenapples/rotated_by_30_Screen Shot 2018-06-08 at 2.30.26 PM.png,rottenapples,Screen Shot 2018-06-08 at 2.30.26 PM.png,Screen Shot 2018-06-08 at 2.30.26 PM.png_rottenapples,2018-06-08 14:30:26,rottenapples::block_8,3,3,rottenapples,rottenapples,0.7248976
train/rottenapples/rotated_by_75_Screen Shot 2018-06-07 at 2.53.20 PM.png,rottenapples,Screen Shot 2018-06-07 at 2.53.20 PM.png,Screen Shot 2018-06-07 at 2.53.20 PM.png_rottenapples,2018-06-07 14:53:20,rottenapples::block_4,3,0,rottenapples,freshapples,0.7732708
train/rottenapples/rotated_by_60_Screen Shot 2018-06-07 at 2.53.33 PM.png,rottenapples,Screen Shot 2018-06-07 at 2.53.33 PM.png,Screen Shot 2018-06-07 at 2.53.33 PM.png_rottenapples,2018-06-07 14:53:33,rottenapples::block_4,3,0,rottenapples,freshapples,0.8536821
train/rottenapples/translation_Screen Shot 2018-06-08 at 2.30.03 PM.png,rottenapples,Screen Shot 2018-06-08 at 2.30.03 PM.png,Screen Shot 2018-06-08 at 2.30.03 PM.png_rottenapples,2018-06-08 14:30:03,rottenapples::block_8,3,3,rottenapples,rottenapples,0.81713927
train/rottenapples/rotated_by_30_Screen Shot 2018-06-08 at 2.26.55 PM.png,rottenapples,Screen Shot 2018-06-08 at 2.26.55 PM.png,Screen Shot 2018-06-08 at 2.26.55 PM.png_rottenapples,2018-06-08 14:26:55,rottenapples::block_8,3,3,rottenapples,rottenapples,0.7229778
train/rottenapples/vertical_flip_Screen Shot 2018-06-07 at 2.53.33 PM.png,rottenapples,Screen Shot 2018-06-07 at 2.53.33 PM.png,Screen Shot 2018-06-07 at 2.53.33 PM.png_rottenapples,2018-06-07 14:53:33,rottenapples::block_4,3,0,rottenapples,freshapples,0.83353114
train/rottenapples/vertical_flip_Screen Shot 2018-06-08 at 2.26.44 PM.png,rottenapples,Screen Shot 2018-06-08 at 2.26.44 PM.png,Screen Shot 2018-06-08 at 2.26.44 PM.png_rottenapples,2018-06-08 14:26:44,rottenapples::block_8,3,3,rottenapples,rottenapples,0.6159512
train/rottenapples/translation_Screen Shot 2018-06-07 at 2.53.33 PM.png,rottenapples,Screen Shot 2018-06-07 at 2.53.33 PM.png,Screen Shot 2018-06-07 at 2.53.33 PM.png_rottenapples,2018-06-07 14:53:33,rottenapples::block_4,3,0,rottenapples,freshapples,0.8324012
train/rottenapples/vertical_flip_Screen Shot 2018-06-07 at 2.53.20 PM.png,rottenapples,Screen Shot 2018-06-07 at 2.53.20 PM.png,Screen Shot 2018-06-07 at 2.53.20 PM.png_rottenapples,2018-06-07 14:53:20,rottenapples::block_4,3,0,rottenapples,freshapples,0.7600155
train/rottenapples/saltandpepper_Screen Shot 2018-06-08 at 2.26.55 PM.png,rottenapples,Screen Shot 2018-06-08 at 2.26.55 PM.png,Screen Shot 2018-06-08 at 2.26.55 PM.png_rottenapples,2018-06-08 14:26:55,rottenapples::block_8,3,3,rottenapples,rottenapples,0.83895284
train/rottenapples/rotated_by_45_Screen Shot 2018-06-08 at 2.26.55 PM.png,rottenapples,Screen Shot 2018-06-08 at 2.26.55 PM.png,Screen Shot 2018-06-08 at 2.26.55 PM.png_rottenapples,2018-06-08 14:26:55,rottenapples::block_8,3,3,rottenapples,rottenapples,0.6932778
train/rottenapples/rotated_by_45_Screen Shot 2018-06-07 at 2.53.57 PM.png,rottenapples,Screen Shot 2018-06-07 at 2.53.57 PM.png,Screen Shot 2018-06-07 at 2.53.57 PM.png_rottenapples,2018-06-07 14:53:57,rottenapples::block_4,3,3,rottenapples,rottenapples,0.7504275
train/rottenapples/rotated_by_15_Screen Shot 2018-06-08 at 2.26.34 PM.png,rottenapples,Screen Shot 2018-06-08 at 2.26.34 PM.png,Screen Shot 2018-06-08 at 2.26.34 PM.png_rottenapples,2018-06-08 14:26:34,rottenapples::block_8,3,5,rottenapples,rottenoranges,0.42776784
train/rottenapples/rotated_by_30_Screen Shot 2018-06-07 at 2.53.57 PM.png,rottenapples,Screen Shot 2018-06-07 at 2.53.57 PM.png,Screen Shot 2018-06-07 at 2.53.57 PM.png_rottenapples,2018-06-07 14:53:57,rottenapples::block_4,3,3,rottenapples,rottenapples,0.77371424
train/rottenapples/rotated_by_60_Screen Shot 2018-06-08 at 2.30.26 PM.png,rottenapples,Screen Shot 2018-06-08 at 2.30.26 PM.png,Screen Shot 2018-06-08 at 2.30.26 PM.png_rottenapples,2018-06-08 14:30:26,rottenapples::block_8,3,3,rottenapples,rottenapples,0.68105537
train/rottenapples/rotated_by_15_Screen Shot 2018-06-07 at 2.53.57 PM.png,rottenapples,Screen Shot 2018-06-07 at 2.53.57 PM.png,Screen Shot 2018-06-07 at 2.53.57 PM.png_rottenapples,2018-06-07 14:53:57,rottenapples::block_4,3,3,rottenapples,rottenapples,0.7964608
train/rottenapples/rotated_by_60_Screen Shot 2018-06-07 at 2.53.57 PM.png,rottenapples,Screen Shot 2018-06-07 at 2.53.57 PM.png,Screen Shot 2018-06-07 at 2.53.57 PM.png_rottenapples,2018-06-07 14:53:57,rottenapples::block_4,3,3,rottenapples,rottenapples,0.7640028
train/rottenapples/Screen Shot 2018-06-08 at 2.26.34 PM.png,rottenapples,Screen Shot 2018-06-08 at 2.26.34 PM.png,Screen Shot 2018-06-08 at 2.26.34 PM.png_rottenapples,2018-06-08 14:26:34,rottenapples::block_8,3,3,rottenapples,rottenapples,0.4022091
train/rottenapples/rotated_by_75_Screen Shot 2018-06-08 at 2.30.45 PM.png,rottenapples,Screen Shot 2018-06-08 at 2.30.45 PM.png,Screen Shot 2018-06-08 at 2.30.45 PM.png_rottenapples,2018-06-08 14:30:45,rottenapples::block_8,3,3,rottenapples,rottenapples,0.8907672
train/rottenapples/Screen Shot 2018-06-08 at 2.30.26 PM.png,rottenapples,Screen Shot 2018-06-08 at 2.30.26 PM.png,Screen Shot 2018-06-08 at 2.30.26 PM.png_rottenapples,2018-06-08 14:30:26,rottenapples::block_8,3,3,rottenapples,rottenapples,0.74597484
train/rottenapples/Screen Shot 2018-06-08 at 2.26.44 PM.png,rottenapples,Screen Shot 2018-06-08 at 2.26.44 PM.png,Screen Shot 2018-06-08 at 2.26.44 PM.png_rottenapples,2018-06-08 14:26:44,rottenapples::block_8,3,3,rottenapples,rottenapples,0.5600694
train/rottenapples/rotated_by_45_Screen Shot 2018-06-08 at 2.30.03 PM.png,rottenapples,Screen Shot 2018-06-08 at 2.30.03 PM.png,Screen Shot 2018-06-08 at 2.30.03 PM.png_rottenapples,2018-06-08 14:30:03,rottenapples::block_8,3,3,rottenapples,rottenapples,0.7812598
train/rottenapples/translation_Screen Shot 2018-06-07 at 2.53.57 PM.png,rottenapples,Screen Shot 2018-06-07 at 2.53.57 PM.png,Screen Shot 2018-06-07 at 2.53.57 PM.png_rottenapples,2018-06-07 14:53:57,rottenapples::block_4,3,3,rottenapples,rottenapples,0.64932346
train/rottenapples/rotated_by_45_Screen Shot 2018-06-07 at 2.53.33 PM.png,rottenapples,Screen Shot 2018-06-07 at 2.53.33 PM.png,Screen Shot 2018-06-07 at 2.53.33 PM.png_rottenapples,2018-06-07 14:53:33,rottenapples::block_4,3,0,rottenapples,freshapples,0.84305847
train/rottenapples/rotated_by_15_Screen Shot 2018-06-08 at 2.30.45 PM.png,rottenapples,Screen Shot 2018-06-08 at 2.30.45 PM.png,Screen Shot 2018-06-08 at 2.30.45 PM.png_rottenapples,2018-06-08 14:30:45,rottenapples::block_8,3,3,rottenapples,rottenapples,0.90577906
train/rottenapples/rotated_by_75_Screen Shot 2018-06-08 at 2.30.03 PM.png,rottenapples,Screen Shot 2018-06-08 at 2.30.03 PM.png,Screen Shot 2018-06-08 at 2.30.03 PM.png_rottenapples,2018-06-08 14:30:03,rottenapples::block_8,3,3,rottenapples,rottenapples,0.7748309
train/rottenapples/rotated_by_60_Screen Shot 2018-06-08 at 2.26.44 PM.png,rottenapples,Screen Shot 2018-06-08 at 2.26.44 PM.png,Screen Shot 2018-06-08 at 2.26.44 PM.png_rottenapples,2018-06-08 14:26:44,rottenapples::block_8,3,3,rottenapples,rottenapples,0.55504596
train/rottenapples/rotated_by_15_Screen Shot 2018-06-08 at 2.30.26 PM.png,rottenapples,Screen Shot 2018-06-08 at 2.30.26 PM.png,Screen Shot 2018-06-08 at 2.30.26 PM.png_rottenapples,2018-06-08 14:30:26,rottenapples::block_8,3,3,rottenapples,rottenapples,0.763993
train/rottenapples/Screen Shot 2018-06-08 at 2.30.03 PM.png,rottenapples,Screen Shot 2018-06-08 at 2.30.03 PM.png,Screen Shot 2018-06-08 at 2.30.03 PM.png_rottenapples,2018-06-08 14:30:03,rottenapples::block_8,3,3,rottenapples,rottenapples,0.86049014
train/rottenapples/translation_Screen Shot 2018-06-08 at 2.30.45 PM.png,rottenapples,Screen Shot 2018-06-08 at 2.30.45 PM.png,Screen Shot 2018-06-08 at 2.30.45 PM.png_rottenapples,2018-06-08 14:30:45,rottenapples::block_8,3,3,rottenapples,rottenapples,0.8843799
train/rottenapples/rotated_by_15_Screen Shot 2018-06-07 at 2.53.20 PM.png,rottenapples,Screen Shot 2018-06-07 at 2.53.20 PM.png,Screen Shot 2018-06-07 at 2.53.20 PM.png_rottenapples,2018-06-07 14:53:20,rottenapples::block_4,3,0,rottenapples,freshapples,0.81287175
train/rottenapples/vertical_flip_Screen Shot 2018-06-08 at 2.26.55 PM.png,rottenapples,Screen Shot 2018-06-08 at 2.26.55 PM.png,Screen Shot 2018-06-08 at 2.26.55 PM.png_rottenapples,2018-06-08 14:26:55,rottenapples::block_8,3,3,rottenapples,rottenapples,0.80726403
train/rottenapples/rotated_by_30_Screen Shot 2018-06-08 at 2.30.45 PM.png,rottenapples,Screen Shot 2018-06-08 at 2.30.45 PM.png,Screen Shot 2018-06-08 at 2.30.45 PM.png_rottenapples,2018-06-08 14:30:45,rottenapples::block_8,3,3,rottenapples,rottenapples,0.8926053
train/rottenapples/translation_Screen Shot 2018-06-07 at 2.53.20 PM.png,rottenapples,Screen Shot 2018-06-07 at 2.53.20 PM.png,Screen Shot 2018-06-07 at 2.53.20 PM.png_rottenapples,2018-06-07 14:53:20,rottenapples::block_4,3,0,rottenapples,freshapples,0.8922604
train/rottenapples/saltandpepper_Screen Shot 2018-06-08 at 2.30.26 PM.png,rottenapples,Screen Shot 2018-06-08 at 2.30.26 PM.png,Screen Shot 2018-06-08 at 2.30.26 PM.png_rottenapples,2018-06-08 14:30:26,rottenapples::block_8,3,3,rottenapples,rottenapples,0.8630417
train/rottenapples/rotated_by_30_Screen Shot 2018-06-08 at 2.26.34 PM.png,rottenapples,Screen Shot 2018-06-08 at 2.26.34 PM.png,Screen Shot 2018-06-08 at 2.26.34 PM.png_rottenapples,2018-06-08 14:26:34,rottenapples::block_8,3,5,rottenapples,rottenoranges,0.406495
train/rottenapples/vertical_flip_Screen Shot 2018-06-07 at 2.53.57 PM.png,rottenapples,Screen Shot 2018-06-07 at 2.53.57 PM.png,Screen Shot 2018-06-07 at 2.53.57 PM.png_rottenapples,2018-06-07 14:53:57,rottenapples::block_4,3,3,rottenapples,rottenapples,0.77651775
train/rottenapples/rotated_by_15_Screen Shot 2018-06-08 at 2.26.55 PM.png,rottenapples,Screen Shot 2018-06-08 at 2.26.55 PM.png,Screen Shot 2018-06-08 at 2.26.55 PM.png_rottenapples,2018-06-08 14:26:55,rottenapples::block_8,3,3,rottenapples,rottenapples,0.7730188
train/rottenapples/saltandpepper_Screen Shot 2018-06-08 at 2.26.34 PM.png,rottenapples,Screen Shot 2018-06-08 at 2.26.34 PM.png,Screen Shot 2018-06-08 at 2.26.34 PM.png_rottenapples,2018-06-08 14:26:34,rottenapples::block_8,3,3,rottenapples,rottenapples,0.53828967
train/rottenapples/Screen Shot 2018-06-07 at 2.53.33 PM.png,rottenapples,Screen Shot 2018-06-07 at 2.53.33 PM.png,Screen Shot 2018-06-07 at 2.53.33 PM.png_rottenapples,2018-06-07 14:53:33,rottenapples::block_4,3,0,rottenapples,freshapples,0.8201803
train/rottenapples/vertical_flip_Screen Shot 2018-06-08 at 2.30.26 PM.png,rottenapples,Screen Shot 2018-06-08 at 2.30.26 PM.png,Screen Shot 2018-06-08 at 2.30.26 PM.png_rottenapples,2018-06-08 14:30:26,rottenapples::block_8,3,3,rottenapples,rottenapples,0.75987303
train/rottenapples/saltandpepper_Screen Shot 2018-06-08 at 2.30.45 PM.png,rottenapples,Screen Shot 2018-06-08 at 2.30.45 PM.png,Screen Shot 2018-06-08 at 2.30.45 PM.png_rottenapples,2018-06-08 14:30:45,rottenapples::block_8,3,3,rottenapples,rottenapples,0.90938497
train/rottenapples/saltandpepper_Screen Shot 2018-06-07 at 2.53.20 PM.png,rottenapples,Screen Shot 2018-06-07 at 2.53.20 PM.png,Screen Shot 2018-06-07 at 2.53.20 PM.png_rottenapples,2018-06-07 14:53:20,rottenapples::block_4,3,0,rottenapples,freshapples,0.6487666
train/rottenapples/saltandpepper_Screen Shot 2018-06-08 at 2.26.44 PM.png,rottenapples,Screen Shot 2018-06-08 at 2.26.44 PM.png,Screen Shot 2018-06-08 at 2.26.44 PM.png_rottenapples,2018-06-08 14:26:44,rottenapples::block_8,3,3,rottenapples,rottenapples,0.8429447
train/rottenapples/rotated_by_45_Screen Shot 2018-06-08 at 2.30.45 PM.png,rottenapples,Screen Shot 2018-06-08 at 2.30.45 PM.png,Screen Shot 2018-06-08 at 2.30.45 PM.png_rottenapples,2018-06-08 14:30:45,rottenapples::block_8,3,3,rottenapples,rottenapples,0.88538253
train/rottenbanana/rotated_by_15_Screen Shot 2018-06-12 at 9.05.43 PM.png,rottenbanana,Screen Shot 2018-06-12 at 9.05.43 PM.png,Screen Shot 2018-06-12 at 9.05.43 PM.png_rottenbanana,2018-06-12 21:05:43,rottenbanana::block_5,4,4,rottenbanana,rottenbanana,0.9658909
train/rottenbanana/translation_Screen Shot 2018-06-12 at 9.05.21 PM.png,rottenbanana,Screen Shot 2018-06-12 at 9.05.21 PM.png,Screen Shot 2018-06-12 at 9.05.21 PM.png_rottenbanana,2018-06-12 21:05:21,rottenbanana::block_5,4,4,rottenbanana,rottenbanana,0.80640703
train/rottenbanana/rotated_by_60_Screen Shot 2018-06-12 at 9.05.43 PM.png,rottenbanana,Screen Shot 2018-06-12 at 9.05.43 PM.png,Screen Shot 2018-06-12 at 9.05.43 PM.png_rottenbanana,2018-06-12 21:05:43,rottenbanana::block_5,4,4,rottenbanana,rottenbanana,0.9311411
train/rottenbanana/rotated_by_15_Screen Shot 2018-06-12 at 9.05.12 PM.png,rottenbanana,Screen Shot 2018-06-12 at 9.05.12 PM.png,Screen Shot 2018-06-12 at 9.05.12 PM.png_rottenbanana,2018-06-12 21:05:12,rottenbanana::block_5,4,4,rottenbanana,rottenbanana,0.9799685
train/rottenbanana/rotated_by_45_Screen Shot 2018-06-12 at 9.04.01 PM.png,rottenbanana,Screen Shot 2018-06-12 at 9.04.01 PM.png,Screen Shot 2018-06-12 at 9.04.01 PM.png_rottenbanana,2018-06-12 21:04:01,rottenbanana::block_5,4,4,rottenbanana,rottenbanana,0.9982432
train/rottenbanana/rotated_by_60_Screen Shot 2018-06-12 at 9.05.52 PM.png,rottenbanana,Screen Shot 2018-06-12 at 9.05.52 PM.png,Screen Shot 2018-06-12 at 9.05.52 PM.png_rottenbanana,2018-06-12 21:05:52,rottenbanana::block_5,4,4,rottenbanana,rottenbanana,0.9267677
train/rottenbanana/rotated_by_30_Screen Shot 2018-06-12 at 9.05.52 PM.png,rottenbanana,Screen Shot 2018-06-12 at 9.05.52 PM.png,Screen Shot 2018-06-12 at 9.05.52 PM.png_rottenbanana,2018-06-12 21:05:52,rottenbanana::block_5,4,4,rottenbanana,rottenbanana,0.8038549
train/rottenbanana/rotated_by_60_Screen Shot 2018-06-12 at 9.04.08 PM.png,rottenbanana,Screen Shot 2018-06-12 at 9.04.08 PM.png,Screen Shot 2018-06-12 at 9.04.08 PM.png_rottenbanana,2018-06-12 21:04:08,rottenbanana::block_5,4,4,rottenbanana,rottenbanana,0.8311427
train/rottenbanana/vertical_flip_Screen Shot 2018-06-12 at 9.05.37 PM.png,rottenbanana,Screen Shot 2018-06-12 at 9.05.37 PM.png,Screen Shot 2018-06-12 at 9.05.37 PM.png_rottenbanana,2018-06-12 21:05:37,rottenbanana::block_5,4,4,rottenbanana,rottenbanana,0.9432116
train/rottenbanana/vertical_flip_Screen Shot 2018-06-12 at 9.05.12 PM.png,rottenbanana,Screen Shot 2018-06-12 at 9.05.12 PM.png,Screen Shot 2018-06-12 at 9.05.12 PM.png_rottenbanana,2018-06-12 21:05:12,rottenbanana::block_5,4,4,rottenbanana,rottenbanana,0.967766
train/rottenbanana/translation_Screen Shot 2018-06-12 at 9.04.19 PM.png,rottenbanana,Screen Shot 2018-06-12 at 9.04.19 PM.png,Screen Shot 2018-06-12 at 9.04.19 PM.png_rottenbanana,2018-06-12 21:04:19,rottenbanana::block_5,4,4,rottenbanana,rottenbanana,0.8157809
train/rottenbanana/rotated_by_45_Screen Shot 2018-06-12 at 9.05.43 PM.png,rottenbanana,Screen Shot 2018-06-12 at 9.05.43 PM.png,Screen Shot 2018-06-12 at 9.05.43 PM.png_rottenbanana,2018-06-12 21:05:43,rottenbanana::block_5,4,4,rottenbanana,rottenbanana,0.97058284
train/rottenbanana/rotated_by_75_Screen Shot 2018-06-12 at 9.05.52 PM.png,rottenbanana,Screen Shot 2018-06-12 at 9.05.52 PM.png,Screen Shot 2018-06-12 at 9.05.52 PM.png_rottenbanana,2018-06-12 21:05:52,rottenbanana::block_5,4,4,rottenbanana,rottenbanana,0.9054928
train/rottenbanana/vertical_flip_Screen Shot 2018-06-12 at 9.05.43 PM.png,rottenbanana,Screen Shot 2018-06-12 at 9.05.43 PM.png,Screen Shot 2018-06-12 at 9.05.43 PM.png_rottenbanana,2018-06-12 21:05:43,rottenbanana::block_5,4,4,rottenbanana,rottenbanana,0.95515627
train/rottenbanana/rotated_by_45_Screen Shot 2018-06-12 at 9.04.19 PM.png,rottenbanana,Screen Shot 2018-06-12 at 9.04.19 PM.png,Screen Shot 2018-06-12 at 9.04.19 PM.png_rottenbanana,2018-06-12 21:04:19,rottenbanana::block_5,4,4,rottenbanana,rottenbanana,0.8947316
train/rottenbanana/Screen Shot 2018-06-12 at 9.05.43 PM.png,rottenbanana,Screen Shot 2018-06-12 at 9.05.43 PM.png,Screen Shot 2018-06-12 at 9.05.43 PM.png_rottenbanana,2018-06-12 21:05:43,rottenbanana::block_5,4,4,rottenbanana,rottenbanana,0.951945
train/rottenbanana/saltandpepper_Screen Shot 2018-06-12 at 9.05.12 PM.png,rottenbanana,Screen Shot 2018-06-12 at 9.05.12 PM.png,Screen Shot 2018-06-12 at 9.05.12 PM.png_rottenbanana,2018-06-12 21:05:12,rottenbanana::block_5,4,4,rottenbanana,rottenbanana,0.9836315
train/rottenbanana/rotated_by_60_Screen Shot 2018-06-12 at 9.05.12 PM.png,rottenbanana,Screen Shot 2018-06-12 at 9.05.12 PM.png,Screen Shot 2018-06-12 at 9.05.12 PM.png_rottenbanana,2018-06-12 21:05:12,rottenbanana::block_5,4,4,rottenbanana,rottenbanana,0.9732636
train/rottenbanana/rotated_by_30_Screen Shot 2018-06-12 at 9.05.37 PM.png,rottenbanana,Screen Shot 2018-06-12 at 9.05.37 PM.png,Screen Shot 2018-06-12 at 9.05.37 PM.png_rottenbanana,2018-06-12 21:05:37,rottenbanana::block_5,4,4,rottenbanana,rottenbanana,0.9726698
train/rottenbanana/Screen Shot 2018-06-12 at 9.05.12 PM.png,rottenbanana,Screen Shot 2018-06-12 at 9.05.12 PM.png,Screen Shot 2018-06-12 at 9.05.12 PM.png_rottenbanana,2018-06-12 21:05:12,rottenbanana::block_5,4,4,rottenbanana,rottenbanana,0.96962094
train/rottenbanana/Screen Shot 2018-06-12 at 9.04.19 PM.png,rottenbanana,Screen Shot 2018-06-12 at 9.04.19 PM.png,Screen Shot 2018-06-12 at 9.04.19 PM.png_rottenbanana,2018-06-12 21:04:19,rottenbanana::block_5,4,4,rottenbanana,rottenbanana,0.84902257
train/rottenbanana/translation_Screen Shot 2018-06-12 at 9.05.37 PM.png,rottenbanana,Screen Shot 2018-06-12 at 9.05.37 PM.png,Screen Shot 2018-06-12 at 9.05.37 PM.png_rottenbanana,2018-06-12 21:05:37,rottenbanana::block_5,4,4,rottenbanana,rottenbanana,0.9291776
train/rottenbanana/saltandpepper_Screen Shot 2018-06-12 at 9.05.32 PM.png,rottenbanana,Screen Shot 2018-06-12 at 9.05.32 PM.png,Screen Shot 2018-06-12 at 9.05.32 PM.png_rottenbanana,2018-06-12 21:05:32,rottenbanana::block_5,4,4,rottenbanana,rottenbanana,0.98491687
train/rottenbanana/rotated_by_15_Screen Shot 2018-06-12 at 9.05.21 PM.png,rottenbanana,Screen Shot 2018-06-12 at 9.05.21 PM.png,Screen Shot 2018-06-12 at 9.05.21 PM.png_rottenbanana,2018-06-12 21:05:21,rottenbanana::block_5,4,4,rottenbanana,rottenbanana,0.84793174
train/rottenbanana/rotated_by_15_Screen Shot 2018-06-12 at 9.04.01 PM.png,rottenbanana,Screen Shot 2018-06-12 at 9.04.01 PM.png,Screen Shot 2018-06-12 at 9.04.01 PM.png_rottenbanana,2018-06-12 21:04:01,rottenbanana::block_5,4,4,rottenbanana,rottenbanana,0.99783784
train/rottenbanana/saltandpepper_Screen Shot 2018-06-12 at 9.05.21 PM.png,rottenbanana,Screen Shot 2018-06-12 at 9.05.21 PM.png,Screen Shot 2018-06-12 at 9.05.21 PM.png_rottenbanana,2018-06-12 21:05:21,rottenbanana::block_5,4,4,rottenbanana,rottenbanana,0.921843
train/rottenbanana/saltandpepper_Screen Shot 2018-06-12 at 9.04.19 PM.png,rottenbanana,Screen Shot 2018-06-12 at 9.04.19 PM.png,Screen Shot 2018-06-12 at 9.04.19 PM.png_rottenbanana,2018-06-12 21:04:19,rottenbanana::block_5,4,4,rottenbanana,rottenbanana,0.9116218
train/rottenbanana/rotated_by_45_Screen Shot 2018-06-12 at 9.05.12 PM.png,rottenbanana,Screen Shot 2018-06-12 at 9.05.12 PM.png,Screen Shot 2018-06-12 at 9.05.12 PM.png_rottenbanana,2018-06-12 21:05:12,rottenbanana::block_5,4,4,rottenbanana,rottenbanana,0.9821683
train/rottenbanana/rotated_by_45_Screen Shot 2018-06-12 at 9.05.21 PM.png,rottenbanana,Screen Shot 2018-06-12 at 9.05.21 PM.png,Screen Shot 2018-06-12 at 9.05.21 PM.png_rottenbanana,2018-06-12 21:05:21,rottenbanana::block_5,4,4,rottenbanana,rottenbanana,0.8166162
train/rottenbanana/saltandpepper_Screen Shot 2018-06-12 at 9.04.01 PM.png,rottenbanana,Screen Shot 2018-06-12 at 9.04.01 PM.png,Screen Shot 2018-06-12 at 9.04.01 PM.png_rottenbanana,2018-06-12 21:04:01,rottenbanana::block_5,4,4,rottenbanana,rottenbanana,0.99882513
train/rottenbanana/rotated_by_60_Screen Shot 2018-06-12 at 9.04.19 PM.png,rottenbanana,Screen Shot 2018-06-12 at 9.04.19 PM.png,Screen Shot 2018-06-12 at 9.04.19 PM.png_rottenbanana,2018-06-12 21:04:19,rottenbanana::block_5,4,4,rottenbanana,rottenbanana,0.90902823
train/rottenbanana/rotated_by_75_Screen Shot 2018-06-12 at 9.05.21 PM.png,rottenbanana,Screen Shot 2018-06-12 at 9.05.21 PM.png,Screen Shot 2018-06-12 at 9.05.21 PM.png_rottenbanana,2018-06-12 21:05:21,rottenbanana::block_5,4,4,rottenbanana,rottenbanana,0.8463511
train/rottenbanana/rotated_by_30_Screen Shot 2018-06-12 at 9.04.08 PM.png,rottenbanana,Screen Shot 2018-06-12 at 9.04.08 PM.png,Screen Shot 2018-06-12 at 9.04.08 PM.png_rottenbanana,2018-06-12 21:04:08,rottenbanana::block_5,4,4,rottenbanana,rottenbanana,0.8531307
train/rottenbanana/Screen Shot 2018-06-12 at 9.04.08 PM.png,rottenbanana,Screen Shot 2018-06-12 at 9.04.08 PM.png,Screen Shot 2018-06-12 at 9.04.08 PM.png_rottenbanana,2018-06-12 21:04:08,rottenbanana::block_5,4,4,rottenbanana,rottenbanana,0.78343016
train/rottenbanana/rotated_by_15_Screen Shot 2018-06-12 at 9.05.52 PM.png,rottenbanana,Screen Shot 2018-06-12 at 9.05.52 PM.png,Screen Shot 2018-06-12 at 9.05.52 PM.png_rottenbanana,2018-06-12 21:05:52,rottenbanana::block_5,4,4,rottenbanana,rottenbanana,0.68770516
train/rottenbanana/Screen Shot 2018-06-12 at 9.04.01 PM.png,rottenbanana,Screen Shot 2018-06-12 at 9.04.01 PM.png,Screen Shot 2018-06-12 at 9.04.01 PM.png_rottenbanana,2018-06-12 21:04:01,rottenbanana::block_5,4,4,rottenbanana,rottenbanana,0.9980173
train/rottenbanana/vertical_flip_Screen Shot 2018-06-12 at 9.04.08 PM.png,rottenbanana,Screen Shot 2018-06-12 at 9.04.08 PM.png,Screen Shot 2018-06-12 at 9.04.08 PM.png_rottenbanana,2018-06-12 21:04:08,rottenbanana::block_5,4,4,rottenbanana,rottenbanana,0.7782862
train/rottenbanana/Screen Shot 2018-06-12 at 9.05.32 PM.png,rottenbanana,Screen Shot 2018-06-12 at 9.05.32 PM.png,Screen Shot 2018-06-12 at 9.05.32 PM.png_rottenbanana,2018-06-12 21:05:32,rottenbanana::block_5,4,4,rottenbanana,rottenbanana,0.9787066
train/rottenbanana/rotated_by_15_Screen Shot 2018-06-12 at 9.04.19 PM.png,rottenbanana,Screen Shot 2018-06-12 at 9.04.19 PM.png,Screen Shot 2018-06-12 at 9.04.19 PM.png_rottenbanana,2018-06-12 21:04:19,rottenbanana::block_5,4,4,rottenbanana,rottenbanana,0.8480688
train/rottenbanana/rotated_by_75_Screen Shot 2018-06-12 at 9.05.12 PM.png,rottenbanana,Screen Shot 2018-06-12 at 9.05.12 PM.png,Screen Shot 2018-06-12 at 9.05.12 PM.png_rottenbanana,2018-06-12 21:05:12,rottenbanana::block_5,4,4,rottenbanana,rottenbanana,0.95718676
train/rottenbanana/rotated_by_45_Screen Shot 2018-06-12 at 9.04.08 PM.png,rottenbanana,Screen Shot 2018-06-12 at 9.04.08 PM.png,Screen Shot 2018-06-12 at 9.04.08 PM.png_rottenbanana,2018-06-12 21:04:08,rottenbanana::block_5,4,4,rottenbanana,rottenbanana,0.86137146
train/rottenbanana/rotated_by_60_Screen Shot 2018-06-12 at 9.05.32 PM.png,rottenbanana,Screen Shot 2018-06-12 at 9.05.32 PM.png,Screen Shot 2018-06-12 at 9.05.32 PM.png_rottenbanana,2018-06-12 21:05:32,rottenbanana::block_5,4,4,rottenbanana,rottenbanana,0.9844254
train/rottenbanana/rotated_by_30_Screen Shot 2018-06-12 at 9.05.12 PM.png,rottenbanana,Screen Shot 2018-06-12 at 9.05.12 PM.png,Screen Shot 2018-06-12 at 9.05.12 PM.png_rottenbanana,2018-06-12 21:05:12,rottenbanana::block_5,4,4,rottenbanana,rottenbanana,0.9833209
train/rottenbanana/translation_Screen Shot 2018-06-12 at 9.05.43 PM.png,rottenbanana,Screen Shot 2018-06-12 at 9.05.43 PM.png,Screen Shot 2018-06-12 at 9.05.43 PM.png_rottenbanana,2018-06-12 21:05:43,rottenbanana::block_5,4,4,rottenbanana,rottenbanana,0.9302756
train/rottenbanana/vertical_flip_Screen Shot 2018-06-12 at 9.05.52 PM.png,rottenbanana,Screen Shot 2018-06-12 at 9.05.52 PM.png,Screen Shot 2018-06-12 at 9.05.52 PM.png_rottenbanana,2018-06-12 21:05:52,rottenbanana::block_5,4,4,rottenbanana,rottenbanana,0.62029094
train/rottenbanana/rotated_by_15_Screen Shot 2018-06-12 at 9.05.37 PM.png,rottenbanana,Screen Shot 2018-06-12 at 9.05.37 PM.png,Screen Shot 2018-06-12 at 9.05.37 PM.png_rottenbanana,2018-06-12 21:05:37,rottenbanana::block_5,4,4,rottenbanana,rottenbanana,0.9575765
train/rottenbanana/rotated_by_30_Screen Shot 2018-06-12 at 9.05.43 PM.png,rottenbanana,Screen Shot 2018-06-12 at 9.05.43 PM.png,Screen Shot 2018-06-12 at 9.05.43 PM.png_rottenbanana,2018-06-12 21:05:43,rottenbanana::block_5,4,4,rottenbanana,rottenbanana,0.96649563
train/rottenbanana/Screen Shot 2018-06-12 at 9.05.21 PM.png,rottenbanana,Screen Shot 2018-06-12 at 9.05.21 PM.png,Screen Shot 2018-06-12 at 9.05.21 PM.png_rottenbanana,2018-06-12 21:05:21,rottenbanana::block_5,4,4,rottenbanana,rottenbanana,0.84479815
train/rottenbanana/rotated_by_60_Screen Shot 2018-06-12 at 9.05.37 PM.png,rottenbanana,Screen Shot 2018-06-12 at 9.05.37 PM.png,Screen Shot 2018-06-12 at 9.05.37 PM.png_rottenbanana,2018-06-12 21:05:37,rottenbanana::block_5,4,4,rottenbanana,rottenbanana,0.9837797
train/rottenbanana/translation_Screen Shot 2018-06-12 at 9.04.08 PM.png,rottenbanana,Screen Shot 2018-06-12 at 9.04.08 PM.png,Screen Shot 2018-06-12 at 9.04.08 PM.png_rottenbanana,2018-06-12 21:04:08,rottenbanana::block_5,4,4,rottenbanana,rottenbanana,0.7171049
train/rottenbanana/vertical_flip_Screen Shot 2018-06-12 at 9.05.32 PM.png,rottenbanana,Screen Shot 2018-06-12 at 9.05.32 PM.png,Screen Shot 2018-06-12 at 9.05.32 PM.png_rottenbanana,2018-06-12 21:05:32,rottenbanana::block_5,4,4,rottenbanana,rottenbanana,0.97882044
train/rottenbanana/rotated_by_30_Screen Shot 2018-06-12 at 9.04.01 PM.png,rottenbanana,Screen Shot 2018-06-12 at 9.04.01 PM.png,Screen Shot 2018-06-12 at 9.04.01 PM.png_rottenbanana,2018-06-12 21:04:01,rottenbanana::block_5,4,4,rottenbanana,rottenbanana,0.997866
train/rottenbanana/rotated_by_15_Screen Shot 2018-06-12 at 9.04.08 PM.png,rottenbanana,Screen Shot 2018-06-12 at 9.04.08 PM.png,Screen Shot 2018-06-12 at 9.04.08 PM.png_rottenbanana,2018-06-12 21:04:08,rottenbanana::block_5,4,4,rottenbanana,rottenbanana,0.82228935
train/rottenbanana/translation_Screen Shot 2018-06-12 at 9.04.01 PM.png,rottenbanana,Screen Shot 2018-06-12 at 9.04.01 PM.png,Screen Shot 2018-06-12 at 9.04.01 PM.png_rottenbanana,2018-06-12 21:04:01,rottenbanana::block_5,4,4,rottenbanana,rottenbanana,0.9973592
train/rottenbanana/saltandpepper_Screen Shot 2018-06-12 at 9.04.08 PM.png,rottenbanana,Screen Shot 2018-06-12 at 9.04.08 PM.png,Screen Shot 2018-06-12 at 9.04.08 PM.png_rottenbanana,2018-06-12 21:04:08,rottenbanana::block_5,4,4,rottenbanana,rottenbanana,0.8347001
train/rottenbanana/rotated_by_45_Screen Shot 2018-06-12 at 9.05.52 PM.png,rottenbanana,Screen Shot 2018-06-12 at 9.05.52 PM.png,Screen Shot 2018-06-12 at 9.05.52 PM.png_rottenbanana,2018-06-12 21:05:52,rottenbanana::block_5,4,4,rottenbanana,rottenbanana,0.8865356
train/rottenbanana/vertical_flip_Screen Shot 2018-06-12 at 9.04.01 PM.png,rottenbanana,Screen Shot 2018-06-12 at 9.04.01 PM.png,Screen Shot 2018-06-12 at 9.04.01 PM.png_rottenbanana,2018-06-12 21:04:01,rottenbanana::block_5,4,4,rottenbanana,rottenbanana,0.99897736
train/rottenbanana/saltandpepper_Screen Shot 2018-06-12 at 9.05.52 PM.png,rottenbanana,Screen Shot 2018-06-12 at 9.05.52 PM.png,Screen Shot 2018-06-12 at 9.05.52 PM.png_rottenbanana,2018-06-12 21:05:52,rottenbanana::block_5,4,4,rottenbanana,rottenbanana,0.75602853
train/rottenbanana/rotated_by_30_Screen Shot 2018-06-12 at 9.05.32 PM.png,rottenbanana,Screen Shot 2018-06-12 at 9.05.32 PM.png,Screen Shot 2018-06-12 at 9.05.32 PM.png_rottenbanana,2018-06-12 21:05:32,rottenbanana::block_5,4,4,rottenbanana,rottenbanana,0.98349243
train/rottenbanana/rotated_by_75_Screen Shot 2018-06-12 at 9.05.32 PM.png,rottenbanana,Screen Shot 2018-06-12 at 9.05.32 PM.png,Screen Shot 2018-06-12 at 9.05.32 PM.png_rottenbanana,2018-06-12 21:05:32,rottenbanana::block_5,4,4,rottenbanana,rottenbanana,0.9798544
train/rottenbanana/translation_Screen Shot 2018-06-12 at 9.05.32 PM.png,rottenbanana,Screen Shot 2018-06-12 at 9.05.32 PM.png,Screen Shot 2018-06-12 at 9.05.32 PM.png_rottenbanana,2018-06-12 21:05:32,rottenbanana::block_5,4,4,rottenbanana,rottenbanana,0.9661954
train/rottenbanana/saltandpepper_Screen Shot 2018-06-12 at 9.05.43 PM.png,rottenbanana,Screen Shot 2018-06-12 at 9.05.43 PM.png,Screen Shot 2018-06-12 at 9.05.43 PM.png_rottenbanana,2018-06-12 21:05:43,rottenbanana::block_5,4,4,rottenbanana,rottenbanana,0.96949893
train/rottenbanana/rotated_by_30_Screen Shot 2018-06-12 at 9.05.21 PM.png,rottenbanana,Screen Shot 2018-06-12 at 9.05.21 PM.png,Screen Shot 2018-06-12 at 9.05.21 PM.png_rottenbanana,2018-06-12 21:05:21,rottenbanana::block_5,4,4,rottenbanana,rottenbanana,0.82516164
train/rottenbanana/rotated_by_15_Screen Shot 2018-06-12 at 9.05.32 PM.png,rottenbanana,Screen Shot 2018-06-12 at 9.05.32 PM.png,Screen Shot 2018-06-12 at 9.05.32 PM.png_rottenbanana,2018-06-12 21:05:32,rottenbanana::block_5,4,4,rottenbanana,rottenbanana,0.9823043
train/rottenbanana/rotated_by_75_Screen Shot 2018-06-12 at 9.05.43 PM.png,rottenbanana,Screen Shot 2018-06-12 at 9.05.43 PM.png,Screen Shot 2018-06-12 at 9.05.43 PM.png_rottenbanana,2018-06-12 21:05:43,rottenbanana::block_5,4,4,rottenbanana,rottenbanana,0.84009624
train/rottenbanana/Screen Shot 2018-06-12 at 9.05.52 PM.png,rottenbanana,Screen Shot 2018-06-12 at 9.05.52 PM.png,Screen Shot 2018-06-12 at 9.05.52 PM.png_rottenbanana,2018-06-12 21:05:52,rottenbanana::block_5,4,4,rottenbanana,rottenbanana,0.61625105
test/freshapples/rotated_by_45_Screen Shot 2018-06-08 at 5.19.47 PM.png,freshapples,Screen Shot 2018-06-08 at 5.19.47 PM.png,Screen Shot 2018-06-08 at 5.19.47 PM.png_freshapples,2018-06-08 17:19:47,freshapples::block_5,0,0,freshapples,freshapples,0.99111617
test/freshapples/rotated_by_75_Screen Shot 2018-06-08 at 5.19.35 PM.png,freshapples,Screen Shot 2018-06-08 at 5.19.35 PM.png,Screen Shot 2018-06-08 at 5.19.35 PM.png_freshapples,2018-06-08 17:19:35,freshapples::block_5,0,0,freshapples,freshapples,0.9989681
test/freshapples/rotated_by_75_Screen Shot 2018-06-08 at 5.19.15 PM.png,freshapples,Screen Shot 2018-06-08 at 5.19.15 PM.png,Screen Shot 2018-06-08 at 5.19.15 PM.png_freshapples,2018-06-08 17:19:15,freshapples::block_5,0,3,freshapples,rottenapples,0.47690874
test/freshbanana/rotated_by_15_Screen Shot 2018-06-12 at 10.00.07 PM.png,freshbanana,Screen Shot 2018-06-12 at 10.00.07 PM.png,Screen Shot 2018-06-12 at 10.00.07 PM.png_freshbanana,2018-06-12 22:00:07,freshbanana::block_6,1,1,freshbanana,freshbanana,0.67060465
test/freshbanana/rotated_by_60_Screen Shot 2018-06-12 at 10.00.07 PM.png,freshbanana,Screen Shot 2018-06-12 at 10.00.07 PM.png,Screen Shot 2018-06-12 at 10.00.07 PM.png_freshbanana,2018-06-12 22:00:07,freshbanana::block_6,1,1,freshbanana,freshbanana,0.8363252
test/freshoranges/saltandpepper_Screen Shot 2018-06-13 at 12.20.39 AM.png,freshoranges,Screen Shot 2018-06-13 at 12.20.39 AM.png,Screen Shot 2018-06-13 at 12.20.39 AM.png_freshoranges,2018-06-13 00:20:39,freshoranges::block_8,2,0,freshoranges,freshapples,0.8163971
test/freshoranges/rotated_by_15_Screen Shot 2018-06-13 at 12.20.15 AM.png,freshoranges,Screen Shot 2018-06-13 at 12.20.15 AM.png,Screen Shot 2018-06-13 at 12.20.15 AM.png_freshoranges,2018-06-13 00:20:15,freshoranges::block_8,2,0,freshoranges,freshapples,0.9993752
test/freshoranges/saltandpepper_Screen Shot 2018-06-13 at 12.20.15 AM.png,freshoranges,Screen Shot 2018-06-13 at 12.20.15 AM.png,Screen Shot 2018-06-13 at 12.20.15 AM.png_freshoranges,2018-06-13 00:20:15,freshoranges::block_8,2,0,freshoranges,freshapples,0.99929476
test/freshoranges/rotated_by_15_Screen Shot 2018-06-13 at 12.20.39 AM.png,freshoranges,Screen Shot 2018-06-13 at 12.20.39 AM.png,Screen Shot 2018-06-13 at 12.20.39 AM.png_freshoranges,2018-06-13 00:20:39,freshoranges::block_8,2,0,freshoranges,freshapples,0.8379309
test/freshoranges/rotated_by_75_Screen Shot 2018-06-13 at 12.20.15 AM.png,freshoranges,Screen Shot 2018-06-13 at 12.20.15 AM.png,Screen Shot 2018-06-13 at 12.20.15 AM.png_freshoranges,2018-06-13 00:20:15,freshoranges::block_8,2,0,freshoranges,freshapples,0.99920535
test/freshoranges/rotated_by_75_Screen Shot 2018-06-13 at 12.20.39 AM.png,freshoranges,Screen Shot 2018-06-13 at 12.20.39 AM.png,Screen Shot 2018-06-13 at 12.20.39 AM.png_freshoranges,2018-06-13 00:20:39,freshoranges::block_8,2,0,freshoranges,freshapples,0.8431821
test/rottenapples/translation_Screen Shot 2018-06-08 at 2.26.34 PM.png,rottenapples,Screen Shot 2018-06-08 at 2.26.34 PM.png,Screen Shot 2018-06-08 at 2.26.34 PM.png_rottenapples,2018-06-08 14:26:34,rottenapples::block_8,3,2,rottenapples,freshoranges,0.48839933
test/rottenapples/rotated_by_75_Screen Shot 2018-06-07 at 2.53.57 PM.png,rottenapples,Screen Shot 2018-06-07 at 2.53.57 PM.png,Screen Shot 2018-06-07 at 2.53.57 PM.png_rottenapples,2018-06-07 14:53:57,rottenapples::block_4,3,3,rottenapples,rottenapples,0.7816578
test/rottenapples/translation_Screen Shot 2018-06-08 at 2.30.26 PM.png,rottenapples,Screen Shot 2018-06-08 at 2.30.26 PM.png,Screen Shot 2018-06-08 at 2.30.26 PM.png_rottenapples,2018-06-08 14:30:26,rottenapples::block_8,3,3,rottenapples,rottenapples,0.6750151
test/rottenapples/rotated_by_30_Screen Shot 2018-06-08 at 2.26.44 PM.png,rottenapples,Screen Shot 2018-06-08 at 2.26.44 PM.png,Screen Shot 2018-06-08 at 2.26.44 PM.png_rottenapples,2018-06-08 14:26:44,rottenapples::block_8,3,3,rottenapples,rottenapples,0.59308314
test/rottenapples/Screen Shot 2018-06-08 at 2.26.55 PM.png,rottenapples,Screen Shot 2018-06-08 at 2.26.55 PM.png,Screen Shot 2018-06-08 at 2.26.55 PM.png_rottenapples,2018-06-08 14:26:55,rottenapples::block_8,3,3,rottenapples,rottenapples,0.7881972
test/rottenapples/rotated_by_15_Screen Shot 2018-06-08 at 2.26.44 PM.png,rottenapples,Screen Shot 2018-06-08 at 2.26.44 PM.png,Screen Shot 2018-06-08 at 2.26.44 PM.png_rottenapples,2018-06-08 14:26:44,rottenapples::block_8,3,3,rottenapples,rottenapples,0.59130496
test/rottenapples/saltandpepper_Screen Shot 2018-06-07 at 2.53.57 PM.png,rottenapples,Screen Shot 2018-06-07 at 2.53.57 PM.png,Screen Shot 2018-06-07 at 2.53.57 PM.png_rottenapples,2018-06-07 14:53:57,rottenapples::block_4,3,3,rottenapples,rottenapples,0.8623103
test/rottenapples/Screen Shot 2018-06-08 at 2.30.45 PM.png,rottenapples,Screen Shot 2018-06-08 at 2.30.45 PM.png,Screen Shot 2018-06-08 at 2.30.45 PM.png_rottenapples,2018-06-08 14:30:45,rottenapples::block_8,3,3,rottenapples,rottenapples,0.9097764
test/rottenapples/rotated_by_30_Screen Shot 2018-06-07 at 2.53.20 PM.png,rottenapples,Screen Shot 2018-06-07 at 2.53.20 PM.png,Screen Shot 2018-06-07 at 2.53.20 PM.png_rottenapples,2018-06-07 14:53:20,rottenapples::block_4,3,0,rottenapples,freshapples,0.7741508
test/rottenapples/rotated_by_60_Screen Shot 2018-06-08 at 2.30.03 PM.png,rottenapples,Screen Shot 2018-06-08 at 2.30.03 PM.png,Screen Shot 2018-06-08 at 2.30.03 PM.png_rottenapples,2018-06-08 14:30:03,rottenapples::block_8,3,3,rottenapples,rottenapples,0.7774679
test/rottenapples/rotated_by_30_Screen Shot 2018-06-07 at 2.53.33 PM.png,rottenapples,Screen Shot 2018-06-07 at 2.53.33 PM.png,Screen Shot 2018-06-07 at 2.53.33 PM.png_rottenapples,2018-06-07 14:53:33,rottenapples::block_4,3,0,rottenapples,freshapples,0.8126934
test/rottenapples/rotated_by_30_Screen Shot 2018-06-08 at 2.30.03 PM.png,rottenapples,Screen Shot 2018-06-08 at 2.30.03 PM.png,Screen Shot 2018-06-08 at 2.30.03 PM.png_rottenapples,2018-06-08 14:30:03,rottenapples::block_8,3,3,rottenapples,rottenapples,0.80645114
test/rottenapples/rotated_by_60_Screen Shot 2018-06-08 at 2.26.34 PM.png,rottenapples,Screen Shot 2018-06-08 at 2.26.34 PM.png,Screen Shot 2018-06-08 at 2.26.34 PM.png_rottenapples,2018-06-08 14:26:34,rottenapples::block_8,3,3,rottenapples,rottenapples,0.37439743
test/rottenapples/saltandpepper_Screen Shot 2018-06-08 at 2.30.03 PM.png,rottenapples,Screen Shot 2018-06-08 at 2.30.03 PM.png,Screen Shot 2018-06-08 at 2.30.03 PM.png_rottenapples,2018-06-08 14:30:03,rottenapples::block_8,3,3,rottenapples,rottenapples,0.8961802
test/rottenapples/saltandpepper_Screen Shot 2018-06-07 at 2.53.33 PM.png,rottenapples,Screen Shot 2018-06-07 at 2.53.33 PM.png,Screen Shot 2018-06-07 at 2.53.33 PM.png_rottenapples,2018-06-07 14:53:33,rottenapples::block_4,3,0,rottenapples,freshapples,0.69511056
test/rottenapples/translation_Screen Shot 2018-06-08 at 2.26.44 PM.png,rottenapples,Screen Shot 2018-06-08 at 2.26.44 PM.png,Screen Shot 2018-06-08 at 2.26.44 PM.png_rottenapples,2018-06-08 14:26:44,rottenapples::block_8,3,0,rottenapples,freshapples,0.52974963
test/rottenapples/rotated_by_45_Screen Shot 2018-06-07 at 2.53.20 PM.png,rottenapples,Screen Shot 2018-06-07 at 2.53.20 PM.png,Screen Shot 2018-06-07 at 2.53.20 PM.png_rottenapples,2018-06-07 14:53:20,rottenapples::block_4,3,0,rottenapples,freshapples,0.7898519
test/rottenapples/Screen Shot 2018-06-07 at 2.53.57 PM.png,rottenapples,Screen Shot 2018-06-07 at 2.53.57 PM.png,Screen Shot 2018-06-07 at 2.53.57 PM.png_rottenapples,2018-06-07 14:53:57,rottenapples::block_4,3,3,rottenapples,rottenapples,0.78007764
test/rottenbanana/vertical_flip_Screen Shot 2018-06-12 at 9.04.19 PM.png,rottenbanana,Screen Shot 2018-06-12 at 9.04.19 PM.png,Screen Shot 2018-06-12 at 9.04.19 PM.png_rottenbanana,2018-06-12 21:04:19,rottenbanana::block_5,4,4,rottenbanana,rottenbanana,0.80829614
test/rottenbanana/rotated_by_60_Screen Shot 2018-06-12 at 9.05.21 PM.png,rottenbanana,Screen Shot 2018-06-12 at 9.05.21 PM.png,Screen Shot 2018-06-12 at 9.05.21 PM.png_rottenbanana,2018-06-12 21:05:21,rottenbanana::block_5,4,4,rottenbanana,rottenbanana,0.82310873
test/rottenbanana/Screen Shot 2018-06-12 at 9.05.37 PM.png,rottenbanana,Screen Shot 2018-06-12 at 9.05.37 PM.png,Screen Shot 2018-06-12 at 9.05.37 PM.png_rottenbanana,2018-06-12 21:05:37,rottenbanana::block_5,4,4,rottenbanana,rottenbanana,0.941654
test/rottenbanana/rotated_by_45_Screen Shot 2018-06-12 at 9.05.32 PM.png,rottenbanana,Screen Shot 2018-06-12 at 9.05.32 PM.png,Screen Shot 2018-06-12 at 9.05.32 PM.png_rottenbanana,2018-06-12 21:05:32,rottenbanana::block_5,4,4,rottenbanana,rottenbanana,0.9829848
test/rottenbanana/rotated_by_30_Screen Shot 2018-06-12 at 9.04.19 PM.png,rottenbanana,Screen Shot 2018-06-12 at 9.04.19 PM.png,Screen Shot 2018-06-12 at 9.04.19 PM.png_rottenbanana,2018-06-12 21:04:19,rottenbanana::block_5,4,4,rottenbanana,rottenbanana,0.8657569
test/rottenbanana/rotated_by_75_Screen Shot 2018-06-12 at 9.04.01 PM.png,rottenbanana,Screen Shot 2018-06-12 at 9.04.01 PM.png,Screen Shot 2018-06-12 at 9.04.01 PM.png_rottenbanana,2018-06-12 21:04:01,rottenbanana::block_5,4,4,rottenbanana,rottenbanana,0.99818844
test/rottenbanana/translation_Screen Shot 2018-06-12 at 9.05.52 PM.png,rottenbanana,Screen Shot 2018-06-12 at 9.05.52 PM.png,Screen Shot 2018-06-12 at 9.05.52 PM.png_rottenbanana,2018-06-12 21:05:52,rottenbanana::block_5,4,4,rottenbanana,rottenbanana,0.59330344
test/rottenbanana/rotated_by_75_Screen Shot 2018-06-12 at 9.04.08 PM.png,rottenbanana,Screen Shot 2018-06-12 at 9.04.08 PM.png,Screen Shot 2018-06-12 at 9.04.08 PM.png_rottenbanana,2018-06-12 21:04:08,rottenbanana::block_5,4,4,rottenbanana,rottenbanana,0.7462418
test/rottenbanana/rotated_by_75_Screen Shot 2018-06-12 at 9.04.19 PM.png,rottenbanana,Screen Shot 2018-06-12 at 9.04.19 PM.png,Screen Shot 2018-06-12 at 9.04.19 PM.png_rottenbanana,2018-06-12 21:04:19,rottenbanana::block_5,4,4,rottenbanana,rottenbanana,0.91107684
test/rottenbanana/rotated_by_75_Screen Shot 2018-06-12 at 9.05.37 PM.png,rottenbanana,Screen Shot 2018-06-12 at 9.05.37 PM.png,Screen Shot 2018-06-12 at 9.05.37 PM.png_rottenbanana,2018-06-12 21:05:37,rottenbanana::block_5,4,4,rottenbanana,rottenbanana,0.9717969
test/rottenbanana/saltandpepper_Screen Shot 2018-06-12 at 9.05.37 PM.png,rottenbanana,Screen Shot 2018-06-12 at 9.05.37 PM.png,Screen Shot 2018-06-12 at 9.05.37 PM.png_rottenbanana,2018-06-12 21:05:37,rottenbanana::block_5,4,4,rottenbanana,rottenbanana,0.96519184
test/rottenbanana/rotated_by_60_Screen Shot 2018-06-12 at 9.04.01 PM.png,rottenbanana,Screen Shot 2018-06-12 at 9.04.01 PM.png,Screen Shot 2018-06-12 at 9.04.01 PM.png_rottenbanana,2018-06-12 21:04:01,rottenbanana::block_5,4,4,rottenbanana,rottenbanana,0.99860966
test/rottenbanana/vertical_flip_Screen Shot 2018-06-12 at 9.05.21 PM.png,rottenbanana,Screen Shot 2018-06-12 at 9.05.21 PM.png,Screen Shot 2018-06-12 at 9.05.21 PM.png_rottenbanana,2018-06-12 21:05:21,rottenbanana::block_5,4,4,rottenbanana,rottenbanana,0.75126576
test/rottenbanana/translation_Screen Shot 2018-06-12 at 9.05.12 PM.png,rottenbanana,Screen Shot 2018-06-12 at 9.05.12 PM.png,Screen Shot 2018-06-12 at 9.05.12 PM.png_rottenbanana,2018-06-12 21:05:12,rottenbanana::block_5,4,4,rottenbanana,rottenbanana,0.96456057
test/rottenbanana/rotated_by_45_Screen Shot 2018-06-12 at 9.05.37 PM.png,rottenbanana,Screen Shot 2018-06-12 at 9.05.37 PM.png,Screen Shot 2018-06-12 at 9.05.37 PM.png_rottenbanana,2018-06-12 21:05:37,rottenbanana::block_5,4,4,rottenbanana,rottenbanana,0.98018277
train/freshapples/rotated_by_30_Screen Shot 2018-06-08 at 5.19.58 PM.png,freshapples,Screen Shot 2018-06-08 at 5.19.58 PM.png,Screen Shot 2018-06-08 at 5.19.58 PM.png_freshapples,2018-06-08 17:19:58,freshapples::block_5,0,0,freshapples,freshapples,0.6487721
train/freshapples/rotated_by_75_Screen Shot 2018-06-08 at 5.19.58 PM.png,freshapples,Screen Shot 2018-06-08 at 5.19.58 PM.png,Screen Shot 2018-06-08 at 5.19.58 PM.png_freshapples,2018-06-08 17:19:58,freshapples::block_5,0,0,freshapples,freshapples,0.6572874
train/freshapples/translation_Screen Shot 2018-06-08 at 5.19.58 PM.png,freshapples,Screen Shot 2018-06-08 at 5.19.58 PM.png,Screen Shot 2018-06-08 at 5.19.58 PM.png_freshapples,2018-06-08 17:19:58,freshapples::block_5,0,0,freshapples,freshapples,0.7804149
train/freshapples/rotated_by_60_Screen Shot 2018-06-08 at 5.19.58 PM.png,freshapples,Screen Shot 2018-06-08 at 5.19.58 PM.png,Screen Shot 2018-06-08 at 5.19.58 PM.png_freshapples,2018-06-08 17:19:58,freshapples::block_5,0,0,freshapples,freshapples,0.6554996
train/freshapples/rotated_by_45_Screen Shot 2018-06-08 at 5.19.58 PM.png,freshapples,Screen Shot 2018-06-08 at 5.19.58 PM.png,Screen Shot 2018-06-08 at 5.19.58 PM.png_freshapples,2018-06-08 17:19:58,freshapples::block_5,0,0,freshapples,freshapples,0.65196335
train/freshapples/saltandpepper_Screen Shot 2018-06-08 at 5.19.58 PM.png,freshapples,Screen Shot 2018-06-08 at 5.19.58 PM.png,Screen Shot 2018-06-08 at 5.19.58 PM.png_freshapples,2018-06-08 17:19:58,freshapples::block_5,0,0,freshapples,freshapples,0.62316966
train/freshapples/rotated_by_15_Screen Shot 2018-06-08 at 5.19.58 PM.png,freshapples,Screen Shot 2018-06-08 at 5.19.58 PM.png,Screen Shot 2018-06-08 at 5.19.58 PM.png_freshapples,2018-06-08 17:19:58,freshapples::block_5,0,0,freshapples,freshapples,0.67983603
train/freshapples/vertical_flip_Screen Shot 2018-06-08 at 5.19.58 PM.png,freshapples,Screen Shot 2018-06-08 at 5.19.58 PM.png,Screen Shot 2018-06-08 at 5.19.58 PM.png_freshapples,2018-06-08 17:19:58,freshapples::block_5,0,0,freshapples,freshapples,0.70181364
train/freshbanana/vertical_flip_Screen Shot 2018-06-12 at 10.00.00 PM.png,freshbanana,Screen Shot 2018-06-12 at 10.00.00 PM.png,Screen Shot 2018-06-12 at 10.00.00 PM.png_freshbanana,2018-06-12 22:00:00,freshbanana::block_6,1,1,freshbanana,freshbanana,0.97582906
train/freshbanana/Screen Shot 2018-06-12 at 10.00.00 PM.png,freshbanana,Screen Shot 2018-06-12 at 10.00.00 PM.png,Screen Shot 2018-06-12 at 10.00.00 PM.png_freshbanana,2018-06-12 22:00:00,freshbanana::block_6,1,1,freshbanana,freshbanana,0.9764683
train/freshbanana/translation_Screen Shot 2018-06-12 at 10.00.00 PM.png,freshbanana,Screen Shot 2018-06-12 at 10.00.00 PM.png,Screen Shot 2018-06-12 at 10.00.00 PM.png_freshbanana,2018-06-12 22:00:00,freshbanana::block_6,1,1,freshbanana,freshbanana,0.96036077
train/freshbanana/rotated_by_60_Screen Shot 2018-06-12 at 10.00.00 PM.png,freshbanana,Screen Shot 2018-06-12 at 10.00.00 PM.png,Screen Shot 2018-06-12 at 10.00.00 PM.png_freshbanana,2018-06-12 22:00:00,freshbanana::block_6,1,1,freshbanana,freshbanana,0.9804745
train/freshbanana/rotated_by_15_Screen Shot 2018-06-12 at 10.00.00 PM.png,freshbanana,Screen Shot 2018-06-12 at 10.00.00 PM.png,Screen Shot 2018-06-12 at 10.00.00 PM.png_freshbanana,2018-06-12 22:00:00,freshbanana::block_6,1,1,freshbanana,freshbanana,0.96904176
train/freshbanana/rotated_by_45_Screen Shot 2018-06-12 at 10.00.00 PM.png,freshbanana,Screen Shot 2018-06-12 at 10.00.00 PM.png,Screen Shot 2018-06-12 at 10.00.00 PM.png_freshbanana,2018-06-12 22:00:00,freshbanana::block_6,1,1,freshbanana,freshbanana,0.9725834
train/freshbanana/rotated_by_75_Screen Shot 2018-06-12 at 10.00.00 PM.png,freshbanana,Screen Shot 2018-06-12 at 10.00.00 PM.png,Screen Shot 2018-06-12 at 10.00.00 PM.png_freshbanana,2018-06-12 22:00:00,freshbanana::block_6,1,1,freshbanana,freshbanana,0.9808648
train/rottenapples/vertical_flip_Screen Shot 2018-06-08 at 2.30.31 PM.png,rottenapples,Screen Shot 2018-06-08 at 2.30.31 PM.png,Screen Shot 2018-06-08 at 2.30.31 PM.png_rottenapples,2018-06-08 14:30:31,rottenapples::block_8,3,3,rottenapples,rottenapples,0.84591645
train/rottenapples/rotated_by_30_Screen Shot 2018-06-08 at 2.26.09 PM.png,rottenapples,Screen Shot 2018-06-08 at 2.26.09 PM.png,Screen Shot 2018-06-08 at 2.26.09 PM.png_rottenapples,2018-06-08 14:26:09,rottenapples::block_8,3,3,rottenapples,rottenapples,0.87445974
train/rottenapples/rotated_by_15_Screen Shot 2018-06-08 at 2.26.14 PM.png,rottenapples,Screen Shot 2018-06-08 at 2.26.14 PM.png,Screen Shot 2018-06-08 at 2.26.14 PM.png_rottenapples,2018-06-08 14:26:14,rottenapples::block_8,3,3,rottenapples,rottenapples,0.9038373
train/rottenapples/Screen Shot 2018-06-08 at 2.30.31 PM.png,rottenapples,Screen Shot 2018-06-08 at 2.30.31 PM.png,Screen Shot 2018-06-08 at 2.30.31 PM.png_rottenapples,2018-06-08 14:30:31,rottenapples::block_8,3,3,rottenapples,rottenapples,0.85467213
train/rottenapples/translation_Screen Shot 2018-06-08 at 2.26.09 PM.png,rottenapples,Screen Shot 2018-06-08 at 2.26.09 PM.png,Screen Shot 2018-06-08 at 2.26.09 PM.png_rottenapples,2018-06-08 14:26:09,rottenapples::block_8,3,3,rottenapples,rottenapples,0.75411224
train/rottenapples/saltandpepper_Screen Shot 2018-06-08 at 2.26.09 PM.png,rottenapples,Screen Shot 2018-06-08 at 2.26.09 PM.png,Screen Shot 2018-06-08 at 2.26.09 PM.png_rottenapples,2018-06-08 14:26:09,rottenapples::block_8,3,3,rottenapples,rottenapples,0.89735585
train/rottenapples/Screen Shot 2018-06-08 at 2.26.14 PM.png,rottenapples,Screen Shot 2018-06-08 at 2.26.14 PM.png,Screen Shot 2018-06-08 at 2.26.14 PM.png_rottenapples,2018-06-08 14:26:14,rottenapples::block_8,3,3,rottenapples,rottenapples,0.9060875
train/rottenapples/rotated_by_30_Screen Shot 2018-06-08 at 2.26.14 PM.png,rottenapples,Screen Shot 2018-06-08 at 2.26.14 PM.png,Screen Shot 2018-06-08 at 2.26.14 PM.png_rottenapples,2018-06-08 14:26:14,rottenapples::block_8,3,3,rottenapples,rottenapples,0.889178
train/rottenapples/rotated_by_60_Screen Shot 2018-06-08 at 2.30.31 PM.png,rottenapples,Screen Shot 2018-06-08 at 2.30.31 PM.png,Screen Shot 2018-06-08 at 2.30.31 PM.png_rottenapples,2018-06-08 14:30:31,rottenapples::block_8,3,3,rottenapples,rottenapples,0.83437943
train/rottenapples/rotated_by_75_Screen Shot 2018-06-08 at 2.26.09 PM.png,rottenapples,Screen Shot 2018-06-08 at 2.26.09 PM.png,Screen Shot 2018-06-08 at 2.26.09 PM.png_rottenapples,2018-06-08 14:26:09,rottenapples::block_8,3,3,rottenapples,rottenapples,0.8659953
train/rottenapples/translation_Screen Shot 2018-06-08 at 2.30.31 PM.png,rottenapples,Screen Shot 2018-06-08 at 2.30.31 PM.png,Screen Shot 2018-06-08 at 2.30.31 PM.png_rottenapples,2018-06-08 14:30:31,rottenapples::block_8,3,3,rottenapples,rottenapples,0.7476472
train/rottenapples/rotated_by_75_Screen Shot 2018-06-08 at 2.30.31 PM.png,rottenapples,Screen Shot 2018-06-08 at 2.30.31 PM.png,Screen Shot 2018-06-08 at 2.30.31 PM.png_rottenapples,2018-06-08 14:30:31,rottenapples::block_8,3,3,rottenapples,rottenapples,0.85293716
train/rottenapples/rotated_by_45_Screen Shot 2018-06-08 at 2.30.31 PM.png,rottenapples,Screen Shot 2018-06-08 at 2.30.31 PM.png,Screen Shot 2018-06-08 at 2.30.31 PM.png_rottenapples,2018-06-08 14:30:31,rottenapples::block_8,3,3,rottenapples,rottenapples,0.827921
train/rottenapples/saltandpepper_Screen Shot 2018-06-08 at 2.30.31 PM.png,rottenapples,Screen Shot 2018-06-08 at 2.30.31 PM.png,Screen Shot 2018-06-08 at 2.30.31 PM.png_rottenapples,2018-06-08 14:30:31,rottenapples::block_8,3,3,rottenapples,rottenapples,0.9253873
train/rottenapples/translation_Screen Shot 2018-06-08 at 2.26.14 PM.png,rottenapples,Screen Shot 2018-06-08 at 2.26.14 PM.png,Screen Shot 2018-06-08 at 2.26.14 PM.png_rottenapples,2018-06-08 14:26:14,rottenapples::block_8,3,3,rottenapples,rottenapples,0.86573905
train/rottenapples/rotated_by_45_Screen Shot 2018-06-08 at 2.26.09 PM.png,rottenapples,Screen Shot 2018-06-08 at 2.26.09 PM.png,Screen Shot 2018-06-08 at 2.26.09 PM.png_rottenapples,2018-06-08 14:26:09,rottenapples::block_8,3,3,rottenapples,rottenapples,0.86193717
train/rottenapples/rotated_by_15_Screen Shot 2018-06-08 at 2.26.09 PM.png,rottenapples,Screen Shot 2018-06-08 at 2.26.09 PM.png,Screen Shot 2018-06-08 at 2.26.09 PM.png_rottenapples,2018-06-08 14:26:09,rottenapples::block_8,3,3,rottenapples,rottenapples,0.8880029
train/rottenapples/rotated_by_60_Screen Shot 2018-06-08 at 2.26.09 PM.png,rottenapples,Screen Shot 2018-06-08 at 2.26.09 PM.png,Screen Shot 2018-06-08 at 2.26.09 PM.png_rottenapples,2018-06-08 14:26:09,rottenapples::block_8,3,3,rottenapples,rottenapples,0.86064315
train/rottenapples/rotated_by_30_Screen Shot 2018-06-08 at 2.30.31 PM.png,rottenapples,Screen Shot 2018-06-08 at 2.30.31 PM.png,Screen Shot 2018-06-08 at 2.30.31 PM.png_rottenapples,2018-06-08 14:30:31,rottenapples::block_8,3,3,rottenapples,rottenapples,0.85064846
train/rottenbanana/rotated_by_30_Screen Shot 2018-06-12 at 9.04.56 PM.png,rottenbanana,Screen Shot 2018-06-12 at 9.04.56 PM.png,Screen Shot 2018-06-12 at 9.04.56 PM.png_rottenbanana,2018-06-12 21:04:56,rottenbanana::block_5,4,4,rottenbanana,rottenbanana,0.9571214
train/rottenbanana/translation_Screen Shot 2018-06-12 at 9.04.47 PM.png,rottenbanana,Screen Shot 2018-06-12 at 9.04.47 PM.png,Screen Shot 2018-06-12 at 9.04.47 PM.png_rottenbanana,2018-06-12 21:04:47,rottenbanana::block_5,4,4,rottenbanana,rottenbanana,0.8394235
train/rottenbanana/Screen Shot 2018-06-12 at 9.04.56 PM.png,rottenbanana,Screen Shot 2018-06-12 at 9.04.56 PM.png,Screen Shot 2018-06-12 at 9.04.56 PM.png_rottenbanana,2018-06-12 21:04:56,rottenbanana::block_5,4,4,rottenbanana,rottenbanana,0.96686804
train/rottenbanana/rotated_by_15_Screen Shot 2018-06-12 at 9.05.08 PM.png,rottenbanana,Screen Shot 2018-06-12 at 9.05.08 PM.png,Screen Shot 2018-06-12 at 9.05.08 PM.png_rottenbanana,2018-06-12 21:05:08,rottenbanana::block_5,4,4,rottenbanana,rottenbanana,0.9974129
train/rottenbanana/rotated_by_45_Screen Shot 2018-06-12 at 9.05.08 PM.png,rottenbanana,Screen Shot 2018-06-12 at 9.05.08 PM.png,Screen Shot 2018-06-12 at 9.05.08 PM.png_rottenbanana,2018-06-12 21:05:08,rottenbanana::block_5,4,4,rottenbanana,rottenbanana,0.9981014
train/rottenbanana/rotated_by_60_Screen Shot 2018-06-12 at 9.04.56 PM.png,rottenbanana,Screen Shot 2018-06-12 at 9.04.56 PM.png,Screen Shot 2018-06-12 at 9.04.56 PM.png_rottenbanana,2018-06-12 21:04:56,rottenbanana::block_5,4,4,rottenbanana,rottenbanana,0.9470483
train/rottenbanana/rotated_by_15_Screen Shot 2018-06-12 at 9.04.56 PM.png,rottenbanana,Screen Shot 2018-06-12 at 9.04.56 PM.png,Screen Shot 2018-06-12 at 9.04.56 PM.png_rottenbanana,2018-06-12 21:04:56,rottenbanana::block_5,4,4,rottenbanana,rottenbanana,0.96122295
train/rottenbanana/rotated_by_60_Screen Shot 2018-06-12 at 9.04.47 PM.png,rottenbanana,Screen Shot 2018-06-12 at 9.04.47 PM.png,Screen Shot 2018-06-12 at 9.04.47 PM.png_rottenbanana,2018-06-12 21:04:47,rottenbanana::block_5,4,4,rottenbanana,rottenbanana,0.84234333
train/rottenbanana/rotated_by_45_Screen Shot 2018-06-12 at 9.04.47 PM.png,rottenbanana,Screen Shot 2018-06-12 at 9.04.47 PM.png,Screen Shot 2018-06-12 at 9.04.47 PM.png_rottenbanana,2018-06-12 21:04:47,rottenbanana::block_5,4,4,rottenbanana,rottenbanana,0.8549253
train/rottenbanana/saltandpepper_Screen Shot 2018-06-12 at 9.05.08 PM.png,rottenbanana,Screen Shot 2018-06-12 at 9.05.08 PM.png,Screen Shot 2018-06-12 at 9.05.08 PM.png_rottenbanana,2018-06-12 21:05:08,rottenbanana::block_5,4,4,rottenbanana,rottenbanana,0.9978618
train/rottenbanana/rotated_by_30_Screen Shot 2018-06-12 at 9.04.47 PM.png,rottenbanana,Screen Shot 2018-06-12 at 9.04.47 PM.png,Screen Shot 2018-06-12 at 9.04.47 PM.png_rottenbanana,2018-06-12 21:04:47,rottenbanana::block_5,4,4,rottenbanana,rottenbanana,0.8717261
train/rottenbanana/Screen Shot 2018-06-12 at 9.05.08 PM.png,rottenbanana,Screen Shot 2018-06-12 at 9.05.08 PM.png,Screen Shot 2018-06-12 at 9.05.08 PM.png_rottenbanana,2018-06-12 21:05:08,rottenbanana::block_5,4,4,rottenbanana,rottenbanana,0.9965411
train/rottenbanana/rotated_by_30_Screen Shot 2018-06-12 at 9.05.08 PM.png,rottenbanana,Screen Shot 2018-06-12 at 9.05.08 PM.png,Screen Shot 2018-06-12 at 9.05.08 PM.png_rottenbanana,2018-06-12 21:05:08,rottenbanana::block_5,4,4,rottenbanana,rottenbanana,0.99790096
train/rottenbanana/rotated_by_45_Screen Shot 2018-06-12 at 9.04.56 PM.png,rottenbanana,Screen Shot 2018-06-12 at 9.04.56 PM.png,Screen Shot 2018-06-12 at 9.04.56 PM.png_rottenbanana,2018-06-12 21:04:56,rottenbanana::block_5,4,4,rottenbanana,rottenbanana,0.94858956
train/rottenbanana/rotated_by_75_Screen Shot 2018-06-12 at 9.04.47 PM.png,rottenbanana,Screen Shot 2018-06-12 at 9.04.47 PM.png,Screen Shot 2018-06-12 at 9.04.47 PM.png_rottenbanana,2018-06-12 21:04:47,rottenbanana::block_5,4,4,rottenbanana,rottenbanana,0.8594195
train/rottenbanana/rotated_by_75_Screen Shot 2018-06-12 at 9.04.56 PM.png,rottenbanana,Screen Shot 2018-06-12 at 9.04.56 PM.png,Screen Shot 2018-06-12 at 9.04.56 PM.png_rottenbanana,2018-06-12 21:04:56,rottenbanana::block_5,4,4,rottenbanana,rottenbanana,0.93849087
train/rottenbanana/vertical_flip_Screen Shot 2018-06-12 at 9.04.56 PM.png,rottenbanana,Screen Shot 2018-06-12 at 9.04.56 PM.png,Screen Shot 2018-06-12 at 9.04.56 PM.png_rottenbanana,2018-06-12 21:04:56,rottenbanana::block_5,4,4,rottenbanana,rottenbanana,0.9618561
train/rottenbanana/saltandpepper_Screen Shot 2018-06-12 at 9.04.56 PM.png,rottenbanana,Screen Shot 2018-06-12 at 9.04.56 PM.png,Screen Shot 2018-06-12 at 9.04.56 PM.png_rottenbanana,2018-06-12 21:04:56,rottenbanana::block_5,4,4,rottenbanana,rottenbanana,0.9708546
train/rottenbanana/rotated_by_60_Screen Shot 2018-06-12 at 9.05.08 PM.png,rottenbanana,Screen Shot 2018-06-12 at 9.05.08 PM.png,Screen Shot 2018-06-12 at 9.05.08 PM.png_rottenbanana,2018-06-12 21:05:08,rottenbanana::block_5,4,4,rottenbanana,rottenbanana,0.9970673
train/rottenbanana/rotated_by_15_Screen Shot 2018-06-12 at 9.04.47 PM.png,rottenbanana,Screen Shot 2018-06-12 at 9.04.47 PM.png,Screen Shot 2018-06-12 at 9.04.47 PM.png_rottenbanana,2018-06-12 21:04:47,rottenbanana::block_5,4,4,rottenbanana,rottenbanana,0.9020242
train/rottenbanana/translation_Screen Shot 2018-06-12 at 9.04.56 PM.png,rottenbanana,Screen Shot 2018-06-12 at 9.04.56 PM.png,Screen Shot 2018-06-12 at 9.04.56 PM.png_rottenbanana,2018-06-12 21:04:56,rottenbanana::block_5,4,4,rottenbanana,rottenbanana,0.9439989
train/rottenbanana/translation_Screen Shot 2018-06-12 at 9.05.08 PM.png,rottenbanana,Screen Shot 2018-06-12 at 9.05.08 PM.png,Screen Shot 2018-06-12 at 9.05.08 PM.png_rottenbanana,2018-06-12 21:05:08,rottenbanana::block_5,4,4,rottenbanana,rottenbanana,0.9957711
test/freshapples/Screen Shot 2018-06-08 at 5.19.58 PM.png,freshapples,Screen Shot 2018-06-08 at 5.19.58 PM.png,Screen Shot 2018-06-08 at 5.19.58 PM.png_freshapples,2018-06-08 17:19:58,freshapples::block_5,0,0,freshapples,freshapples,0.72932035
test/freshbanana/rotated_by_30_Screen Shot 2018-06-12 at 10.00.00 PM.png,freshbanana,Screen Shot 2018-06-12 at 10.00.00 PM.png,Screen Shot 2018-06-12 at 10.00.00 PM.png_freshbanana,2018-06-12 22:00:00,freshbanana::block_6,1,1,freshbanana,freshbanana,0.97043496
test/freshbanana/saltandpepper_Screen Shot 2018-06-12 at 10.00.00 PM.png,freshbanana,Screen Shot 2018-06-12 at 10.00.00 PM.png,Screen Shot 2018-06-12 at 10.00.00 PM.png_freshbanana,2018-06-12 22:00:00,freshbanana::block_6,1,1,freshbanana,freshbanana,0.9768718
test/rottenapples/rotated_by_60_Screen Shot 2018-06-08 at 2.26.14 PM.png,rottenapples,Screen Shot 2018-06-08 at 2.26.14 PM.png,Screen Shot 2018-06-08 at 2.26.14 PM.png_rottenapples,2018-06-08 14:26:14,rottenapples::block_8,3,3,rottenapples,rottenapples,0.8763896
test/rottenapples/rotated_by_45_Screen Shot 2018-06-08 at 2.26.14 PM.png,rottenapples,Screen Shot 2018-06-08 at 2.26.14 PM.png,Screen Shot 2018-06-08 at 2.26.14 PM.png_rottenapples,2018-06-08 14:26:14,rottenapples::block_8,3,3,rottenapples,rottenapples,0.878382
test/rottenapples/Screen Shot 2018-06-08 at 2.26.09 PM.png,rottenapples,Screen Shot 2018-06-08 at 2.26.09 PM.png,Screen Shot 2018-06-08 at 2.26.09 PM.png_rottenapples,2018-06-08 14:26:09,rottenapples::block_8,3,3,rottenapples,rottenapples,0.8860289
test/rottenapples/vertical_flip_Screen Shot 2018-06-08 at 2.26.14 PM.png,rottenapples,Screen Shot 2018-06-08 at 2.26.14 PM.png,Screen Shot 2018-06-08 at 2.26.14 PM.png_rottenapples,2018-06-08 14:26:14,rottenapples::block_8,3,3,rottenapples,rottenapples,0.9032934
test/rottenapples/saltandpepper_Screen Shot 2018-06-08 at 2.26.14 PM.png,rottenapples,Screen Shot 2018-06-08 at 2.26.14 PM.png,Screen Shot 2018-06-08 at 2.26.14 PM.png_rottenapples,2018-06-08 14:26:14,rottenapples::block_8,3,3,rottenapples,rottenapples,0.934311
test/rottenapples/vertical_flip_Screen Shot 2018-06-08 at 2.26.09 PM.png,rottenapples,Screen Shot 2018-06-08 at 2.26.09 PM.png,Screen Shot 2018-06-08 at 2.26.09 PM.png_rottenapples,2018-06-08 14:26:09,rottenapples::block_8,3,3,rottenapples,rottenapples,0.88231623
test/rottenapples/rotated_by_75_Screen Shot 2018-06-08 at 2.26.14 PM.png,rottenapples,Screen Shot 2018-06-08 at 2.26.14 PM.png,Screen Shot 2018-06-08 at 2.26.14 PM.png_rottenapples,2018-06-08 14:26:14,rottenapples::block_8,3,3,rottenapples,rottenapples,0.8892103
test/rottenapples/rotated_by_15_Screen Shot 2018-06-08 at 2.30.31 PM.png,rottenapples,Screen Shot 2018-06-08 at 2.30.31 PM.png,Screen Shot 2018-06-08 at 2.30.31 PM.png_rottenapples,2018-06-08 14:30:31,rottenapples::block_8,3,3,rottenapples,rottenapples,0.8667998
test/rottenbanana/vertical_flip_Screen Shot 2018-06-12 at 9.05.08 PM.png,rottenbanana,Screen Shot 2018-06-12 at 9.05.08 PM.png,Screen Shot 2018-06-12 at 9.05.08 PM.png_rottenbanana,2018-06-12 21:05:08,rottenbanana::block_5,4,4,rottenbanana,rottenbanana,0.99661744
test/rottenbanana/saltandpepper_Screen Shot 2018-06-12 at 9.04.47 PM.png,rottenbanana,Screen Shot 2018-06-12 at 9.04.47 PM.png,Screen Shot 2018-06-12 at 9.04.47 PM.png_rottenbanana,2018-06-12 21:04:47,rottenbanana::block_5,4,4,rottenbanana,rottenbanana,0.9306581
test/rottenbanana/rotated_by_75_Screen Shot 2018-06-12 at 9.05.08 PM.png,rottenbanana,Screen Shot 2018-06-12 at 9.05.08 PM.png,Screen Shot 2018-06-12 at 9.05.08 PM.png_rottenbanana,2018-06-12 21:05:08,rottenbanana::block_5,4,4,rottenbanana,rottenbanana,0.992949
test/rottenbanana/vertical_flip_Screen Shot 2018-06-12 at 9.04.47 PM.png,rottenbanana,Screen Shot 2018-06-12 at 9.04.47 PM.png,Screen Shot 2018-06-12 at 9.04.47 PM.png_rottenbanana,2018-06-12 21:04:47,rottenbanana::block_5,4,4,rottenbanana,rottenbanana,0.91736865
test/rottenbanana/Screen Shot 2018-06-12 at 9.04.47 PM.png,rottenbanana,Screen Shot 2018-06-12 at 9.04.47 PM.png,Screen Shot 2018-06-12 at 9.04.47 PM.png_rottenbanana,2018-06-12 21:04:47,rottenbanana::block_5,4,4,rottenbanana,rottenbanana,0.9164434
train/freshapples/saltandpepper_Screen Shot 2018-06-08 at 5.19.28 PM.png,freshapples,Screen Shot 2018-06-08 at 5.19.28 PM.png,Screen Shot 2018-06-08 at 5.19.28 PM.png_freshapples,2018-06-08 17:19:28,freshapples::block_5,0,0,freshapples,freshapples,0.94344145
train/freshapples/Screen Shot 2018-06-08 at 5.19.28 PM.png,freshapples,Screen Shot 2018-06-08 at 5.19.28 PM.png,Screen Shot 2018-06-08 at 5.19.28 PM.png_freshapples,2018-06-08 17:19:28,freshapples::block_5,0,0,freshapples,freshapples,0.9704188
train/freshapples/rotated_by_75_Screen Shot 2018-06-08 at 5.19.28 PM.png,freshapples,Screen Shot 2018-06-08 at 5.19.28 PM.png,Screen Shot 2018-06-08 at 5.19.28 PM.png_freshapples,2018-06-08 17:19:28,freshapples::block_5,0,0,freshapples,freshapples,0.9610865
train/freshapples/rotated_by_45_Screen Shot 2018-06-08 at 5.19.28 PM.png,freshapples,Screen Shot 2018-06-08 at 5.19.28 PM.png,Screen Shot 2018-06-08 at 5.19.28 PM.png_freshapples,2018-06-08 17:19:28,freshapples::block_5,0,0,freshapples,freshapples,0.95633835
train/freshapples/rotated_by_15_Screen Shot 2018-06-08 at 5.19.28 PM.png,freshapples,Screen Shot 2018-06-08 at 5.19.28 PM.png,Screen Shot 2018-06-08 at 5.19.28 PM.png_freshapples,2018-06-08 17:19:28,freshapples::block_5,0,0,freshapples,freshapples,0.96339625
train/freshapples/rotated_by_60_Screen Shot 2018-06-08 at 5.19.28 PM.png,freshapples,Screen Shot 2018-06-08 at 5.19.28 PM.png,Screen Shot 2018-06-08 at 5.19.28 PM.png_freshapples,2018-06-08 17:19:28,freshapples::block_5,0,0,freshapples,freshapples,0.95636237
train/freshapples/vertical_flip_Screen Shot 2018-06-08 at 5.19.28 PM.png,freshapples,Screen Shot 2018-06-08 at 5.19.28 PM.png,Screen Shot 2018-06-08 at 5.19.28 PM.png_freshapples,2018-06-08 17:19:28,freshapples::block_5,0,0,freshapples,freshapples,0.967415
train/freshoranges/translation_Screen Shot 2018-06-13 at 12.20.25 AM.png,freshoranges,Screen Shot 2018-06-13 at 12.20.25 AM.png,Screen Shot 2018-06-13 at 12.20.25 AM.png_freshoranges,2018-06-13 00:20:25,freshoranges::block_8,2,0,freshoranges,freshapples,0.9473855
train/freshoranges/rotated_by_30_Screen Shot 2018-06-13 at 12.20.25 AM.png,freshoranges,Screen Shot 2018-06-13 at 12.20.25 AM.png,Screen Shot 2018-06-13 at 12.20.25 AM.png_freshoranges,2018-06-13 00:20:25,freshoranges::block_8,2,0,freshoranges,freshapples,0.8711931
train/freshoranges/Screen Shot 2018-06-13 at 12.20.25 AM.png,freshoranges,Screen Shot 2018-06-13 at 12.20.25 AM.png,Screen Shot 2018-06-13 at 12.20.25 AM.png_freshoranges,2018-06-13 00:20:25,freshoranges::block_8,2,0,freshoranges,freshapples,0.8876445
train/freshoranges/rotated_by_30_Screen Shot 2018-06-13 at 12.20.06 AM.png,freshoranges,Screen Shot 2018-06-13 at 12.20.06 AM.png,Screen Shot 2018-06-13 at 12.20.06 AM.png_freshoranges,2018-06-13 00:20:06,freshoranges::block_8,2,0,freshoranges,freshapples,0.98671716
train/freshoranges/rotated_by_75_Screen Shot 2018-06-13 at 12.20.06 AM.png,freshoranges,Screen Shot 2018-06-13 at 12.20.06 AM.png,Screen Shot 2018-06-13 at 12.20.06 AM.png_freshoranges,2018-06-13 00:20:06,freshoranges::block_8,2,0,freshoranges,freshapples,0.9865372
train/freshoranges/saltandpepper_Screen Shot 2018-06-13 at 12.20.06 AM.png,freshoranges,Screen Shot 2018-06-13 at 12.20.06 AM.png,Screen Shot 2018-06-13 at 12.20.06 AM.png_freshoranges,2018-06-13 00:20:06,freshoranges::block_8,2,0,freshoranges,freshapples,0.98291534
train/freshoranges/rotated_by_60_Screen Shot 2018-06-13 at 12.20.25 AM.png,freshoranges,Screen Shot 2018-06-13 at 12.20.25 AM.png,Screen Shot 2018-06-13 at 12.20.25 AM.png_freshoranges,2018-06-13 00:20:25,freshoranges::block_8,2,0,freshoranges,freshapples,0.8994378
train/freshoranges/saltandpepper_Screen Shot 2018-06-13 at 12.20.25 AM.png,freshoranges,Screen Shot 2018-06-13 at 12.20.25 AM.png,Screen Shot 2018-06-13 at 12.20.25 AM.png_freshoranges,2018-06-13 00:20:25,freshoranges::block_8,2,0,freshoranges,freshapples,0.82859737
train/freshoranges/translation_Screen Shot 2018-06-13 at 12.20.06 AM.png,freshoranges,Screen Shot 2018-06-13 at 12.20.06 AM.png,Screen Shot 2018-06-13 at 12.20.06 AM.png_freshoranges,2018-06-13 00:20:06,freshoranges::block_8,2,0,freshoranges,freshapples,0.991574
train/freshoranges/vertical_flip_Screen Shot 2018-06-13 at 12.20.25 AM.png,freshoranges,Screen Shot 2018-06-13 at 12.20.25 AM.png,Screen Shot 2018-06-13 at 12.20.25 AM.png_freshoranges,2018-06-13 00:20:25,freshoranges::block_8,2,0,freshoranges,freshapples,0.8730049
train/freshoranges/rotated_by_45_Screen Shot 2018-06-13 at 12.20.06 AM.png,freshoranges,Screen Shot 2018-06-13 at 12.20.06 AM.png,Screen Shot 2018-06-13 at 12.20.06 AM.png_freshoranges,2018-06-13 00:20:06,freshoranges::block_8,2,0,freshoranges,freshapples,0.9879204
train/freshoranges/rotated_by_45_Screen Shot 2018-06-13 at 12.20.25 AM.png,freshoranges,Screen Shot 2018-06-13 at 12.20.25 AM.png,Screen Shot 2018-06-13 at 12.20.25 AM.png_freshoranges,2018-06-13 00:20:25,freshoranges::block_8,2,0,freshoranges,freshapples,0.8924691
train/freshoranges/Screen Shot 2018-06-13 at 12.20.06 AM.png,freshoranges,Screen Shot 2018-06-13 at 12.20.06 AM.png,Screen Shot 2018-06-13 at 12.20.06 AM.png_freshoranges,2018-06-13 00:20:06,freshoranges::block_8,2,0,freshoranges,freshapples,0.9891644
train/freshoranges/rotated_by_15_Screen Shot 2018-06-13 at 12.20.25 AM.png,freshoranges,Screen Shot 2018-06-13 at 12.20.25 AM.png,Screen Shot 2018-06-13 at 12.20.25 AM.png_freshoranges,2018-06-13 00:20:25,freshoranges::block_8,2,0,freshoranges,freshapples,0.8610488
train/freshoranges/rotated_by_60_Screen Shot 2018-06-13 at 12.20.06 AM.png,freshoranges,Screen Shot 2018-06-13 at 12.20.06 AM.png,Screen Shot 2018-06-13 at 12.20.06 AM.png_freshoranges,2018-06-13 00:20:06,freshoranges::block_8,2,0,freshoranges,freshapples,0.987425
train/rottenapples/rotated_by_15_Screen Shot 2018-06-08 at 2.30.40 PM.png,rottenapples,Screen Shot 2018-06-08 at 2.30.40 PM.png,Screen Shot 2018-06-08 at 2.30.40 PM.png_rottenapples,2018-06-08 14:30:40,rottenapples::block_8,3,3,rottenapples,rottenapples,0.8996798
train/rottenapples/vertical_flip_Screen Shot 2018-06-08 at 2.30.40 PM.png,rottenapples,Screen Shot 2018-06-08 at 2.30.40 PM.png,Screen Shot 2018-06-08 at 2.30.40 PM.png_rottenapples,2018-06-08 14:30:40,rottenapples::block_8,3,3,rottenapples,rottenapples,0.894722
train/rottenapples/rotated_by_45_Screen Shot 2018-06-08 at 2.30.40 PM.png,rottenapples,Screen Shot 2018-06-08 at 2.30.40 PM.png,Screen Shot 2018-06-08 at 2.30.40 PM.png_rottenapples,2018-06-08 14:30:40,rottenapples::block_8,3,3,rottenapples,rottenapples,0.8650469
train/rottenapples/Screen Shot 2018-06-08 at 2.30.40 PM.png,rottenapples,Screen Shot 2018-06-08 at 2.30.40 PM.png,Screen Shot 2018-06-08 at 2.30.40 PM.png_rottenapples,2018-06-08 14:30:40,rottenapples::block_8,3,3,rottenapples,rottenapples,0.8921657
train/rottenapples/rotated_by_75_Screen Shot 2018-06-08 at 2.30.40 PM.png,rottenapples,Screen Shot 2018-06-08 at 2.30.40 PM.png,Screen Shot 2018-06-08 at 2.30.40 PM.png_rottenapples,2018-06-08 14:30:40,rottenapples::block_8,3,3,rottenapples,rottenapples,0.88747066
train/rottenapples/rotated_by_30_Screen Shot 2018-06-08 at 2.30.40 PM.png,rottenapples,Screen Shot 2018-06-08 at 2.30.40 PM.png,Screen Shot 2018-06-08 at 2.30.40 PM.png_rottenapples,2018-06-08 14:30:40,rottenapples::block_8,3,3,rottenapples,rottenapples,0.88046646
train/rottenapples/translation_Screen Shot 2018-06-08 at 2.30.40 PM.png,rottenapples,Screen Shot 2018-06-08 at 2.30.40 PM.png,Screen Shot 2018-06-08 at 2.30.40 PM.png_rottenapples,2018-06-08 14:30:40,rottenapples::block_8,3,3,rottenapples,rottenapples,0.79888874
train/rottenapples/rotated_by_60_Screen Shot 2018-06-08 at 2.30.40 PM.png,rottenapples,Screen Shot 2018-06-08 at 2.30.40 PM.png,Screen Shot 2018-06-08 at 2.30.40 PM.png_rottenapples,2018-06-08 14:30:40,rottenapples::block_8,3,3,rottenapples,rottenapples,0.876103
train/rottenapples/saltandpepper_Screen Shot 2018-06-08 at 2.30.40 PM.png,rottenapples,Screen Shot 2018-06-08 at 2.30.40 PM.png,Screen Shot 2018-06-08 at 2.30.40 PM.png_rottenapples,2018-06-08 14:30:40,rottenapples::block_8,3,3,rottenapples,rottenapples,0.9472701
train/rottenbanana/translation_Screen Shot 2018-06-12 at 9.04.41 PM.png,rottenbanana,Screen Shot 2018-06-12 at 9.04.41 PM.png,Screen Shot 2018-06-12 at 9.04.41 PM.png_rottenbanana,2018-06-12 21:04:41,rottenbanana::block_5,4,4,rottenbanana,rottenbanana,0.7770219
train/rottenbanana/Screen Shot 2018-06-12 at 9.05.02 PM.png,rottenbanana,Screen Shot 2018-06-12 at 9.05.02 PM.png,Screen Shot 2018-06-12 at 9.05.02 PM.png_rottenbanana,2018-06-12 21:05:02,rottenbanana::block_5,4,4,rottenbanana,rottenbanana,0.9263317
train/rottenbanana/rotated_by_75_Screen Shot 2018-06-12 at 9.04.41 PM.png,rottenbanana,Screen Shot 2018-06-12 at 9.04.41 PM.png,Screen Shot 2018-06-12 at 9.04.41 PM.png_rottenbanana,2018-06-12 21:04:41,rottenbanana::block_5,4,4,rottenbanana,rottenbanana,0.9121338
train/rottenbanana/rotated_by_30_Screen Shot 2018-06-12 at 9.04.41 PM.png,rottenbanana,Screen Shot 2018-06-12 at 9.04.41 PM.png,Screen Shot 2018-06-12 at 9.04.41 PM.png_rottenbanana,2018-06-12 21:04:41,rottenbanana::block_5,4,4,rottenbanana,rottenbanana,0.8846325
train/rottenbanana/saltandpepper_Screen Shot 2018-06-12 at 9.04.41 PM.png,rottenbanana,Screen Shot 2018-06-12 at 9.04.41 PM.png,Screen Shot 2018-06-12 at 9.04.41 PM.png_rottenbanana,2018-06-12 21:04:41,rottenbanana::block_5,4,4,rottenbanana,rottenbanana,0.7969653
train/rottenbanana/rotated_by_30_Screen Shot 2018-06-12 at 9.05.02 PM.png,rottenbanana,Screen Shot 2018-06-12 at 9.05.02 PM.png,Screen Shot 2018-06-12 at 9.05.02 PM.png_rottenbanana,2018-06-12 21:05:02,rottenbanana::block_5,4,4,rottenbanana,rottenbanana,0.9067586
train/rottenbanana/rotated_by_60_Screen Shot 2018-06-12 at 9.05.02 PM.png,rottenbanana,Screen Shot 2018-06-12 at 9.05.02 PM.png,Screen Shot 2018-06-12 at 9.05.02 PM.png_rottenbanana,2018-06-12 21:05:02,rottenbanana::block_5,4,4,rottenbanana,rottenbanana,0.8674327
train/rottenbanana/rotated_by_15_Screen Shot 2018-06-12 at 9.04.15 PM.png,rottenbanana,Screen Shot 2018-06-12 at 9.04.15 PM.png,Screen Shot 2018-06-12 at 9.04.15 PM.png_rottenbanana,2018-06-12 21:04:15,rottenbanana::block_5,4,4,rottenbanana,rottenbanana,0.98672485
train/rottenbanana/translation_Screen Shot 2018-06-12 at 9.04.15 PM.png,rottenbanana,Screen Shot 2018-06-12 at 9.04.15 PM.png,Screen Shot 2018-06-12 at 9.04.15 PM.png_rottenbanana,2018-06-12 21:04:15,rottenbanana::block_5,4,4,rottenbanana,rottenbanana,0.98154646
train/rottenbanana/rotated_by_45_Screen Shot 2018-06-12 at 9.05.02 PM.png,rottenbanana,Screen Shot 2018-06-12 at 9.05.02 PM.png,Screen Shot 2018-06-12 at 9.05.02 PM.png_rottenbanana,2018-06-12 21:05:02,rottenbanana::block_5,4,4,rottenbanana,rottenbanana,0.89001155
train/rottenbanana/vertical_flip_Screen Shot 2018-06-12 at 9.04.41 PM.png,rottenbanana,Screen Shot 2018-06-12 at 9.04.41 PM.png,Screen Shot 2018-06-12 at 9.04.41 PM.png_rottenbanana,2018-06-12 21:04:41,rottenbanana::block_5,4,4,rottenbanana,rottenbanana,0.84242237
train/rottenbanana/rotated_by_60_Screen Shot 2018-06-12 at 9.04.41 PM.png,rottenbanana,Screen Shot 2018-06-12 at 9.04.41 PM.png,Screen Shot 2018-06-12 at 9.04.41 PM.png_rottenbanana,2018-06-12 21:04:41,rottenbanana::block_5,4,4,rottenbanana,rottenbanana,0.9023711
train/rottenbanana/rotated_by_45_Screen Shot 2018-06-12 at 9.04.15 PM.png,rottenbanana,Screen Shot 2018-06-12 at 9.04.15 PM.png,Screen Shot 2018-06-12 at 9.04.15 PM.png_rottenbanana,2018-06-12 21:04:15,rottenbanana::block_5,4,4,rottenbanana,rottenbanana,0.989416
train/rottenbanana/rotated_by_75_Screen Shot 2018-06-12 at 9.05.02 PM.png,rottenbanana,Screen Shot 2018-06-12 at 9.05.02 PM.png,Screen Shot 2018-06-12 at 9.05.02 PM.png_rottenbanana,2018-06-12 21:05:02,rottenbanana::block_5,4,4,rottenbanana,rottenbanana,0.8650886
train/rottenbanana/translation_Screen Shot 2018-06-12 at 9.05.02 PM.png,rottenbanana,Screen Shot 2018-06-12 at 9.05.02 PM.png,Screen Shot 2018-06-12 at 9.05.02 PM.png_rottenbanana,2018-06-12 21:05:02,rottenbanana::block_5,4,4,rottenbanana,rottenbanana,0.8904257
train/rottenbanana/saltandpepper_Screen Shot 2018-06-12 at 9.04.15 PM.png,rottenbanana,Screen Shot 2018-06-12 at 9.04.15 PM.png,Screen Shot 2018-06-12 at 9.04.15 PM.png_rottenbanana,2018-06-12 21:04:15,rottenbanana::block_5,4,4,rottenbanana,rottenbanana,0.9896864
train/rottenbanana/vertical_flip_Screen Shot 2018-06-12 at 9.05.02 PM.png,rottenbanana,Screen Shot 2018-06-12 at 9.05.02 PM.png,Screen Shot 2018-06-12 at 9.05.02 PM.png_rottenbanana,2018-06-12 21:05:02,rottenbanana::block_5,4,4,rottenbanana,rottenbanana,0.91425085
train/rottenbanana/rotated_by_60_Screen Shot 2018-06-12 at 9.04.15 PM.png,rottenbanana,Screen Shot 2018-06-12 at 9.04.15 PM.png,Screen Shot 2018-06-12 at 9.04.15 PM.png_rottenbanana,2018-06-12 21:04:15,rottenbanana::block_5,4,4,rottenbanana,rottenbanana,0.99101806
train/rottenbanana/rotated_by_75_Screen Shot 2018-06-12 at 9.04.15 PM.png,rottenbanana,Screen Shot 2018-06-12 at 9.04.15 PM.png,Screen Shot 2018-06-12 at 9.04.15 PM.png_rottenbanana,2018-06-12 21:04:15,rottenbanana::block_5,4,4,rottenbanana,rottenbanana,0.9904903
test/freshapples/rotated_by_30_Screen Shot 2018-06-08 at 5.19.28 PM.png,freshapples,Screen Shot 2018-06-08 at 5.19.28 PM.png,Screen Shot 2018-06-08 at 5.19.28 PM.png_freshapples,2018-06-08 17:19:28,freshapples::block_5,0,0,freshapples,freshapples,0.95721793
test/freshapples/translation_Screen Shot 2018-06-08 at 5.19.28 PM.png,freshapples,Screen Shot 2018-06-08 at 5.19.28 PM.png,Screen Shot 2018-06-08 at 5.19.28 PM.png_freshapples,2018-06-08 17:19:28,freshapples::block_5,0,0,freshapples,freshapples,0.97294056
test/freshoranges/vertical_flip_Screen Shot 2018-06-13 at 12.20.06 AM.png,freshoranges,Screen Shot 2018-06-13 at 12.20.06 AM.png,Screen Shot 2018-06-13 at 12.20.06 AM.png_freshoranges,2018-06-13 00:20:06,freshoranges::block_8,2,0,freshoranges,freshapples,0.9896026
test/freshoranges/rotated_by_15_Screen Shot 2018-06-13 at 12.20.06 AM.png,freshoranges,Screen Shot 2018-06-13 at 12.20.06 AM.png,Screen Shot 2018-06-13 at 12.20.06 AM.png_freshoranges,2018-06-13 00:20:06,freshoranges::block_8,2,0,freshoranges,freshapples,0.9873323
test/freshoranges/rotated_by_75_Screen Shot 2018-06-13 at 12.20.25 AM.png,freshoranges,Screen Shot 2018-06-13 at 12.20.25 AM.png,Screen Shot 2018-06-13 at 12.20.25 AM.png_freshoranges,2018-06-13 00:20:25,freshoranges::block_8,2,0,freshoranges,freshapples,0.8921758
test/rottenbanana/Screen Shot 2018-06-12 at 9.04.15 PM.png,rottenbanana,Screen Shot 2018-06-12 at 9.04.15 PM.png,Screen Shot 2018-06-12 at 9.04.15 PM.png_rottenbanana,2018-06-12 21:04:15,rottenbanana::block_5,4,4,rottenbanana,rottenbanana,0.9848461
test/rottenbanana/rotated_by_45_Screen Shot 2018-06-12 at 9.04.41 PM.png,rottenbanana,Screen Shot 2018-06-12 at 9.04.41 PM.png,Screen Shot 2018-06-12 at 9.04.41 PM.png_rottenbanana,2018-06-12 21:04:41,rottenbanana::block_5,4,4,rottenbanana,rottenbanana,0.89127713
test/rottenbanana/vertical_flip_Screen Shot 2018-06-12 at 9.04.15 PM.png,rottenbanana,Screen Shot 2018-06-12 at 9.04.15 PM.png,Screen Shot 2018-06-12 at 9.04.15 PM.png_rottenbanana,2018-06-12 21:04:15,rottenbanana::block_5,4,4,rottenbanana,rottenbanana,0.97932386
test/rottenbanana/rotated_by_30_Screen Shot 2018-06-12 at 9.04.15 PM.png,rottenbanana,Screen Shot 2018-06-12 at 9.04.15 PM.png,Screen Shot 2018-06-12 at 9.04.15 PM.png_rottenbanana,2018-06-12 21:04:15,rottenbanana::block_5,4,4,rottenbanana,rottenbanana,0.98940784
test/rottenbanana/rotated_by_15_Screen Shot 2018-06-12 at 9.05.02 PM.png,rottenbanana,Screen Shot 2018-06-12 at 9.05.02 PM.png,Screen Shot 2018-06-12 at 9.05.02 PM.png_rottenbanana,2018-06-12 21:05:02,rottenbanana::block_5,4,4,rottenbanana,rottenbanana,0.9203569
test/rottenbanana/saltandpepper_Screen Shot 2018-06-12 at 9.05.02 PM.png,rottenbanana,Screen Shot 2018-06-12 at 9.05.02 PM.png,Screen Shot 2018-06-12 at 9.05.02 PM.png_rottenbanana,2018-06-12 21:05:02,rottenbanana::block_5,4,4,rottenbanana,rottenbanana,0.93672806
test/rottenbanana/rotated_by_15_Screen Shot 2018-06-12 at 9.04.41 PM.png,rottenbanana,Screen Shot 2018-06-12 at 9.04.41 PM.png,Screen Shot 2018-06-12 at 9.04.41 PM.png_rottenbanana,2018-06-12 21:04:41,rottenbanana::block_5,4,4,rottenbanana,rottenbanana,0.8420699
test/rottenbanana/Screen Shot 2018-06-12 at 9.04.41 PM.png,rottenbanana,Screen Shot 2018-06-12 at 9.04.41 PM.png,Screen Shot 2018-06-12 at 9.04.41 PM.png_rottenbanana,2018-06-12 21:04:41,rottenbanana::block_5,4,4,rottenbanana,rottenbanana,0.75661206
train/freshapples/vertical_flip_Screen Shot 2018-06-08 at 5.34.21 PM.png,freshapples,Screen Shot 2018-06-08 at 5.34.21 PM.png,Screen Shot 2018-06-08 at 5.34.21 PM.png_freshapples,2018-06-08 17:34:21,freshapples::block_9,0,0,freshapples,freshapples,0.9999999
train/freshapples/rotated_by_30_Screen Shot 2018-06-08 at 5.34.01 PM.png,freshapples,Screen Shot 2018-06-08 at 5.34.01 PM.png,Screen Shot 2018-06-08 at 5.34.01 PM.png_freshapples,2018-06-08 17:34:01,freshapples::block_9,0,0,freshapples,freshapples,0.99541485
train/freshapples/saltandpepper_Screen Shot 2018-06-08 at 5.34.21 PM.png,freshapples,Screen Shot 2018-06-08 at 5.34.21 PM.png,Screen Shot 2018-06-08 at 5.34.21 PM.png_freshapples,2018-06-08 17:34:21,freshapples::block_9,0,0,freshapples,freshapples,0.9999999
train/freshapples/rotated_by_75_Screen Shot 2018-06-08 at 5.34.21 PM.png,freshapples,Screen Shot 2018-06-08 at 5.34.21 PM.png,Screen Shot 2018-06-08 at 5.34.21 PM.png_freshapples,2018-06-08 17:34:21,freshapples::block_9,0,0,freshapples,freshapples,0.9999999
train/freshapples/saltandpepper_Screen Shot 2018-06-08 at 5.34.07 PM.png,freshapples,Screen Shot 2018-06-08 at 5.34.07 PM.png,Screen Shot 2018-06-08 at 5.34.07 PM.png_freshapples,2018-06-08 17:34:07,freshapples::block_9,0,0,freshapples,freshapples,0.9999788
train/freshapples/rotated_by_30_Screen Shot 2018-06-08 at 5.34.07 PM.png,freshapples,Screen Shot 2018-06-08 at 5.34.07 PM.png,Screen Shot 2018-06-08 at 5.34.07 PM.png_freshapples,2018-06-08 17:34:07,freshapples::block_9,0,0,freshapples,freshapples,0.9999635
train/freshapples/rotated_by_60_Screen Shot 2018-06-08 at 5.34.21 PM.png,freshapples,Screen Shot 2018-06-08 at 5.34.21 PM.png,Screen Shot 2018-06-08 at 5.34.21 PM.png_freshapples,2018-06-08 17:34:21,freshapples::block_9,0,0,freshapples,freshapples,0.9999999
train/freshapples/rotated_by_15_Screen Shot 2018-06-08 at 5.34.01 PM.png,freshapples,Screen Shot 2018-06-08 at 5.34.01 PM.png,Screen Shot 2018-06-08 at 5.34.01 PM.png_freshapples,2018-06-08 17:34:01,freshapples::block_9,0,0,freshapples,freshapples,0.9968079
train/freshapples/rotated_by_75_Screen Shot 2018-06-08 at 5.34.01 PM.png,freshapples,Screen Shot 2018-06-08 at 5.34.01 PM.png,Screen Shot 2018-06-08 at 5.34.01 PM.png_freshapples,2018-06-08 17:34:01,freshapples::block_9,0,0,freshapples,freshapples,0.9952927
train/freshapples/rotated_by_45_Screen Shot 2018-06-08 at 5.34.01 PM.png,freshapples,Screen Shot 2018-06-08 at 5.34.01 PM.png,Screen Shot 2018-06-08 at 5.34.01 PM.png_freshapples,2018-06-08 17:34:01,freshapples::block_9,0,0,freshapples,freshapples,0.9945208
train/freshapples/Screen Shot 2018-06-08 at 5.34.21 PM.png,freshapples,Screen Shot 2018-06-08 at 5.34.21 PM.png,Screen Shot 2018-06-08 at 5.34.21 PM.png_freshapples,2018-06-08 17:34:21,freshapples::block_9,0,0,freshapples,freshapples,0.9999999
train/freshapples/Screen Shot 2018-06-08 at 5.34.01 PM.png,freshapples,Screen Shot 2018-06-08 at 5.34.01 PM.png,Screen Shot 2018-06-08 at 5.34.01 PM.png_freshapples,2018-06-08 17:34:01,freshapples::block_9,0,0,freshapples,freshapples,0.99707055
train/freshapples/rotated_by_30_Screen Shot 2018-06-08 at 5.34.21 PM.png,freshapples,Screen Shot 2018-06-08 at 5.34.21 PM.png,Screen Shot 2018-06-08 at 5.34.21 PM.png_freshapples,2018-06-08 17:34:21,freshapples::block_9,0,0,freshapples,freshapples,0.99999976
train/freshapples/rotated_by_60_Screen Shot 2018-06-08 at 5.34.01 PM.png,freshapples,Screen Shot 2018-06-08 at 5.34.01 PM.png,Screen Shot 2018-06-08 at 5.34.01 PM.png_freshapples,2018-06-08 17:34:01,freshapples::block_9,0,0,freshapples,freshapples,0.99378175
train/freshapples/rotated_by_15_Screen Shot 2018-06-08 at 5.34.07 PM.png,freshapples,Screen Shot 2018-06-08 at 5.34.07 PM.png,Screen Shot 2018-06-08 at 5.34.07 PM.png_freshapples,2018-06-08 17:34:07,freshapples::block_9,0,0,freshapples,freshapples,0.9999707
train/freshapples/rotated_by_45_Screen Shot 2018-06-08 at 5.34.07 PM.png,freshapples,Screen Shot 2018-06-08 at 5.34.07 PM.png,Screen Shot 2018-06-08 at 5.34.07 PM.png_freshapples,2018-06-08 17:34:07,freshapples::block_9,0,0,freshapples,freshapples,0.99996483
train/freshapples/rotated_by_75_Screen Shot 2018-06-08 at 5.34.07 PM.png,freshapples,Screen Shot 2018-06-08 at 5.34.07 PM.png,Screen Shot 2018-06-08 at 5.34.07 PM.png_freshapples,2018-06-08 17:34:07,freshapples::block_9,0,0,freshapples,freshapples,0.99996924
train/freshapples/rotated_by_15_Screen Shot 2018-06-08 at 5.34.21 PM.png,freshapples,Screen Shot 2018-06-08 at 5.34.21 PM.png,Screen Shot 2018-06-08 at 5.34.21 PM.png_freshapples,2018-06-08 17:34:21,freshapples::block_9,0,0,freshapples,freshapples,0.9999999
train/freshapples/translation_Screen Shot 2018-06-08 at 5.34.07 PM.png,freshapples,Screen Shot 2018-06-08 at 5.34.07 PM.png,Screen Shot 2018-06-08 at 5.34.07 PM.png_freshapples,2018-06-08 17:34:07,freshapples::block_9,0,0,freshapples,freshapples,0.99997103
train/freshapples/vertical_flip_Screen Shot 2018-06-08 at 5.34.01 PM.png,freshapples,Screen Shot 2018-06-08 at 5.34.01 PM.png,Screen Shot 2018-06-08 at 5.34.01 PM.png_freshapples,2018-06-08 17:34:01,freshapples::block_9,0,0,freshapples,freshapples,0.9955557
train/freshapples/vertical_flip_Screen Shot 2018-06-08 at 5.34.07 PM.png,freshapples,Screen Shot 2018-06-08 at 5.34.07 PM.png,Screen Shot 2018-06-08 at 5.34.07 PM.png_freshapples,2018-06-08 17:34:07,freshapples::block_9,0,0,freshapples,freshapples,0.99997723
train/freshapples/translation_Screen Shot 2018-06-08 at 5.34.01 PM.png,freshapples,Screen Shot 2018-06-08 at 5.34.01 PM.png,Screen Shot 2018-06-08 at 5.34.01 PM.png_freshapples,2018-06-08 17:34:01,freshapples::block_9,0,0,freshapples,freshapples,0.99828726
train/freshapples/translation_Screen Shot 2018-06-08 at 5.34.21 PM.png,freshapples,Screen Shot 2018-06-08 at 5.34.21 PM.png,Screen Shot 2018-06-08 at 5.34.21 PM.png_freshapples,2018-06-08 17:34:21,freshapples::block_9,0,0,freshapples,freshapples,0.99999976
train/freshbanana/translation_Screen Shot 2018-06-12 at 9.57.58 PM.png,freshbanana,Screen Shot 2018-06-12 at 9.57.58 PM.png,Screen Shot 2018-06-12 at 9.57.58 PM.png_freshbanana,2018-06-12 21:57:58,freshbanana::block_6,1,1,freshbanana,freshbanana,0.6535255
train/freshbanana/Screen Shot 2018-06-12 at 9.59.35 PM.png,freshbanana,Screen Shot 2018-06-12 at 9.59.35 PM.png,Screen Shot 2018-06-12 at 9.59.35 PM.png_freshbanana,2018-06-12 21:59:35,freshbanana::block_6,1,1,freshbanana,freshbanana,0.9861912
train/freshbanana/saltandpepper_Screen Shot 2018-06-12 at 9.57.42 PM.png,freshbanana,Screen Shot 2018-06-12 at 9.57.42 PM.png,Screen Shot 2018-06-12 at 9.57.42 PM.png_freshbanana,2018-06-12 21:57:42,freshbanana::block_6,1,1,freshbanana,freshbanana,0.9935829
train/freshbanana/Screen Shot 2018-06-12 at 9.59.02 PM.png,freshbanana,Screen Shot 2018-06-12 at 9.59.02 PM.png,Screen Shot 2018-06-12 at 9.59.02 PM.png_freshbanana,2018-06-12 21:59:02,freshbanana::block_6,1,1,freshbanana,freshbanana,0.98311347
train/freshbanana/translation_Screen Shot 2018-06-12 at 9.57.42 PM.png,freshbanana,Screen Shot 2018-06-12 at 9.57.42 PM.png,Screen Shot 2018-06-12 at 9.57.42 PM.png_freshbanana,2018-06-12 21:57:42,freshbanana::block_6,1,1,freshbanana,freshbanana,0.9766183
train/freshbanana/rotated_by_30_Screen Shot 2018-06-12 at 9.56.56 PM.png,freshbanana,Screen Shot 2018-06-12 at 9.56.56 PM.png,Screen Shot 2018-06-12 at 9.56.56 PM.png_freshbanana,2018-06-12 21:56:56,freshbanana::block_6,1,1,freshbanana,freshbanana,0.954506
train/freshbanana/rotated_by_45_Screen Shot 2018-06-12 at 9.59.28 PM.png,freshbanana,Screen Shot 2018-06-12 at 9.59.28 PM.png,Screen Shot 2018-06-12 at 9.59.28 PM.png_freshbanana,2018-06-12 21:59:28,freshbanana::block_6,1,1,freshbanana,freshbanana,0.88771874
train/freshbanana/vertical_flip_Screen Shot 2018-06-12 at 9.57.02 PM.png,freshbanana,Screen Shot 2018-06-12 at 9.57.02 PM.png,Screen Shot 2018-06-12 at 9.57.02 PM.png_freshbanana,2018-06-12 21:57:02,freshbanana::block_6,1,1,freshbanana,freshbanana,0.9801838
train/freshbanana/Screen Shot 2018-06-12 at 9.57.58 PM.png,freshbanana,Screen Shot 2018-06-12 at 9.57.58 PM.png,Screen Shot 2018-06-12 at 9.57.58 PM.png_freshbanana,2018-06-12 21:57:58,freshbanana::block_6,1,1,freshbanana,freshbanana,0.699578
train/freshbanana/translation_Screen Shot 2018-06-12 at 9.59.41 PM.png,freshbanana,Screen Shot 2018-06-12 at 9.59.41 PM.png,Screen Shot 2018-06-12 at 9.59.41 PM.png_freshbanana,2018-06-12 21:59:41,freshbanana::block_6,1,1,freshbanana,freshbanana,0.89959836
train/freshbanana/Screen Shot 2018-06-12 at 9.59.17 PM.png,freshbanana,Screen Shot 2018-06-12 at 9.59.17 PM.png,Screen Shot 2018-06-12 at 9.59.17 PM.png_freshbanana,2018-06-12 21:59:17,freshbanana::block_6,1,1,freshbanana,freshbanana,0.975582
train/freshbanana/rotated_by_60_Screen Shot 2018-06-12 at 9.57.02 PM.png,freshbanana,Screen Shot 2018-06-12 at 9.57.02 PM.png,Screen Shot 2018-06-12 at 9.57.02 PM.png_freshbanana,2018-06-12 21:57:02,freshbanana::block_6,1,1,freshbanana,freshbanana,0.92947626
train/freshbanana/rotated_by_30_Screen Shot 2018-06-12 at 9.59.12 PM.png,freshbanana,Screen Shot 2018-06-12 at 9.59.12 PM.png,Screen Shot 2018-06-12 at 9.59.12 PM.png_freshbanana,2018-06-12 21:59:12,freshbanana::block_6,1,1,freshbanana,freshbanana,0.6654792
train/freshbanana/rotated_by_30_Screen Shot 2018-06-12 at 9.57.17 PM.png,freshbanana,Screen Shot 2018-06-12 at 9.57.17 PM.png,Screen Shot 2018-06-12 at 9.57.17 PM.png_freshbanana,2018-06-12 21:57:17,freshbanana::block_6,1,1,freshbanana,freshbanana,0.9831085
train/freshbanana/saltandpepper_Screen Shot 2018-06-12 at 9.57.58 PM.png,freshbanana,Screen Shot 2018-06-12 at 9.57.58 PM.png,Screen Shot 2018-06-12 at 9.57.58 PM.png_freshbanana,2018-06-12 21:57:58,freshbanana::block_6,1,1,freshbanana,freshbanana,0.69182056
train/freshbanana/saltandpepper_Screen Shot 2018-06-12 at 9.59.12 PM.png,freshbanana,Screen Shot 2018-06-12 at 9.59.12 PM.png,Screen Shot 2018-06-12 at 9.59.12 PM.png_freshbanana,2018-06-12 21:59:12,freshbanana::block_6,1,1,freshbanana,freshbanana,0.71835005
train/freshbanana/rotated_by_60_Screen Shot 2018-06-12 at 9.57.58 PM.png,freshbanana,Screen Shot 2018-06-12 at 9.57.58 PM.png,Screen Shot 2018-06-12 at 9.57.58 PM.png_freshbanana,2018-06-12 21:57:58,freshbanana::block_6,1,1,freshbanana,freshbanana,0.88550645
train/freshbanana/rotated_by_60_Screen Shot 2018-06-12 at 9.59.17 PM.png,freshbanana,Screen Shot 2018-06-12 at 9.59.17 PM.png,Screen Shot 2018-06-12 at 9.59.17 PM.png_freshbanana,2018-06-12 21:59:17,freshbanana::block_6,1,1,freshbanana,freshbanana,0.9558547
train/freshbanana/rotated_by_75_Screen Shot 2018-06-12 at 9.59.12 PM.png,freshbanana,Screen Shot 2018-06-12 at 9.59.12 PM.png,Screen Shot 2018-06-12 at 9.59.12 PM.png_freshbanana,2018-06-12 21:59:12,freshbanana::block_6,1,1,freshbanana,freshbanana,0.75509655
train/freshbanana/saltandpepper_Screen Shot 2018-06-12 at 9.57.17 PM.png,freshbanana,Screen Shot 2018-06-12 at 9.57.17 PM.png,Screen Shot 2018-06-12 at 9.57.17 PM.png_freshbanana,2018-06-12 21:57:17,freshbanana::block_6,1,1,freshbanana,freshbanana,0.9828232
train/freshbanana/rotated_by_75_Screen Shot 2018-06-12 at 9.56.56 PM.png,freshbanana,Screen Shot 2018-06-12 at 9.56.56 PM.png,Screen Shot 2018-06-12 at 9.56.56 PM.png_freshbanana,2018-06-12 21:56:56,freshbanana::block_6,1,1,freshbanana,freshbanana,0.9563136
train/freshbanana/translation_Screen Shot 2018-06-12 at 9.56.56 PM.png,freshbanana,Screen Shot 2018-06-12 at 9.56.56 PM.png,Screen Shot 2018-06-12 at 9.56.56 PM.png_freshbanana,2018-06-12 21:56:56,freshbanana::block_6,1,1,freshbanana,freshbanana,0.96282566
train/freshbanana/rotated_by_60_Screen Shot 2018-06-12 at 9.57.17 PM.png,freshbanana,Screen Shot 2018-06-12 at 9.57.17 PM.png,Screen Shot 2018-06-12 at 9.57.17 PM.png_freshbanana,2018-06-12 21:57:17,freshbanana::block_6,1,1,freshbanana,freshbanana,0.9911761
train/freshbanana/rotated_by_30_Screen Shot 2018-06-12 at 9.59.02 PM.png,freshbanana,Screen Shot 2018-06-12 at 9.59.02 PM.png,Screen Shot 2018-06-12 at 9.59.02 PM.png_freshbanana,2018-06-12 21:59:02,freshbanana::block_6,1,1,freshbanana,freshbanana,0.9714049
train/freshbanana/Screen Shot 2018-06-12 at 9.59.28 PM.png,freshbanana,Screen Shot 2018-06-12 at 9.59.28 PM.png,Screen Shot 2018-06-12 at 9.59.28 PM.png_freshbanana,2018-06-12 21:59:28,freshbanana::block_6,1,1,freshbanana,freshbanana,0.80424774
train/freshbanana/rotated_by_30_Screen Shot 2018-06-12 at 9.57.58 PM.png,freshbanana,Screen Shot 2018-06-12 at 9.57.58 PM.png,Screen Shot 2018-06-12 at 9.57.58 PM.png_freshbanana,2018-06-12 21:57:58,freshbanana::block_6,1,1,freshbanana,freshbanana,0.82836354
train/freshbanana/vertical_flip_Screen Shot 2018-06-12 at 9.59.28 PM.png,freshbanana,Screen Shot 2018-06-12 at 9.59.28 PM.png,Screen Shot 2018-06-12 at 9.59.28 PM.png_freshbanana,2018-06-12 21:59:28,freshbanana::block_6,1,1,freshbanana,freshbanana,0.8020088
train/freshbanana/rotated_by_15_Screen Shot 2018-06-12 at 9.57.42 PM.png,freshbanana,Screen Shot 2018-06-12 at 9.57.42 PM.png,Screen Shot 2018-06-12 at 9.57.42 PM.png_freshbanana,2018-06-12 21:57:42,freshbanana::block_6,1,1,freshbanana,freshbanana,0.9904525
train/freshbanana/rotated_by_75_Screen Shot 2018-06-12 at 9.57.58 PM.png,freshbanana,Screen Shot 2018-06-12 at 9.57.58 PM.png,Screen Shot 2018-06-12 at 9.57.58 PM.png_freshbanana,2018-06-12 21:57:58,freshbanana::block_6,1,1,freshbanana,freshbanana,0.8514855
train/freshbanana/vertical_flip_Screen Shot 2018-06-12 at 9.57.58 PM.png,freshbanana,Screen Shot 2018-06-12 at 9.57.58 PM.png,Screen Shot 2018-06-12 at 9.57.58 PM.png_freshbanana,2018-06-12 21:57:58,freshbanana::block_6,1,1,freshbanana,freshbanana,0.7058995
train/freshbanana/saltandpepper_Screen Shot 2018-06-12 at 9.57.02 PM.png,freshbanana,Screen Shot 2018-06-12 at 9.57.02 PM.png,Screen Shot 2018-06-12 at 9.57.02 PM.png_freshbanana,2018-06-12 21:57:02,freshbanana::block_6,1,1,freshbanana,freshbanana,0.98193043
train/freshbanana/rotated_by_45_Screen Shot 2018-06-12 at 9.59.12 PM.png,freshbanana,Screen Shot 2018-06-12 at 9.59.12 PM.png,Screen Shot 2018-06-12 at 9.59.12 PM.png_freshbanana,2018-06-12 21:59:12,freshbanana::block_6,1,1,freshbanana,freshbanana,0.69727284
train/freshbanana/saltandpepper_Screen Shot 2018-06-12 at 9.59.17 PM.png,freshbanana,Screen Shot 2018-06-12 at 9.59.17 PM.png,Screen Shot 2018-06-12 at 9.59.17 PM.png_freshbanana,2018-06-12 21:59:17,freshbanana::block_6,1,1,freshbanana,freshbanana,0.97707933
train/freshbanana/translation_Screen Shot 2018-06-12 at 9.57.02 PM.png,freshbanana,Screen Shot 2018-06-12 at 9.57.02 PM.png,Screen Shot 2018-06-12 at 9.57.02 PM.png_freshbanana,2018-06-12 21:57:02,freshbanana::block_6,1,1,freshbanana,freshbanana,0.9349849
train/freshbanana/rotated_by_45_Screen Shot 2018-06-12 at 9.57.58 PM.png,freshbanana,Screen Shot 2018-06-12 at 9.57.58 PM.png,Screen Shot 2018-06-12 at 9.57.58 PM.png_freshbanana,2018-06-12 21:57:58,freshbanana::block_6,1,1,freshbanana,freshbanana,0.8944006
train/freshbanana/rotated_by_15_Screen Shot 2018-06-12 at 9.57.02 PM.png,freshbanana,Screen Shot 2018-06-12 at 9.57.02 PM.png,Screen Shot 2018-06-12 at 9.57.02 PM.png_freshbanana,2018-06-12 21:57:02,freshbanana::block_6,1,1,freshbanana,freshbanana,0.9669102
train/freshbanana/rotated_by_15_Screen Shot 2018-06-12 at 9.56.56 PM.png,freshbanana,Screen Shot 2018-06-12 at 9.56.56 PM.png,Screen Shot 2018-06-12 at 9.56.56 PM.png_freshbanana,2018-06-12 21:56:56,freshbanana::block_6,1,1,freshbanana,freshbanana,0.97210354
train/freshbanana/rotated_by_30_Screen Shot 2018-06-12 at 9.57.42 PM.png,freshbanana,Screen Shot 2018-06-12 at 9.57.42 PM.png,Screen Shot 2018-06-12 at 9.57.42 PM.png_freshbanana,2018-06-12 21:57:42,freshbanana::block_6,1,1,freshbanana,freshbanana,0.99186194
train/freshbanana/Screen Shot 2018-06-12 at 9.56.56 PM.png,freshbanana,Screen Shot 2018-06-12 at 9.56.56 PM.png,Screen Shot 2018-06-12 at 9.56.56 PM.png_freshbanana,2018-06-12 21:56:56,freshbanana::block_6,1,1,freshbanana,freshbanana,0.984516
train/freshbanana/rotated_by_60_Screen Shot 2018-06-12 at 9.59.41 PM.png,freshbanana,Screen Shot 2018-06-12 at 9.59.41 PM.png,Screen Shot 2018-06-12 at 9.59.41 PM.png_freshbanana,2018-06-12 21:59:41,freshbanana::block_6,1,1,freshbanana,freshbanana,0.89387137
train/freshbanana/saltandpepper_Screen Shot 2018-06-12 at 9.56.56 PM.png,freshbanana,Screen Shot 2018-06-12 at 9.56.56 PM.png,Screen Shot 2018-06-12 at 9.56.56 PM.png_freshbanana,2018-06-12 21:56:56,freshbanana::block_6,1,1,freshbanana,freshbanana,0.98515165
train/freshbanana/translation_Screen Shot 2018-06-12 at 9.59.35 PM.png,freshbanana,Screen Shot 2018-06-12 at 9.59.35 PM.png,Screen Shot 2018-06-12 at 9.59.35 PM.png_freshbanana,2018-06-12 21:59:35,freshbanana::block_6,1,1,freshbanana,freshbanana,0.96034384
train/freshbanana/rotated_by_75_Screen Shot 2018-06-12 at 9.59.17 PM.png,freshbanana,Screen Shot 2018-06-12 at 9.59.17 PM.png,Screen Shot 2018-06-12 at 9.59.17 PM.png_freshbanana,2018-06-12 21:59:17,freshbanana::block_6,1,1,freshbanana,freshbanana,0.9341525
train/freshbanana/rotated_by_60_Screen Shot 2018-06-12 at 9.59.28 PM.png,freshbanana,Screen Shot 2018-06-12 at 9.59.28 PM.png,Screen Shot 2018-06-12 at 9.59.28 PM.png_freshbanana,2018-06-12 21:59:28,freshbanana::block_6,1,1,freshbanana,freshbanana,0.91946197
train/freshbanana/rotated_by_45_Screen Shot 2018-06-12 at 9.57.17 PM.png,freshbanana,Screen Shot 2018-06-12 at 9.57.17 PM.png,Screen Shot 2018-06-12 at 9.57.17 PM.png_freshbanana,2018-06-12 21:57:17,freshbanana::block_6,1,1,freshbanana,freshbanana,0.9853308
train/freshbanana/Screen Shot 2018-06-12 at 9.57.02 PM.png,freshbanana,Screen Shot 2018-06-12 at 9.57.02 PM.png,Screen Shot 2018-06-12 at 9.57.02 PM.png_freshbanana,2018-06-12 21:57:02,freshbanana::block_6,1,1,freshbanana,freshbanana,0.9806175
train/freshbanana/vertical_flip_Screen Shot 2018-06-12 at 9.59.17 PM.png,freshbanana,Screen Shot 2018-06-12 at 9.59.17 PM.png,Screen Shot 2018-06-12 at 9.59.17 PM.png_freshbanana,2018-06-12 21:59:17,freshbanana::block_6,1,1,freshbanana,freshbanana,0.9749211
train/freshbanana/rotated_by_45_Screen Shot 2018-06-12 at 9.59.35 PM.png,freshbanana,Screen Shot 2018-06-12 at 9.59.35 PM.png,Screen Shot 2018-06-12 at 9.59.35 PM.png_freshbanana,2018-06-12 21:59:35,freshbanana::block_6,1,1,freshbanana,freshbanana,0.9303486
train/freshbanana/translation_Screen Shot 2018-06-12 at 9.59.02 PM.png,freshbanana,Screen Shot 2018-06-12 at 9.59.02 PM.png,Screen Shot 2018-06-12 at 9.59.02 PM.png_freshbanana,2018-06-12 21:59:02,freshbanana::block_6,1,1,freshbanana,freshbanana,0.9556258
train/freshbanana/rotated_by_60_Screen Shot 2018-06-12 at 9.59.02 PM.png,freshbanana,Screen Shot 2018-06-12 at 9.59.02 PM.png,Screen Shot 2018-06-12 at 9.59.02 PM.png_freshbanana,2018-06-12 21:59:02,freshbanana::block_6,1,1,freshbanana,freshbanana,0.9751975
train/freshbanana/rotated_by_15_Screen Shot 2018-06-12 at 9.57.58 PM.png,freshbanana,Screen Shot 2018-06-12 at 9.57.58 PM.png,Screen Shot 2018-06-12 at 9.57.58 PM.png_freshbanana,2018-06-12 21:57:58,freshbanana::block_6,1,1,freshbanana,freshbanana,0.7501641
train/freshbanana/translation_Screen Shot 2018-06-12 at 9.57.17 PM.png,freshbanana,Screen Shot 2018-06-12 at 9.57.17 PM.png,Screen Shot 2018-06-12 at 9.57.17 PM.png_freshbanana,2018-06-12 21:57:17,freshbanana::block_6,1,1,freshbanana,freshbanana,0.96803
train/freshbanana/translation_Screen Shot 2018-06-12 at 9.59.17 PM.png,freshbanana,Screen Shot 2018-06-12 at 9.59.17 PM.png,Screen Shot 2018-06-12 at 9.59.17 PM.png_freshbanana,2018-06-12 21:59:17,freshbanana::block_6,1,1,freshbanana,freshbanana,0.9516951
train/freshbanana/rotated_by_75_Screen Shot 2018-06-12 at 9.57.42 PM.png,freshbanana,Screen Shot 2018-06-12 at 9.57.42 PM.png,Screen Shot 2018-06-12 at 9.57.42 PM.png_freshbanana,2018-06-12 21:57:42,freshbanana::block_6,1,1,freshbanana,freshbanana,0.99385506
train/freshbanana/rotated_by_45_Screen Shot 2018-06-12 at 9.59.02 PM.png,freshbanana,Screen Shot 2018-06-12 at 9.59.02 PM.png,Screen Shot 2018-06-12 at 9.59.02 PM.png_freshbanana,2018-06-12 21:59:02,freshbanana::block_6,1,1,freshbanana,freshbanana,0.971078
train/freshbanana/vertical_flip_Screen Shot 2018-06-12 at 9.59.12 PM.png,freshbanana,Screen Shot 2018-06-12 at 9.59.12 PM.png,Screen Shot 2018-06-12 at 9.59.12 PM.png_freshbanana,2018-06-12 21:59:12,freshbanana::block_6,1,1,freshbanana,freshbanana,0.72610503
train/freshbanana/rotated_by_60_Screen Shot 2018-06-12 at 9.59.12 PM.png,freshbanana,Screen Shot 2018-06-12 at 9.59.12 PM.png,Screen Shot 2018-06-12 at 9.59.12 PM.png_freshbanana,2018-06-12 21:59:12,freshbanana::block_6,1,1,freshbanana,freshbanana,0.75991935
train/freshbanana/rotated_by_15_Screen Shot 2018-06-12 at 9.59.41 PM.png,freshbanana,Screen Shot 2018-06-12 at 9.59.41 PM.png,Screen Shot 2018-06-12 at 9.59.41 PM.png_freshbanana,2018-06-12 21:59:41,freshbanana::block_6,1,1,freshbanana,freshbanana,0.9253523
train/freshbanana/saltandpepper_Screen Shot 2018-06-12 at 9.59.35 PM.png,freshbanana,Screen Shot 2018-06-12 at 9.59.35 PM.png,Screen Shot 2018-06-12 at 9.59.35 PM.png_freshbanana,2018-06-12 21:59:35,freshbanana::block_6,1,1,freshbanana,freshbanana,0.98653966
train/freshbanana/vertical_flip_Screen Shot 2018-06-12 at 9.57.17 PM.png,freshbanana,Screen Shot 2018-06-12 at 9.57.17 PM.png,Screen Shot 2018-06-12 at 9.57.17 PM.png_freshbanana,2018-06-12 21:57:17,freshbanana::block_6,1,1,freshbanana,freshbanana,0.9820323
train/freshbanana/rotated_by_75_Screen Shot 2018-06-12 at 9.59.35 PM.png,freshbanana,Screen Shot 2018-06-12 at 9.59.35 PM.png,Screen Shot 2018-06-12 at 9.59.35 PM.png_freshbanana,2018-06-12 21:59:35,freshbanana::block_6,1,1,freshbanana,freshbanana,0.953604
train/freshbanana/rotated_by_30_Screen Shot 2018-06-12 at 9.59.17 PM.png,freshbanana,Screen Shot 2018-06-12 at 9.59.17 PM.png,Screen Shot 2018-06-12 at 9.59.17 PM.png_freshbanana,2018-06-12 21:59:17,freshbanana::block_6,1,1,freshbanana,freshbanana,0.9785793
train/freshbanana/vertical_flip_Screen Shot 2018-06-12 at 9.59.02 PM.png,freshbanana,Screen Shot 2018-06-12 at 9.59.02 PM.png,Screen Shot 2018-06-12 at 9.59.02 PM.png_freshbanana,2018-06-12 21:59:02,freshbanana::block_6,1,1,freshbanana,freshbanana,0.9824773
train/freshbanana/translation_Screen Shot 2018-06-12 at 9.59.28 PM.png,freshbanana,Screen Shot 2018-06-12 at 9.59.28 PM.png,Screen Shot 2018-06-12 at 9.59.28 PM.png_freshbanana,2018-06-12 21:59:28,freshbanana::block_6,1,1,freshbanana,freshbanana,0.7977102
train/freshbanana/rotated_by_45_Screen Shot 2018-06-12 at 9.57.02 PM.png,freshbanana,Screen Shot 2018-06-12 at 9.57.02 PM.png,Screen Shot 2018-06-12 at 9.57.02 PM.png_freshbanana,2018-06-12 21:57:02,freshbanana::block_6,1,1,freshbanana,freshbanana,0.93246645
train/freshbanana/rotated_by_45_Screen Shot 2018-06-12 at 9.56.56 PM.png,freshbanana,Screen Shot 2018-06-12 at 9.56.56 PM.png,Screen Shot 2018-06-12 at 9.56.56 PM.png_freshbanana,2018-06-12 21:56:56,freshbanana::block_6,1,1,freshbanana,freshbanana,0.93861765
train/freshbanana/saltandpepper_Screen Shot 2018-06-12 at 9.59.41 PM.png,freshbanana,Screen Shot 2018-06-12 at 9.59.41 PM.png,Screen Shot 2018-06-12 at 9.59.41 PM.png_freshbanana,2018-06-12 21:59:41,freshbanana::block_6,1,1,freshbanana,freshbanana,0.9614682
train/freshbanana/saltandpepper_Screen Shot 2018-06-12 at 9.59.02 PM.png,freshbanana,Screen Shot 2018-06-12 at 9.59.02 PM.png,Screen Shot 2018-06-12 at 9.59.02 PM.png_freshbanana,2018-06-12 21:59:02,freshbanana::block_6,1,1,freshbanana,freshbanana,0.97878623
train/freshbanana/rotated_by_75_Screen Shot 2018-06-12 at 9.57.17 PM.png,freshbanana,Screen Shot 2018-06-12 at 9.57.17 PM.png,Screen Shot 2018-06-12 at 9.57.17 PM.png_freshbanana,2018-06-12 21:57:17,freshbanana::block_6,1,1,freshbanana,freshbanana,0.9893501
train/freshbanana/vertical_flip_Screen Shot 2018-06-12 at 9.57.42 PM.png,freshbanana,Screen Shot 2018-06-12 at 9.57.42 PM.png,Screen Shot 2018-06-12 at 9.57.42 PM.png_freshbanana,2018-06-12 21:57:42,freshbanana::block_6,1,1,freshbanana,freshbanana,0.99264634
train/freshbanana/rotated_by_45_Screen Shot 2018-06-12 at 9.59.17 PM.png,freshbanana,Screen Shot 2018-06-12 at 9.59.17 PM.png,Screen Shot 2018-06-12 at 9.59.17 PM.png_freshbanana,2018-06-12 21:59:17,freshbanana::block_6,1,1,freshbanana,freshbanana,0.97496617
train/freshbanana/rotated_by_30_Screen Shot 2018-06-12 at 9.59.35 PM.png,freshbanana,Screen Shot 2018-06-12 at 9.59.35 PM.png,Screen Shot 2018-06-12 at 9.59.35 PM.png_freshbanana,2018-06-12 21:59:35,freshbanana::block_6,1,1,freshbanana,freshbanana,0.9462963
train/freshbanana/rotated_by_30_Screen Shot 2018-06-12 at 9.57.02 PM.png,freshbanana,Screen Shot 2018-06-12 at 9.57.02 PM.png,Screen Shot 2018-06-12 at 9.57.02 PM.png_freshbanana,2018-06-12 21:57:02,freshbanana::block_6,1,1,freshbanana,freshbanana,0.94760716
train/freshbanana/rotated_by_75_Screen Shot 2018-06-12 at 9.57.02 PM.png,freshbanana,Screen Shot 2018-06-12 at 9.57.02 PM.png,Screen Shot 2018-06-12 at 9.57.02 PM.png_freshbanana,2018-06-12 21:57:02,freshbanana::block_6,1,1,freshbanana,freshbanana,0.94847375
train/freshbanana/rotated_by_75_Screen Shot 2018-06-12 at 9.59.41 PM.png,freshbanana,Screen Shot 2018-06-12 at 9.59.41 PM.png,Screen Shot 2018-06-12 at 9.59.41 PM.png_freshbanana,2018-06-12 21:59:41,freshbanana::block_6,1,1,freshbanana,freshbanana,0.90422857
train/freshbanana/rotated_by_75_Screen Shot 2018-06-12 at 9.59.28 PM.png,freshbanana,Screen Shot 2018-06-12 at 9.59.28 PM.png,Screen Shot 2018-06-12 at 9.59.28 PM.png_freshbanana,2018-06-12 21:59:28,freshbanana::block_6,1,1,freshbanana,freshbanana,0.9164216
train/freshbanana/Screen Shot 2018-06-12 at 9.59.12 PM.png,freshbanana,Screen Shot 2018-06-12 at 9.59.12 PM.png,Screen Shot 2018-06-12 at 9.59.12 PM.png_freshbanana,2018-06-12 21:59:12,freshbanana::block_6,1,1,freshbanana,freshbanana,0.7438768
train/freshbanana/rotated_by_15_Screen Shot 2018-06-12 at 9.57.17 PM.png,freshbanana,Screen Shot 2018-06-12 at 9.57.17 PM.png,Screen Shot 2018-06-12 at 9.57.17 PM.png_freshbanana,2018-06-12 21:57:17,freshbanana::block_6,1,1,freshbanana,freshbanana,0.9788871
train/freshbanana/Screen Shot 2018-06-12 at 9.59.41 PM.png,freshbanana,Screen Shot 2018-06-12 at 9.59.41 PM.png,Screen Shot 2018-06-12 at 9.59.41 PM.png_freshbanana,2018-06-12 21:59:41,freshbanana::block_6,1,1,freshbanana,freshbanana,0.95986855
train/freshbanana/Screen Shot 2018-06-12 at 9.57.42 PM.png,freshbanana,Screen Shot 2018-06-12 at 9.57.42 PM.png,Screen Shot 2018-06-12 at 9.57.42 PM.png_freshbanana,2018-06-12 21:57:42,freshbanana::block_6,1,1,freshbanana,freshbanana,0.9925053
train/freshbanana/translation_Screen Shot 2018-06-12 at 9.59.12 PM.png,freshbanana,Screen Shot 2018-06-12 at 9.59.12 PM.png,Screen Shot 2018-06-12 at 9.59.12 PM.png_freshbanana,2018-06-12 21:59:12,freshbanana::block_6,1,1,freshbanana,freshbanana,0.7350964
train/freshbanana/saltandpepper_Screen Shot 2018-06-12 at 9.59.28 PM.png,freshbanana,Screen Shot 2018-06-12 at 9.59.28 PM.png,Screen Shot 2018-06-12 at 9.59.28 PM.png_freshbanana,2018-06-12 21:59:28,freshbanana::block_6,1,1,freshbanana,freshbanana,0.81396234
train/freshoranges/translation_Screen Shot 2018-06-13 at 12.16.45 AM.png,freshoranges,Screen Shot 2018-06-13 at 12.16.45 AM.png,Screen Shot 2018-06-13 at 12.16.45 AM.png_freshoranges,2018-06-13 00:16:45,freshoranges::block_7,2,2,freshoranges,freshoranges,0.8841594
train/freshoranges/saltandpepper_Screen Shot 2018-06-13 at 12.16.22 AM.png,freshoranges,Screen Shot 2018-06-13 at 12.16.22 AM.png,Screen Shot 2018-06-13 at 12.16.22 AM.png_freshoranges,2018-06-13 00:16:22,freshoranges::block_7,2,2,freshoranges,freshoranges,0.95224565
train/freshoranges/vertical_flip_Screen Shot 2018-06-13 at 12.16.45 AM.png,freshoranges,Screen Shot 2018-06-13 at 12.16.45 AM.png,Screen Shot 2018-06-13 at 12.16.45 AM.png_freshoranges,2018-06-13 00:16:45,freshoranges::block_7,2,2,freshoranges,freshoranges,0.74180704
train/freshoranges/Screen Shot 2018-06-13 at 12.16.54 AM.png,freshoranges,Screen Shot 2018-06-13 at 12.16.54 AM.png,Screen Shot 2018-06-13 at 12.16.54 AM.png_freshoranges,2018-06-13 00:16:54,freshoranges::block_7,2,2,freshoranges,freshoranges,0.86164707
train/freshoranges/saltandpepper_Screen Shot 2018-06-13 at 12.16.16 AM.png,freshoranges,Screen Shot 2018-06-13 at 12.16.16 AM.png,Screen Shot 2018-06-13 at 12.16.16 AM.png_freshoranges,2018-06-13 00:16:16,freshoranges::block_7,2,2,freshoranges,freshoranges,0.90376127
train/freshoranges/rotated_by_60_Screen Shot 2018-06-13 at 12.16.45 AM.png,freshoranges,Screen Shot 2018-06-13 at 12.16.45 AM.png,Screen Shot 2018-06-13 at 12.16.45 AM.png_freshoranges,2018-06-13 00:16:45,freshoranges::block_7,2,2,freshoranges,freshoranges,0.85686463
train/freshoranges/vertical_flip_Screen Shot 2018-06-13 at 12.16.16 AM.png,freshoranges,Screen Shot 2018-06-13 at 12.16.16 AM.png,Screen Shot 2018-06-13 at 12.16.16 AM.png_freshoranges,2018-06-13 00:16:16,freshoranges::block_7,2,2,freshoranges,freshoranges,0.9347912
train/freshoranges/translation_Screen Shot 2018-06-13 at 12.16.22 AM.png,freshoranges,Screen Shot 2018-06-13 at 12.16.22 AM.png,Screen Shot 2018-06-13 at 12.16.22 AM.png_freshoranges,2018-06-13 00:16:22,freshoranges::block_7,2,2,freshoranges,freshoranges,0.8423925
train/freshoranges/rotated_by_75_Screen Shot 2018-06-13 at 12.16.45 AM.png,freshoranges,Screen Shot 2018-06-13 at 12.16.45 AM.png,Screen Shot 2018-06-13 at 12.16.45 AM.png_freshoranges,2018-06-13 00:16:45,freshoranges::block_7,2,2,freshoranges,freshoranges,0.8063477
train/freshoranges/vertical_flip_Screen Shot 2018-06-13 at 12.16.08 AM.png,freshoranges,Screen Shot 2018-06-13 at 12.16.08 AM.png,Screen Shot 2018-06-13 at 12.16.08 AM.png_freshoranges,2018-06-13 00:16:08,freshoranges::block_7,2,2,freshoranges,freshoranges,0.97612405
train/freshoranges/rotated_by_30_Screen Shot 2018-06-13 at 12.16.16 AM.png,freshoranges,Screen Shot 2018-06-13 at 12.16.16 AM.png,Screen Shot 2018-06-13 at 12.16.16 AM.png_freshoranges,2018-06-13 00:16:16,freshoranges::block_7,2,2,freshoranges,freshoranges,0.94390285
train/freshoranges/rotated_by_60_Screen Shot 2018-06-13 at 12.16.54 AM.png,freshoranges,Screen Shot 2018-06-13 at 12.16.54 AM.png,Screen Shot 2018-06-13 at 12.16.54 AM.png_freshoranges,2018-06-13 00:16:54,freshoranges::block_7,2,2,freshoranges,freshoranges,0.8855642
train/freshoranges/translation_Screen Shot 2018-06-13 at 12.16.54 AM.png,freshoranges,Screen Shot 2018-06-13 at 12.16.54 AM.png,Screen Shot 2018-06-13 at 12.16.54 AM.png_freshoranges,2018-06-13 00:16:54,freshoranges::block_7,2,2,freshoranges,freshoranges,0.9096913
train/freshoranges/translation_Screen Shot 2018-06-13 at 12.16.16 AM.png,freshoranges,Screen Shot 2018-06-13 at 12.16.16 AM.png,Screen Shot 2018-06-13 at 12.16.16 AM.png_freshoranges,2018-06-13 00:16:16,freshoranges::block_7,2,2,freshoranges,freshoranges,0.93824095
train/freshoranges/rotated_by_45_Screen Shot 2018-06-13 at 12.16.16 AM.png,freshoranges,Screen Shot 2018-06-13 at 12.16.16 AM.png,Screen Shot 2018-06-13 at 12.16.16 AM.png_freshoranges,2018-06-13 00:16:16,freshoranges::block_7,2,2,freshoranges,freshoranges,0.9491645
train/freshoranges/rotated_by_45_Screen Shot 2018-06-13 at 12.16.33 AM.png,freshoranges,Screen Shot 2018-06-13 at 12.16.33 AM.png,Screen Shot 2018-06-13 at 12.16.33 AM.png_freshoranges,2018-06-13 00:16:33,freshoranges::block_7,2,5,freshoranges,rottenoranges,0.6231174
train/freshoranges/rotated_by_15_Screen Shot 2018-06-13 at 12.16.45 AM.png,freshoranges,Screen Shot 2018-06-13 at 12.16.45 AM.png,Screen Shot 2018-06-13 at 12.16.45 AM.png_freshoranges,2018-06-13 00:16:45,freshoranges::block_7,2,2,freshoranges,freshoranges,0.77475065
train/freshoranges/rotated_by_60_Screen Shot 2018-06-13 at 12.16.33 AM.png,freshoranges,Screen Shot 2018-06-13 at 12.16.33 AM.png,Screen Shot 2018-06-13 at 12.16.33 AM.png_freshoranges,2018-06-13 00:16:33,freshoranges::block_7,2,5,freshoranges,rottenoranges,0.6337208
train/freshoranges/translation_Screen Shot 2018-06-13 at 12.16.08 AM.png,freshoranges,Screen Shot 2018-06-13 at 12.16.08 AM.png,Screen Shot 2018-06-13 at 12.16.08 AM.png_freshoranges,2018-06-13 00:16:08,freshoranges::block_7,2,2,freshoranges,freshoranges,0.96590024
train/freshoranges/rotated_by_45_Screen Shot 2018-06-13 at 12.16.45 AM.png,freshoranges,Screen Shot 2018-06-13 at 12.16.45 AM.png,Screen Shot 2018-06-13 at 12.16.45 AM.png_freshoranges,2018-06-13 00:16:45,freshoranges::block_7,2,2,freshoranges,freshoranges,0.8517315
train/freshoranges/rotated_by_15_Screen Shot 2018-06-13 at 12.16.33 AM.png,freshoranges,Screen Shot 2018-06-13 at 12.16.33 AM.png,Screen Shot 2018-06-13 at 12.16.33 AM.png_freshoranges,2018-06-13 00:16:33,freshoranges::block_7,2,5,freshoranges,rottenoranges,0.64786667
train/freshoranges/rotated_by_15_Screen Shot 2018-06-13 at 12.16.22 AM.png,freshoranges,Screen Shot 2018-06-13 at 12.16.22 AM.png,Screen Shot 2018-06-13 at 12.16.22 AM.png_freshoranges,2018-06-13 00:16:22,freshoranges::block_7,2,2,freshoranges,freshoranges,0.9523942
train/freshoranges/rotated_by_60_Screen Shot 2018-06-13 at 12.16.16 AM.png,freshoranges,Screen Shot 2018-06-13 at 12.16.16 AM.png,Screen Shot 2018-06-13 at 12.16.16 AM.png_freshoranges,2018-06-13 00:16:16,freshoranges::block_7,2,2,freshoranges,freshoranges,0.9450933
train/freshoranges/saltandpepper_Screen Shot 2018-06-13 at 12.16.33 AM.png,freshoranges,Screen Shot 2018-06-13 at 12.16.33 AM.png,Screen Shot 2018-06-13 at 12.16.33 AM.png_freshoranges,2018-06-13 00:16:33,freshoranges::block_7,2,5,freshoranges,rottenoranges,0.5907499
train/freshoranges/Screen Shot 2018-06-13 at 12.16.45 AM.png,freshoranges,Screen Shot 2018-06-13 at 12.16.45 AM.png,Screen Shot 2018-06-13 at 12.16.45 AM.png_freshoranges,2018-06-13 00:16:45,freshoranges::block_7,2,2,freshoranges,freshoranges,0.75414985
train/freshoranges/rotated_by_75_Screen Shot 2018-06-13 at 12.16.54 AM.png,freshoranges,Screen Shot 2018-06-13 at 12.16.54 AM.png,Screen Shot 2018-06-13 at 12.16.54 AM.png_freshoranges,2018-06-13 00:16:54,freshoranges::block_7,2,2,freshoranges,freshoranges,0.86458737
train/freshoranges/vertical_flip_Screen Shot 2018-06-13 at 12.16.54 AM.png,freshoranges,Screen Shot 2018-06-13 at 12.16.54 AM.png,Screen Shot 2018-06-13 at 12.16.54 AM.png_freshoranges,2018-06-13 00:16:54,freshoranges::block_7,2,2,freshoranges,freshoranges,0.86049116
train/freshoranges/saltandpepper_Screen Shot 2018-06-13 at 12.16.54 AM.png,freshoranges,Screen Shot 2018-06-13 at 12.16.54 AM.png,Screen Shot 2018-06-13 at 12.16.54 AM.png_freshoranges,2018-06-13 00:16:54,freshoranges::block_7,2,2,freshoranges,freshoranges,0.81436086
train/freshoranges/vertical_flip_Screen Shot 2018-06-13 at 12.16.33 AM.png,freshoranges,Screen Shot 2018-06-13 at 12.16.33 AM.png,Screen Shot 2018-06-13 at 12.16.33 AM.png_freshoranges,2018-06-13 00:16:33,freshoranges::block_7,2,5,freshoranges,rottenoranges,0.66400623
train/freshoranges/rotated_by_60_Screen Shot 2018-06-13 at 12.16.08 AM.png,freshoranges,Screen Shot 2018-06-13 at 12.16.08 AM.png,Screen Shot 2018-06-13 at 12.16.08 AM.png_freshoranges,2018-06-13 00:16:08,freshoranges::block_7,2,2,freshoranges,freshoranges,0.97652185
train/freshoranges/rotated_by_60_Screen Shot 2018-06-13 at 12.16.22 AM.png,freshoranges,Screen Shot 2018-06-13 at 12.16.22 AM.png,Screen Shot 2018-06-13 at 12.16.22 AM.png_freshoranges,2018-06-13 00:16:22,freshoranges::block_7,2,2,freshoranges,freshoranges,0.95353234
train/freshoranges/rotated_by_75_Screen Shot 2018-06-13 at 12.16.22 AM.png,freshoranges,Screen Shot 2018-06-13 at 12.16.22 AM.png,Screen Shot 2018-06-13 at 12.16.22 AM.png_freshoranges,2018-06-13 00:16:22,freshoranges::block_7,2,2,freshoranges,freshoranges,0.9586
train/freshoranges/rotated_by_15_Screen Shot 2018-06-13 at 12.16.08 AM.png,freshoranges,Screen Shot 2018-06-13 at 12.16.08 AM.png,Screen Shot 2018-06-13 at 12.16.08 AM.png_freshoranges,2018-06-13 00:16:08,freshoranges::block_7,2,2,freshoranges,freshoranges,0.97541726
train/freshoranges/translation_Screen Shot 2018-06-13 at 12.16.33 AM.png,freshoranges,Screen Shot 2018-06-13 at 12.16.33 AM.png,Screen Shot 2018-06-13 at 12.16.33 AM.png_freshoranges,2018-06-13 00:16:33,freshoranges::block_7,2,5,freshoranges,rottenoranges,0.6343295
train/freshoranges/saltandpepper_Screen Shot 2018-06-13 at 12.16.08 AM.png,freshoranges,Screen Shot 2018-06-13 at 12.16.08 AM.png,Screen Shot 2018-06-13 at 12.16.08 AM.png_freshoranges,2018-06-13 00:16:08,freshoranges::block_7,2,2,freshoranges,freshoranges,0.9687553
train/freshoranges/Screen Shot 2018-06-13 at 12.16.16 AM.png,freshoranges,Screen Shot 2018-06-13 at 12.16.16 AM.png,Screen Shot 2018-06-13 at 12.16.16 AM.png_freshoranges,2018-06-13 00:16:16,freshoranges::block_7,2,2,freshoranges,freshoranges,0.9336147
train/freshoranges/rotated_by_30_Screen Shot 2018-06-13 at 12.16.54 AM.png,freshoranges,Screen Shot 2018-06-13 at 12.16.54 AM.png,Screen Shot 2018-06-13 at 12.16.54 AM.png_freshoranges,2018-06-13 00:16:54,freshoranges::block_7,2,2,freshoranges,freshoranges,0.8829836
train/freshoranges/saltandpepper_Screen Shot 2018-06-13 at 12.16.45 AM.png,freshoranges,Screen Shot 2018-06-13 at 12.16.45 AM.png,Screen Shot 2018-06-13 at 12.16.45 AM.png_freshoranges,2018-06-13 00:16:45,freshoranges::block_7,2,2,freshoranges,freshoranges,0.6520809
train/freshoranges/rotated_by_30_Screen Shot 2018-06-13 at 12.16.22 AM.png,freshoranges,Screen Shot 2018-06-13 at 12.16.22 AM.png,Screen Shot 2018-06-13 at 12.16.22 AM.png_freshoranges,2018-06-13 00:16:22,freshoranges::block_7,2,2,freshoranges,freshoranges,0.9510912
train/freshoranges/rotated_by_45_Screen Shot 2018-06-13 at 12.16.22 AM.png,freshoranges,Screen Shot 2018-06-13 at 12.16.22 AM.png,Screen Shot 2018-06-13 at 12.16.22 AM.png_freshoranges,2018-06-13 00:16:22,freshoranges::block_7,2,2,freshoranges,freshoranges,0.9526422
train/freshoranges/rotated_by_30_Screen Shot 2018-06-13 at 12.16.08 AM.png,freshoranges,Screen Shot 2018-06-13 at 12.16.08 AM.png,Screen Shot 2018-06-13 at 12.16.08 AM.png_freshoranges,2018-06-13 00:16:08,freshoranges::block_7,2,2,freshoranges,freshoranges,0.9772773
train/freshoranges/rotated_by_15_Screen Shot 2018-06-13 at 12.16.54 AM.png,freshoranges,Screen Shot 2018-06-13 at 12.16.54 AM.png,Screen Shot 2018-06-13 at 12.16.54 AM.png_freshoranges,2018-06-13 00:16:54,freshoranges::block_7,2,2,freshoranges,freshoranges,0.86451054
train/freshoranges/rotated_by_75_Screen Shot 2018-06-13 at 12.16.16 AM.png,freshoranges,Screen Shot 2018-06-13 at 12.16.16 AM.png,Screen Shot 2018-06-13 at 12.16.16 AM.png_freshoranges,2018-06-13 00:16:16,freshoranges::block_7,2,2,freshoranges,freshoranges,0.93742335
train/freshoranges/rotated_by_45_Screen Shot 2018-06-13 at 12.16.08 AM.png,freshoranges,Screen Shot 2018-06-13 at 12.16.08 AM.png,Screen Shot 2018-06-13 at 12.16.08 AM.png_freshoranges,2018-06-13 00:16:08,freshoranges::block_7,2,2,freshoranges,freshoranges,0.9783994
train/freshoranges/Screen Shot 2018-06-13 at 12.16.08 AM.png,freshoranges,Screen Shot 2018-06-13 at 12.16.08 AM.png,Screen Shot 2018-06-13 at 12.16.08 AM.png_freshoranges,2018-06-13 00:16:08,freshoranges::block_7,2,2,freshoranges,freshoranges,0.9767294
train/freshoranges/Screen Shot 2018-06-13 at 12.16.22 AM.png,freshoranges,Screen Shot 2018-06-13 at 12.16.22 AM.png,Screen Shot 2018-06-13 at 12.16.22 AM.png_freshoranges,2018-06-13 00:16:22,freshoranges::block_7,2,2,freshoranges,freshoranges,0.9637057
train/rottenapples/rotated_by_30_Screen Shot 2018-06-08 at 2.25.43 PM.png,rottenapples,Screen Shot 2018-06-08 at 2.25.43 PM.png,Screen Shot 2018-06-08 at 2.25.43 PM.png_rottenapples,2018-06-08 14:25:43,rottenapples::block_8,3,2,rottenapples,freshoranges,0.5010067
train/rottenapples/rotated_by_45_Screen Shot 2018-06-08 at 2.25.43 PM.png,rottenapples,Screen Shot 2018-06-08 at 2.25.43 PM.png,Screen Shot 2018-06-08 at 2.25.43 PM.png_rottenapples,2018-06-08 14:25:43,rottenapples::block_8,3,2,rottenapples,freshoranges,0.5566385
train/rottenapples/translation_Screen Shot 2018-06-07 at 2.52.09 PM.png,rottenapples,Screen Shot 2018-06-07 at 2.52.09 PM.png,Screen Shot 2018-06-07 at 2.52.09 PM.png_rottenapples,2018-06-07 14:52:09,rottenapples::block_4,3,3,rottenapples,rottenapples,0.9459434
train/rottenapples/rotated_by_45_Screen Shot 2018-06-08 at 2.25.24 PM.png,rottenapples,Screen Shot 2018-06-08 at 2.25.24 PM.png,Screen Shot 2018-06-08 at 2.25.24 PM.png_rottenapples,2018-06-08 14:25:24,rottenapples::block_8,3,5,rottenapples,rottenoranges,0.52861977
train/rottenapples/rotated_by_30_Screen Shot 2018-06-08 at 2.25.24 PM.png,rottenapples,Screen Shot 2018-06-08 at 2.25.24 PM.png,Screen Shot 2018-06-08 at 2.25.24 PM.png_rottenapples,2018-06-08 14:25:24,rottenapples::block_8,3,5,rottenapples,rottenoranges,0.5258888
train/rottenapples/Screen Shot 2018-06-07 at 2.50.43 PM.png,rottenapples,Screen Shot 2018-06-07 at 2.50.43 PM.png,Screen Shot 2018-06-07 at 2.50.43 PM.png_rottenapples,2018-06-07 14:50:43,rottenapples::block_4,3,3,rottenapples,rottenapples,0.5519471
train/rottenapples/rotated_by_75_Screen Shot 2018-06-07 at 2.52.22 PM.png,rottenapples,Screen Shot 2018-06-07 at 2.52.22 PM.png,Screen Shot 2018-06-07 at 2.52.22 PM.png_rottenapples,2018-06-07 14:52:22,rottenapples::block_4,3,3,rottenapples,rottenapples,0.61173636
train/rottenapples/rotated_by_30_Screen Shot 2018-06-07 at 2.50.52 PM.png,rottenapples,Screen Shot 2018-06-07 at 2.50.52 PM.png,Screen Shot 2018-06-07 at 2.50.52 PM.png_rottenapples,2018-06-07 14:50:52,rottenapples::block_4,3,3,rottenapples,rottenapples,0.6310284
train/rottenapples/rotated_by_15_Screen Shot 2018-06-07 at 2.52.00 PM.png,rottenapples,Screen Shot 2018-06-07 at 2.52.00 PM.png,Screen Shot 2018-06-07 at 2.52.00 PM.png_rottenapples,2018-06-07 14:52:00,rottenapples::block_4,3,3,rottenapples,rottenapples,0.7700663
train/rottenapples/vertical_flip_Screen Shot 2018-06-07 at 2.50.09 PM.png,rottenapples,Screen Shot 2018-06-07 at 2.50.09 PM.png,Screen Shot 2018-06-07 at 2.50.09 PM.png_rottenapples,2018-06-07 14:50:09,rottenapples::block_4,3,1,rottenapples,freshbanana,0.96289706
train/rottenapples/saltandpepper_Screen Shot 2018-06-07 at 2.47.50 PM.png,rottenapples,Screen Shot 2018-06-07 at 2.47.50 PM.png,Screen Shot 2018-06-07 at 2.47.50 PM.png_rottenapples,2018-06-07 14:47:50,rottenapples::block_4,3,3,rottenapples,rottenapples,0.88867474
train/rottenapples/saltandpepper_Screen Shot 2018-06-07 at 2.47.35 PM.png,rottenapples,Screen Shot 2018-06-07 at 2.47.35 PM.png,Screen Shot 2018-06-07 at 2.47.35 PM.png_rottenapples,2018-06-07 14:47:35,rottenapples::block_4,3,3,rottenapples,rottenapples,0.86913884
train/rottenapples/vertical_flip_Screen Shot 2018-06-07 at 2.47.50 PM.png,rottenapples,Screen Shot 2018-06-07 at 2.47.50 PM.png,Screen Shot 2018-06-07 at 2.47.50 PM.png_rottenapples,2018-06-07 14:47:50,rottenapples::block_4,3,3,rottenapples,rottenapples,0.8648603
train/rottenapples/vertical_flip_Screen Shot 2018-06-07 at 2.52.00 PM.png,rottenapples,Screen Shot 2018-06-07 at 2.52.00 PM.png,Screen Shot 2018-06-07 at 2.52.00 PM.png_rottenapples,2018-06-07 14:52:00,rottenapples::block_4,3,3,rottenapples,rottenapples,0.77142453
train/rottenapples/rotated_by_45_Screen Shot 2018-06-07 at 2.47.35 PM.png,rottenapples,Screen Shot 2018-06-07 at 2.47.35 PM.png,Screen Shot 2018-06-07 at 2.47.35 PM.png_rottenapples,2018-06-07 14:47:35,rottenapples::block_4,3,3,rottenapples,rottenapples,0.79230726
train/rottenapples/rotated_by_30_Screen Shot 2018-06-07 at 2.47.50 PM.png,rottenapples,Screen Shot 2018-06-07 at 2.47.50 PM.png,Screen Shot 2018-06-07 at 2.47.50 PM.png_rottenapples,2018-06-07 14:47:50,rottenapples::block_4,3,3,rottenapples,rottenapples,0.8279751
train/rottenapples/vertical_flip_Screen Shot 2018-06-08 at 2.25.43 PM.png,rottenapples,Screen Shot 2018-06-08 at 2.25.43 PM.png,Screen Shot 2018-06-08 at 2.25.43 PM.png_rottenapples,2018-06-08 14:25:43,rottenapples::block_8,3,2,rottenapples,freshoranges,0.43361592
train/rottenapples/rotated_by_60_Screen Shot 2018-06-08 at 2.25.24 PM.png,rottenapples,Screen Shot 2018-06-08 at 2.25.24 PM.png,Screen Shot 2018-06-08 at 2.25.24 PM.png_rottenapples,2018-06-08 14:25:24,rottenapples::block_8,3,5,rottenapples,rottenoranges,0.52099794
train/rottenapples/rotated_by_75_Screen Shot 2018-06-07 at 2.47.50 PM.png,rottenapples,Screen Shot 2018-06-07 at 2.47.50 PM.png,Screen Shot 2018-06-07 at 2.47.50 PM.png_rottenapples,2018-06-07 14:47:50,rottenapples::block_4,3,3,rottenapples,rottenapples,0.83384997
train/rottenapples/translation_Screen Shot 2018-06-07 at 2.52.30 PM.png,rottenapples,Screen Shot 2018-06-07 at 2.52.30 PM.png,Screen Shot 2018-06-07 at 2.52.30 PM.png_rottenapples,2018-06-07 14:52:30,rottenapples::block_4,3,3,rottenapples,rottenapples,0.76445556
train/rottenapples/translation_Screen Shot 2018-06-08 at 2.25.43 PM.png,rottenapples,Screen Shot 2018-06-08 at 2.25.43 PM.png,Screen Shot 2018-06-08 at 2.25.43 PM.png_rottenapples,2018-06-08 14:25:43,rottenapples::block_8,3,2,rottenapples,freshoranges,0.5767591
train/rottenapples/rotated_by_15_Screen Shot 2018-06-08 at 2.25.43 PM.png,rottenapples,Screen Shot 2018-06-08 at 2.25.43 PM.png,Screen Shot 2018-06-08 at 2.25.43 PM.png_rottenapples,2018-06-08 14:25:43,rottenapples::block_8,3,2,rottenapples,freshoranges,0.42617664
train/rottenapples/rotated_by_45_Screen Shot 2018-06-07 at 2.52.22 PM.png,rottenapples,Screen Shot 2018-06-07 at 2.52.22 PM.png,Screen Shot 2018-06-07 at 2.52.22 PM.png_rottenapples,2018-06-07 14:52:22,rottenapples::block_4,3,3,rottenapples,rottenapples,0.5525263
train/rottenapples/rotated_by_30_Screen Shot 2018-06-08 at 2.25.17 PM.png,rottenapples,Screen Shot 2018-06-08 at 2.25.17 PM.png,Screen Shot 2018-06-08 at 2.25.17 PM.png_rottenapples,2018-06-08 14:25:17,rottenapples::block_8,3,3,rottenapples,rottenapples,0.8213786
train/rottenapples/rotated_by_45_Screen Shot 2018-06-07 at 2.52.09 PM.png,rottenapples,Screen Shot 2018-06-07 at 2.52.09 PM.png,Screen Shot 2018-06-07 at 2.52.09 PM.png_rottenapples,2018-06-07 14:52:09,rottenapples::block_4,3,3,rottenapples,rottenapples,0.94135064
train/rottenapples/Screen Shot 2018-06-07 at 2.50.09 PM.png,rottenapples,Screen Shot 2018-06-07 at 2.50.09 PM.png,Screen Shot 2018-06-07 at 2.50.09 PM.png_rottenapples,2018-06-07 14:50:09,rottenapples::block_4,3,1,rottenapples,freshbanana,0.96161807
train/rottenapples/saltandpepper_Screen Shot 2018-06-07 at 2.52.00 PM.png,rottenapples,Screen Shot 2018-06-07 at 2.52.00 PM.png,Screen Shot 2018-06-07 at 2.52.00 PM.png_rottenapples,2018-06-07 14:52:00,rottenapples::block_4,3,3,rottenapples,rottenapples,0.8509803
train/rottenapples/saltandpepper_Screen Shot 2018-06-08 at 2.25.24 PM.png,rottenapples,Screen Shot 2018-06-08 at 2.25.24 PM.png,Screen Shot 2018-06-08 at 2.25.24 PM.png_rottenapples,2018-06-08 14:25:24,rottenapples::block_8,3,3,rottenapples,rottenapples,0.5398005
train/rottenapples/translation_Screen Shot 2018-06-07 at 2.52.22 PM.png,rottenapples,Screen Shot 2018-06-07 at 2.52.22 PM.png,Screen Shot 2018-06-07 at 2.52.22 PM.png_rottenapples,2018-06-07 14:52:22,rottenapples::block_4,3,3,rottenapples,rottenapples,0.5475037
train/rottenapples/vertical_flip_Screen Shot 2018-06-07 at 2.47.35 PM.png,rottenapples,Screen Shot 2018-06-07 at 2.47.35 PM.png,Screen Shot 2018-06-07 at 2.47.35 PM.png_rottenapples,2018-06-07 14:47:35,rottenapples::block_4,3,3,rottenapples,rottenapples,0.8253061
train/rottenapples/rotated_by_60_Screen Shot 2018-06-07 at 2.52.22 PM.png,rottenapples,Screen Shot 2018-06-07 at 2.52.22 PM.png,Screen Shot 2018-06-07 at 2.52.22 PM.png_rottenapples,2018-06-07 14:52:22,rottenapples::block_4,3,3,rottenapples,rottenapples,0.5531102
train/rottenapples/rotated_by_15_Screen Shot 2018-06-08 at 2.25.24 PM.png,rottenapples,Screen Shot 2018-06-08 at 2.25.24 PM.png,Screen Shot 2018-06-08 at 2.25.24 PM.png_rottenapples,2018-06-08 14:25:24,rottenapples::block_8,3,5,rottenapples,rottenoranges,0.49709126
train/rottenapples/saltandpepper_Screen Shot 2018-06-07 at 2.52.44 PM.png,rottenapples,Screen Shot 2018-06-07 at 2.52.44 PM.png,Screen Shot 2018-06-07 at 2.52.44 PM.png_rottenapples,2018-06-07 14:52:44,rottenapples::block_4,3,3,rottenapples,rottenapples,0.75391245
train/rottenapples/Screen Shot 2018-06-07 at 2.52.00 PM.png,rottenapples,Screen Shot 2018-06-07 at 2.52.00 PM.png,Screen Shot 2018-06-07 at 2.52.00 PM.png_rottenapples,2018-06-07 14:52:00,rottenapples::block_4,3,3,rottenapples,rottenapples,0.767959
train/rottenapples/saltandpepper_Screen Shot 2018-06-07 at 2.50.09 PM.png,rottenapples,Screen Shot 2018-06-07 at 2.50.09 PM.png,Screen Shot 2018-06-07 at 2.50.09 PM.png_rottenapples,2018-06-07 14:50:09,rottenapples::block_4,3,1,rottenapples,freshbanana,0.9631235
train/rottenapples/saltandpepper_Screen Shot 2018-06-07 at 2.50.43 PM.png,rottenapples,Screen Shot 2018-06-07 at 2.50.43 PM.png,Screen Shot 2018-06-07 at 2.50.43 PM.png_rottenapples,2018-06-07 14:50:43,rottenapples::block_4,3,3,rottenapples,rottenapples,0.54375905
train/rottenapples/rotated_by_15_Screen Shot 2018-06-07 at 2.50.09 PM.png,rottenapples,Screen Shot 2018-06-07 at 2.50.09 PM.png,Screen Shot 2018-06-07 at 2.50.09 PM.png_rottenapples,2018-06-07 14:50:09,rottenapples::block_4,3,1,rottenapples,freshbanana,0.93409973
train/rottenapples/rotated_by_15_Screen Shot 2018-06-08 at 2.25.17 PM.png,rottenapples,Screen Shot 2018-06-08 at 2.25.17 PM.png,Screen Shot 2018-06-08 at 2.25.17 PM.png_rottenapples,2018-06-08 14:25:17,rottenapples::block_8,3,3,rottenapples,rottenapples,0.8514023
train/rottenapples/vertical_flip_Screen Shot 2018-06-07 at 2.52.22 PM.png,rottenapples,Screen Shot 2018-06-07 at 2.52.22 PM.png,Screen Shot 2018-06-07 at 2.52.22 PM.png_rottenapples,2018-06-07 14:52:22,rottenapples::block_4,3,3,rottenapples,rottenapples,0.66139793
train/rottenapples/translation_Screen Shot 2018-06-07 at 2.52.00 PM.png,rottenapples,Screen Shot 2018-06-07 at 2.52.00 PM.png,Screen Shot 2018-06-07 at 2.52.00 PM.png_rottenapples,2018-06-07 14:52:00,rottenapples::block_4,3,3,rottenapples,rottenapples,0.6436093
train/rottenapples/rotated_by_75_Screen Shot 2018-06-07 at 2.47.35 PM.png,rottenapples,Screen Shot 2018-06-07 at 2.47.35 PM.png,Screen Shot 2018-06-07 at 2.47.35 PM.png_rottenapples,2018-06-07 14:47:35,rottenapples::block_4,3,3,rottenapples,rottenapples,0.82084626
train/rottenapples/rotated_by_15_Screen Shot 2018-06-07 at 2.47.50 PM.png,rottenapples,Screen Shot 2018-06-07 at 2.47.50 PM.png,Screen Shot 2018-06-07 at 2.47.50 PM.png_rottenapples,2018-06-07 14:47:50,rottenapples::block_4,3,3,rottenapples,rottenapples,0.855108
train/rottenapples/rotated_by_60_Screen Shot 2018-06-07 at 2.47.35 PM.png,rottenapples,Screen Shot 2018-06-07 at 2.47.35 PM.png,Screen Shot 2018-06-07 at 2.47.35 PM.png_rottenapples,2018-06-07 14:47:35,rottenapples::block_4,3,3,rottenapples,rottenapples,0.80376923
train/rottenapples/translation_Screen Shot 2018-06-08 at 2.25.24 PM.png,rottenapples,Screen Shot 2018-06-08 at 2.25.24 PM.png,Screen Shot 2018-06-08 at 2.25.24 PM.png_rottenapples,2018-06-08 14:25:24,rottenapples::block_8,3,5,rottenapples,rottenoranges,0.5468246
train/rottenapples/rotated_by_75_Screen Shot 2018-06-07 at 2.52.30 PM.png,rottenapples,Screen Shot 2018-06-07 at 2.52.30 PM.png,Screen Shot 2018-06-07 at 2.52.30 PM.png_rottenapples,2018-06-07 14:52:30,rottenapples::block_4,3,3,rottenapples,rottenapples,0.71331805
train/rottenapples/rotated_by_75_Screen Shot 2018-06-07 at 2.52.44 PM.png,rottenapples,Screen Shot 2018-06-07 at 2.52.44 PM.png,Screen Shot 2018-06-07 at 2.52.44 PM.png_rottenapples,2018-06-07 14:52:44,rottenapples::block_4,3,3,rottenapples,rottenapples,0.6326989
train/rottenapples/rotated_by_30_Screen Shot 2018-06-07 at 2.50.43 PM.png,rottenapples,Screen Shot 2018-06-07 at 2.50.43 PM.png,Screen Shot 2018-06-07 at 2.50.43 PM.png_rottenapples,2018-06-07 14:50:43,rottenapples::block_4,3,5,rottenapples,rottenoranges,0.51360834
train/rottenapples/saltandpepper_Screen Shot 2018-06-08 at 2.25.43 PM.png,rottenapples,Screen Shot 2018-06-08 at 2.25.43 PM.png,Screen Shot 2018-06-08 at 2.25.43 PM.png_rottenapples,2018-06-08 14:25:43,rottenapples::block_8,3,5,rottenapples,rottenoranges,0.4290656
train/rottenapples/rotated_by_30_Screen Shot 2018-06-07 at 2.52.09 PM.png,rottenapples,Screen Shot 2018-06-07 at 2.52.09 PM.png,Screen Shot 2018-06-07 at 2.52.09 PM.png_rottenapples,2018-06-07 14:52:09,rottenapples::block_4,3,3,rottenapples,rottenapples,0.94473463
train/rottenapples/rotated_by_45_Screen Shot 2018-06-07 at 2.52.30 PM.png,rottenapples,Screen Shot 2018-06-07 at 2.52.30 PM.png,Screen Shot 2018-06-07 at 2.52.30 PM.png_rottenapples,2018-06-07 14:52:30,rottenapples::block_4,3,3,rottenapples,rottenapples,0.71522117
train/rottenapples/rotated_by_75_Screen Shot 2018-06-08 at 2.25.24 PM.png,rottenapples,Screen Shot 2018-06-08 at 2.25.24 PM.png,Screen Shot 2018-06-08 at 2.25.24 PM.png_rottenapples,2018-06-08 14:25:24,rottenapples::block_8,3,5,rottenapples,rottenoranges,0.5084013
train/rottenapples/rotated_by_60_Screen Shot 2018-06-07 at 2.52.30 PM.png,rottenapples,Screen Shot 2018-06-07 at 2.52.30 PM.png,Screen Shot 2018-06-07 at 2.52.30 PM.png_rottenapples,2018-06-07 14:52:30,rottenapples::block_4,3,3,rottenapples,rottenapples,0.707973
train/rottenapples/rotated_by_60_Screen Shot 2018-06-07 at 2.52.00 PM.png,rottenapples,Screen Shot 2018-06-07 at 2.52.00 PM.png,Screen Shot 2018-06-07 at 2.52.00 PM.png_rottenapples,2018-06-07 14:52:00,rottenapples::block_4,3,3,rottenapples,rottenapples,0.7296837
train/rottenapples/rotated_by_30_Screen Shot 2018-06-07 at 2.47.35 PM.png,rottenapples,Screen Shot 2018-06-07 at 2.47.35 PM.png,Screen Shot 2018-06-07 at 2.47.35 PM.png_rottenapples,2018-06-07 14:47:35,rottenapples::block_4,3,3,rottenapples,rottenapples,0.79957414
train/rottenapples/translation_Screen Shot 2018-06-08 at 2.25.17 PM.png,rottenapples,Screen Shot 2018-06-08 at 2.25.17 PM.png,Screen Shot 2018-06-08 at 2.25.17 PM.png_rottenapples,2018-06-08 14:25:17,rottenapples::block_8,3,3,rottenapples,rottenapples,0.82946086
train/rottenapples/rotated_by_45_Screen Shot 2018-06-08 at 2.25.17 PM.png,rottenapples,Screen Shot 2018-06-08 at 2.25.17 PM.png,Screen Shot 2018-06-08 at 2.25.17 PM.png_rottenapples,2018-06-08 14:25:17,rottenapples::block_8,3,3,rottenapples,rottenapples,0.8048958
train/rottenapples/rotated_by_15_Screen Shot 2018-06-07 at 2.52.30 PM.png,rottenapples,Screen Shot 2018-06-07 at 2.52.30 PM.png,Screen Shot 2018-06-07 at 2.52.30 PM.png_rottenapples,2018-06-07 14:52:30,rottenapples::block_4,3,3,rottenapples,rottenapples,0.72162694
train/rottenapples/vertical_flip_Screen Shot 2018-06-07 at 2.52.44 PM.png,rottenapples,Screen Shot 2018-06-07 at 2.52.44 PM.png,Screen Shot 2018-06-07 at 2.52.44 PM.png_rottenapples,2018-06-07 14:52:44,rottenapples::block_4,3,3,rottenapples,rottenapples,0.7056635
train/rottenapples/Screen Shot 2018-06-07 at 2.50.52 PM.png,rottenapples,Screen Shot 2018-06-07 at 2.50.52 PM.png,Screen Shot 2018-06-07 at 2.50.52 PM.png_rottenapples,2018-06-07 14:50:52,rottenapples::block_4,3,3,rottenapples,rottenapples,0.6376731
train/rottenapples/Screen Shot 2018-06-08 at 2.25.43 PM.png,rottenapples,Screen Shot 2018-06-08 at 2.25.43 PM.png,Screen Shot 2018-06-08 at 2.25.43 PM.png_rottenapples,2018-06-08 14:25:43,rottenapples::block_8,3,2,rottenapples,freshoranges,0.44060525
train/rottenapples/rotated_by_15_Screen Shot 2018-06-07 at 2.50.52 PM.png,rottenapples,Screen Shot 2018-06-07 at 2.50.52 PM.png,Screen Shot 2018-06-07 at 2.50.52 PM.png_rottenapples,2018-06-07 14:50:52,rottenapples::block_4,3,3,rottenapples,rottenapples,0.6559884
train/rottenapples/saltandpepper_Screen Shot 2018-06-08 at 2.25.17 PM.png,rottenapples,Screen Shot 2018-06-08 at 2.25.17 PM.png,Screen Shot 2018-06-08 at 2.25.17 PM.png_rottenapples,2018-06-08 14:25:17,rottenapples::block_8,3,3,rottenapples,rottenapples,0.8865957
train/rottenapples/Screen Shot 2018-06-07 at 2.52.09 PM.png,rottenapples,Screen Shot 2018-06-07 at 2.52.09 PM.png,Screen Shot 2018-06-07 at 2.52.09 PM.png_rottenapples,2018-06-07 14:52:09,rottenapples::block_4,3,3,rottenapples,rottenapples,0.95510435
train/rottenapples/rotated_by_75_Screen Shot 2018-06-07 at 2.50.52 PM.png,rottenapples,Screen Shot 2018-06-07 at 2.50.52 PM.png,Screen Shot 2018-06-07 at 2.50.52 PM.png_rottenapples,2018-06-07 14:50:52,rottenapples::block_4,3,3,rottenapples,rottenapples,0.70116246
train/rottenapples/vertical_flip_Screen Shot 2018-06-07 at 2.52.30 PM.png,rottenapples,Screen Shot 2018-06-07 at 2.52.30 PM.png,Screen Shot 2018-06-07 at 2.52.30 PM.png_rottenapples,2018-06-07 14:52:30,rottenapples::block_4,3,3,rottenapples,rottenapples,0.71997076
train/rottenapples/vertical_flip_Screen Shot 2018-06-07 at 2.50.43 PM.png,rottenapples,Screen Shot 2018-06-07 at 2.50.43 PM.png,Screen Shot 2018-06-07 at 2.50.43 PM.png_rottenapples,2018-06-07 14:50:43,rottenapples::block_4,3,3,rottenapples,rottenapples,0.5862071
train/rottenapples/rotated_by_45_Screen Shot 2018-06-07 at 2.50.09 PM.png,rottenapples,Screen Shot 2018-06-07 at 2.50.09 PM.png,Screen Shot 2018-06-07 at 2.50.09 PM.png_rottenapples,2018-06-07 14:50:09,rottenapples::block_4,3,1,rottenapples,freshbanana,0.90424454
train/rottenapples/rotated_by_15_Screen Shot 2018-06-07 at 2.50.43 PM.png,rottenapples,Screen Shot 2018-06-07 at 2.50.43 PM.png,Screen Shot 2018-06-07 at 2.50.43 PM.png_rottenapples,2018-06-07 14:50:43,rottenapples::block_4,3,3,rottenapples,rottenapples,0.50014853
train/rottenapples/vertical_flip_Screen Shot 2018-06-07 at 2.50.52 PM.png,rottenapples,Screen Shot 2018-06-07 at 2.50.52 PM.png,Screen Shot 2018-06-07 at 2.50.52 PM.png_rottenapples,2018-06-07 14:50:52,rottenapples::block_4,3,3,rottenapples,rottenapples,0.6326154
train/rottenapples/rotated_by_75_Screen Shot 2018-06-07 at 2.50.09 PM.png,rottenapples,Screen Shot 2018-06-07 at 2.50.09 PM.png,Screen Shot 2018-06-07 at 2.50.09 PM.png_rottenapples,2018-06-07 14:50:09,rottenapples::block_4,3,1,rottenapples,freshbanana,0.95847195
train/rottenapples/rotated_by_60_Screen Shot 2018-06-07 at 2.50.09 PM.png,rottenapples,Screen Shot 2018-06-07 at 2.50.09 PM.png,Screen Shot 2018-06-07 at 2.50.09 PM.png_rottenapples,2018-06-07 14:50:09,rottenapples::block_4,3,1,rottenapples,freshbanana,0.92590743
train/rottenapples/rotated_by_60_Screen Shot 2018-06-07 at 2.50.52 PM.png,rottenapples,Screen Shot 2018-06-07 at 2.50.52 PM.png,Screen Shot 2018-06-07 at 2.50.52 PM.png_rottenapples,2018-06-07 14:50:52,rottenapples::block_4,3,3,rottenapples,rottenapples,0.66400295
train/rottenapples/Screen Shot 2018-06-07 at 2.52.44 PM.png,rottenapples,Screen Shot 2018-06-07 at 2.52.44 PM.png,Screen Shot 2018-06-07 at 2.52.44 PM.png_rottenapples,2018-06-07 14:52:44,rottenapples::block_4,3,3,rottenapples,rottenapples,0.7221869
train/rottenapples/translation_Screen Shot 2018-06-07 at 2.47.50 PM.png,rottenapples,Screen Shot 2018-06-07 at 2.47.50 PM.png,Screen Shot 2018-06-07 at 2.47.50 PM.png_rottenapples,2018-06-07 14:47:50,rottenapples::block_4,3,3,rottenapples,rottenapples,0.81013787
train/rottenapples/rotated_by_75_Screen Shot 2018-06-08 at 2.25.17 PM.png,rottenapples,Screen Shot 2018-06-08 at 2.25.17 PM.png,Screen Shot 2018-06-08 at 2.25.17 PM.png_rottenapples,2018-06-08 14:25:17,rottenapples::block_8,3,3,rottenapples,rottenapples,0.8034448
train/rottenapples/rotated_by_15_Screen Shot 2018-06-07 at 2.52.22 PM.png,rottenapples,Screen Shot 2018-06-07 at 2.52.22 PM.png,Screen Shot 2018-06-07 at 2.52.22 PM.png_rottenapples,2018-06-07 14:52:22,rottenapples::block_4,3,3,rottenapples,rottenapples,0.6363662
train/rottenapples/rotated_by_30_Screen Shot 2018-06-07 at 2.50.09 PM.png,rottenapples,Screen Shot 2018-06-07 at 2.50.09 PM.png,Screen Shot 2018-06-07 at 2.50.09 PM.png_rottenapples,2018-06-07 14:50:09,rottenapples::block_4,3,1,rottenapples,freshbanana,0.9125299
train/rottenapples/rotated_by_60_Screen Shot 2018-06-07 at 2.50.43 PM.png,rottenapples,Screen Shot 2018-06-07 at 2.50.43 PM.png,Screen Shot 2018-06-07 at 2.50.43 PM.png_rottenapples,2018-06-07 14:50:43,rottenapples::block_4,3,5,rottenapples,rottenoranges,0.49913502
train/rottenapples/rotated_by_45_Screen Shot 2018-06-07 at 2.47.50 PM.png,rottenapples,Screen Shot 2018-06-07 at 2.47.50 PM.png,Screen Shot 2018-06-07 at 2.47.50 PM.png_rottenapples,2018-06-07 14:47:50,rottenapples::block_4,3,3,rottenapples,rottenapples,0.81642234
train/rottenapples/rotated_by_60_Screen Shot 2018-06-07 at 2.47.50 PM.png,rottenapples,Screen Shot 2018-06-07 at 2.47.50 PM.png,Screen Shot 2018-06-07 at 2.47.50 PM.png_rottenapples,2018-06-07 14:47:50,rottenapples::block_4,3,3,rottenapples,rottenapples,0.8211897
train/rottenapples/saltandpepper_Screen Shot 2018-06-07 at 2.52.22 PM.png,rottenapples,Screen Shot 2018-06-07 at 2.52.22 PM.png,Screen Shot 2018-06-07 at 2.52.22 PM.png_rottenapples,2018-06-07 14:52:22,rottenapples::block_4,3,3,rottenapples,rottenapples,0.71851695
train/rottenapples/translation_Screen Shot 2018-06-07 at 2.50.43 PM.png,rottenapples,Screen Shot 2018-06-07 at 2.50.43 PM.png,Screen Shot 2018-06-07 at 2.50.43 PM.png_rottenapples,2018-06-07 14:50:43,rottenapples::block_4,3,5,rottenapples,rottenoranges,0.49821597
train/rottenapples/Screen Shot 2018-06-07 at 2.52.30 PM.png,rottenapples,Screen Shot 2018-06-07 at 2.52.30 PM.png,Screen Shot 2018-06-07 at 2.52.30 PM.png_rottenapples,2018-06-07 14:52:30,rottenapples::block_4,3,3,rottenapples,rottenapples,0.71882415
train/rottenapples/rotated_by_45_Screen Shot 2018-06-07 at 2.50.43 PM.png,rottenapples,Screen Shot 2018-06-07 at 2.50.43 PM.png,Screen Shot 2018-06-07 at 2.50.43 PM.png_rottenapples,2018-06-07 14:50:43,rottenapples::block_4,3,5,rottenapples,rottenoranges,0.51551557
train/rottenapples/Screen Shot 2018-06-07 at 2.47.35 PM.png,rottenapples,Screen Shot 2018-06-07 at 2.47.35 PM.png,Screen Shot 2018-06-07 at 2.47.35 PM.png_rottenapples,2018-06-07 14:47:35,rottenapples::block_4,3,3,rottenapples,rottenapples,0.827593
train/rottenapples/rotated_by_60_Screen Shot 2018-06-08 at 2.25.43 PM.png,rottenapples,Screen Shot 2018-06-08 at 2.25.43 PM.png,Screen Shot 2018-06-08 at 2.25.43 PM.png_rottenapples,2018-06-08 14:25:43,rottenapples::block_8,3,2,rottenapples,freshoranges,0.5362536
train/rottenapples/vertical_flip_Screen Shot 2018-06-07 at 2.52.09 PM.png,rottenapples,Screen Shot 2018-06-07 at 2.52.09 PM.png,Screen Shot 2018-06-07 at 2.52.09 PM.png_rottenapples,2018-06-07 14:52:09,rottenapples::block_4,3,3,rottenapples,rottenapples,0.953693
train/rottenapples/rotated_by_75_Screen Shot 2018-06-07 at 2.52.09 PM.png,rottenapples,Screen Shot 2018-06-07 at 2.52.09 PM.png,Screen Shot 2018-06-07 at 2.52.09 PM.png_rottenapples,2018-06-07 14:52:09,rottenapples::block_4,3,3,rottenapples,rottenapples,0.94121534
train/rottenapples/vertical_flip_Screen Shot 2018-06-08 at 2.25.17 PM.png,rottenapples,Screen Shot 2018-06-08 at 2.25.17 PM.png,Screen Shot 2018-06-08 at 2.25.17 PM.png_rottenapples,2018-06-08 14:25:17,rottenapples::block_8,3,3,rottenapples,rottenapples,0.8645411
train/rottenapples/rotated_by_30_Screen Shot 2018-06-07 at 2.52.22 PM.png,rottenapples,Screen Shot 2018-06-07 at 2.52.22 PM.png,Screen Shot 2018-06-07 at 2.52.22 PM.png_rottenapples,2018-06-07 14:52:22,rottenapples::block_4,3,3,rottenapples,rottenapples,0.5836076
train/rottenapples/rotated_by_60_Screen Shot 2018-06-08 at 2.25.17 PM.png,rottenapples,Screen Shot 2018-06-08 at 2.25.17 PM.png,Screen Shot 2018-06-08 at 2.25.17 PM.png_rottenapples,2018-06-08 14:25:17,rottenapples::block_8,3,3,rottenapples,rottenapples,0.80109334
train/rottenapples/rotated_by_15_Screen Shot 2018-06-07 at 2.52.09 PM.png,rottenapples,Screen Shot 2018-06-07 at 2.52.09 PM.png,Screen Shot 2018-06-07 at 2.52.09 PM.png_rottenapples,2018-06-07 14:52:09,rottenapples::block_4,3,3,rottenapples,rottenapples,0.9521323
train/rottenapples/rotated_by_45_Screen Shot 2018-06-07 at 2.52.00 PM.png,rottenapples,Screen Shot 2018-06-07 at 2.52.00 PM.png,Screen Shot 2018-06-07 at 2.52.00 PM.png_rottenapples,2018-06-07 14:52:00,rottenapples::block_4,3,3,rottenapples,rottenapples,0.7293394
train/rottenapples/rotated_by_75_Screen Shot 2018-06-07 at 2.50.43 PM.png,rottenapples,Screen Shot 2018-06-07 at 2.50.43 PM.png,Screen Shot 2018-06-07 at 2.50.43 PM.png_rottenapples,2018-06-07 14:50:43,rottenapples::block_4,3,5,rottenapples,rottenoranges,0.4853022
train/rottenapples/rotated_by_60_Screen Shot 2018-06-07 at 2.52.09 PM.png,rottenapples,Screen Shot 2018-06-07 at 2.52.09 PM.png,Screen Shot 2018-06-07 at 2.52.09 PM.png_rottenapples,2018-06-07 14:52:09,rottenapples::block_4,3,3,rottenapples,rottenapples,0.94014466
train/rottenapples/Screen Shot 2018-06-07 at 2.52.22 PM.png,rottenapples,Screen Shot 2018-06-07 at 2.52.22 PM.png,Screen Shot 2018-06-07 at 2.52.22 PM.png_rottenapples,2018-06-07 14:52:22,rottenapples::block_4,3,3,rottenapples,rottenapples,0.6563902
train/rottenoranges/Screen Shot 2018-06-12 at 11.28.50 PM.png,rottenoranges,Screen Shot 2018-06-12 at 11.28.50 PM.png,Screen Shot 2018-06-12 at 11.28.50 PM.png_rottenoranges,2018-06-12 23:28:50,rottenoranges::block_3,5,3,rottenoranges,rottenapples,0.49248216
train/rottenoranges/rotated_by_60_Screen Shot 2018-06-12 at 11.28.04 PM.png,rottenoranges,Screen Shot 2018-06-12 at 11.28.04 PM.png,Screen Shot 2018-06-12 at 11.28.04 PM.png_rottenoranges,2018-06-12 23:28:04,rottenoranges::block_3,5,2,rottenoranges,freshoranges,0.52925664
train/rottenoranges/rotated_by_15_Screen Shot 2018-06-12 at 11.28.04 PM.png,rottenoranges,Screen Shot 2018-06-12 at 11.28.04 PM.png,Screen Shot 2018-06-12 at 11.28.04 PM.png_rottenoranges,2018-06-12 23:28:04,rottenoranges::block_3,5,2,rottenoranges,freshoranges,0.33947754
train/rottenoranges/saltandpepper_Screen Shot 2018-06-12 at 11.28.08 PM.png,rottenoranges,Screen Shot 2018-06-12 at 11.28.08 PM.png,Screen Shot 2018-06-12 at 11.28.08 PM.png_rottenoranges,2018-06-12 23:28:08,rottenoranges::block_3,5,5,rottenoranges,rottenoranges,0.8530671
train/rottenoranges/Screen Shot 2018-06-12 at 11.28.04 PM.png,rottenoranges,Screen Shot 2018-06-12 at 11.28.04 PM.png,Screen Shot 2018-06-12 at 11.28.04 PM.png_rottenoranges,2018-06-12 23:28:04,rottenoranges::block_3,5,3,rottenoranges,rottenapples,0.33811626
train/rottenoranges/vertical_flip_Screen Shot 2018-06-12 at 11.28.04 PM.png,rottenoranges,Screen Shot 2018-06-12 at 11.28.04 PM.png,Screen Shot 2018-06-12 at 11.28.04 PM.png_rottenoranges,2018-06-12 23:28:04,rottenoranges::block_3,5,3,rottenoranges,rottenapples,0.33200917
train/rottenoranges/vertical_flip_Screen Shot 2018-06-12 at 11.28.50 PM.png,rottenoranges,Screen Shot 2018-06-12 at 11.28.50 PM.png,Screen Shot 2018-06-12 at 11.28.50 PM.png_rottenoranges,2018-06-12 23:28:50,rottenoranges::block_3,5,3,rottenoranges,rottenapples,0.508923
train/rottenoranges/vertical_flip_Screen Shot 2018-06-12 at 11.28.17 PM.png,rottenoranges,Screen Shot 2018-06-12 at 11.28.17 PM.png,Screen Shot 2018-06-12 at 11.28.17 PM.png_rottenoranges,2018-06-12 23:28:17,rottenoranges::block_3,5,3,rottenoranges,rottenapples,0.81286556
train/rottenoranges/Screen Shot 2018-06-12 at 11.28.17 PM.png,rottenoranges,Screen Shot 2018-06-12 at 11.28.17 PM.png,Screen Shot 2018-06-12 at 11.28.17 PM.png_rottenoranges,2018-06-12 23:28:17,rottenoranges::block_3,5,3,rottenoranges,rottenapples,0.80873454
train/rottenoranges/vertical_flip_Screen Shot 2018-06-12 at 11.28.08 PM.png,rottenoranges,Screen Shot 2018-06-12 at 11.28.08 PM.png,Screen Shot 2018-06-12 at 11.28.08 PM.png_rottenoranges,2018-06-12 23:28:08,rottenoranges::block_3,5,5,rottenoranges,rottenoranges,0.72130346
train/rottenoranges/rotated_by_30_Screen Shot 2018-06-12 at 11.28.17 PM.png,rottenoranges,Screen Shot 2018-06-12 at 11.28.17 PM.png,Screen Shot 2018-06-12 at 11.28.17 PM.png_rottenoranges,2018-06-12 23:28:17,rottenoranges::block_3,5,3,rottenoranges,rottenapples,0.76537853
train/rottenoranges/rotated_by_75_Screen Shot 2018-06-12 at 11.28.12 PM.png,rottenoranges,Screen Shot 2018-06-12 at 11.28.12 PM.png,Screen Shot 2018-06-12 at 11.28.12 PM.png_rottenoranges,2018-06-12 23:28:12,rottenoranges::block_3,5,3,rottenoranges,rottenapples,0.4555818
train/rottenoranges/rotated_by_30_Screen Shot 2018-06-12 at 11.28.04 PM.png,rottenoranges,Screen Shot 2018-06-12 at 11.28.04 PM.png,Screen Shot 2018-06-12 at 11.28.04 PM.png_rottenoranges,2018-06-12 23:28:04,rottenoranges::block_3,5,2,rottenoranges,freshoranges,0.43223524
train/rottenoranges/rotated_by_60_Screen Shot 2018-06-12 at 11.28.08 PM.png,rottenoranges,Screen Shot 2018-06-12 at 11.28.08 PM.png,Screen Shot 2018-06-12 at 11.28.08 PM.png_rottenoranges,2018-06-12 23:28:08,rottenoranges::block_3,5,5,rottenoranges,rottenoranges,0.6247752
train/rottenoranges/saltandpepper_Screen Shot 2018-06-12 at 11.28.04 PM.png,rottenoranges,Screen Shot 2018-06-12 at 11.28.04 PM.png,Screen Shot 2018-06-12 at 11.28.04 PM.png_rottenoranges,2018-06-12 23:28:04,rottenoranges::block_3,5,3,rottenoranges,rottenapples,0.42124078
train/rottenoranges/rotated_by_15_Screen Shot 2018-06-12 at 11.28.08 PM.png,rottenoranges,Screen Shot 2018-06-12 at 11.28.08 PM.png,Screen Shot 2018-06-12 at 11.28.08 PM.png_rottenoranges,2018-06-12 23:28:08,rottenoranges::block_3,5,5,rottenoranges,rottenoranges,0.69851476
train/rottenoranges/rotated_by_30_Screen Shot 2018-06-12 at 11.28.12 PM.png,rottenoranges,Screen Shot 2018-06-12 at 11.28.12 PM.png,Screen Shot 2018-06-12 at 11.28.12 PM.png_rottenoranges,2018-06-12 23:28:12,rottenoranges::block_3,5,3,rottenoranges,rottenapples,0.4791682
train/rottenoranges/rotated_by_15_Screen Shot 2018-06-12 at 11.28.50 PM.png,rottenoranges,Screen Shot 2018-06-12 at 11.28.50 PM.png,Screen Shot 2018-06-12 at 11.28.50 PM.png_rottenoranges,2018-06-12 23:28:50,rottenoranges::block_3,5,3,rottenoranges,rottenapples,0.5719873
train/rottenoranges/rotated_by_30_Screen Shot 2018-06-12 at 11.28.50 PM.png,rottenoranges,Screen Shot 2018-06-12 at 11.28.50 PM.png,Screen Shot 2018-06-12 at 11.28.50 PM.png_rottenoranges,2018-06-12 23:28:50,rottenoranges::block_3,5,3,rottenoranges,rottenapples,0.51318204
train/rottenoranges/rotated_by_45_Screen Shot 2018-06-12 at 11.28.04 PM.png,rottenoranges,Screen Shot 2018-06-12 at 11.28.04 PM.png,Screen Shot 2018-06-12 at 11.28.04 PM.png_rottenoranges,2018-06-12 23:28:04,rottenoranges::block_3,5,2,rottenoranges,freshoranges,0.5028236
train/rottenoranges/rotated_by_75_Screen Shot 2018-06-12 at 11.28.50 PM.png,rottenoranges,Screen Shot 2018-06-12 at 11.28.50 PM.png,Screen Shot 2018-06-12 at 11.28.50 PM.png_rottenoranges,2018-06-12 23:28:50,rottenoranges::block_3,5,3,rottenoranges,rottenapples,0.47323072
train/rottenoranges/translation_Screen Shot 2018-06-12 at 11.28.12 PM.png,rottenoranges,Screen Shot 2018-06-12 at 11.28.12 PM.png,Screen Shot 2018-06-12 at 11.28.12 PM.png_rottenoranges,2018-06-12 23:28:12,rottenoranges::block_3,5,5,rottenoranges,rottenoranges,0.5131623
train/rottenoranges/translation_Screen Shot 2018-06-12 at 11.28.04 PM.png,rottenoranges,Screen Shot 2018-06-12 at 11.28.04 PM.png,Screen Shot 2018-06-12 at 11.28.04 PM.png_rottenoranges,2018-06-12 23:28:04,rottenoranges::block_3,5,2,rottenoranges,freshoranges,0.46547294
train/rottenoranges/rotated_by_45_Screen Shot 2018-06-12 at 11.28.12 PM.png,rottenoranges,Screen Shot 2018-06-12 at 11.28.12 PM.png,Screen Shot 2018-06-12 at 11.28.12 PM.png_rottenoranges,2018-06-12 23:28:12,rottenoranges::block_3,5,3,rottenoranges,rottenapples,0.46463713
train/rottenoranges/translation_Screen Shot 2018-06-12 at 11.28.17 PM.png,rottenoranges,Screen Shot 2018-06-12 at 11.28.17 PM.png,Screen Shot 2018-06-12 at 11.28.17 PM.png_rottenoranges,2018-06-12 23:28:17,rottenoranges::block_3,5,3,rottenoranges,rottenapples,0.6971943
train/rottenoranges/rotated_by_15_Screen Shot 2018-06-12 at 11.28.17 PM.png,rottenoranges,Screen Shot 2018-06-12 at 11.28.17 PM.png,Screen Shot 2018-06-12 at 11.28.17 PM.png_rottenoranges,2018-06-12 23:28:17,rottenoranges::block_3,5,3,rottenoranges,rottenapples,0.7966475
train/rottenoranges/rotated_by_30_Screen Shot 2018-06-12 at 11.28.08 PM.png,rottenoranges,Screen Shot 2018-06-12 at 11.28.08 PM.png,Screen Shot 2018-06-12 at 11.28.08 PM.png_rottenoranges,2018-06-12 23:28:08,rottenoranges::block_3,5,5,rottenoranges,rottenoranges,0.63086706
train/rottenoranges/rotated_by_45_Screen Shot 2018-06-12 at 11.28.50 PM.png,rottenoranges,Screen Shot 2018-06-12 at 11.28.50 PM.png,Screen Shot 2018-06-12 at 11.28.50 PM.png_rottenoranges,2018-06-12 23:28:50,rottenoranges::block_3,5,3,rottenoranges,rottenapples,0.47966683
train/rottenoranges/saltandpepper_Screen Shot 2018-06-12 at 11.28.12 PM.png,rottenoranges,Screen Shot 2018-06-12 at 11.28.12 PM.png,Screen Shot 2018-06-12 at 11.28.12 PM.png_rottenoranges,2018-06-12 23:28:12,rottenoranges::block_3,5,5,rottenoranges,rottenoranges,0.50467664
train/rottenoranges/rotated_by_75_Screen Shot 2018-06-12 at 11.28.04 PM.png,rottenoranges,Screen Shot 2018-06-12 at 11.28.04 PM.png,Screen Shot 2018-06-12 at 11.28.04 PM.png_rottenoranges,2018-06-12 23:28:04,rottenoranges::block_3,5,2,rottenoranges,freshoranges,0.5477296
train/rottenoranges/rotated_by_75_Screen Shot 2018-06-12 at 11.28.17 PM.png,rottenoranges,Screen Shot 2018-06-12 at 11.28.17 PM.png,Screen Shot 2018-06-12 at 11.28.17 PM.png_rottenoranges,2018-06-12 23:28:17,rottenoranges::block_3,5,3,rottenoranges,rottenapples,0.7204084
train/rottenoranges/rotated_by_15_Screen Shot 2018-06-12 at 11.28.12 PM.png,rottenoranges,Screen Shot 2018-06-12 at 11.28.12 PM.png,Screen Shot 2018-06-12 at 11.28.12 PM.png_rottenoranges,2018-06-12 23:28:12,rottenoranges::block_3,5,3,rottenoranges,rottenapples,0.48032692
train/rottenoranges/rotated_by_45_Screen Shot 2018-06-12 at 11.28.17 PM.png,rottenoranges,Screen Shot 2018-06-12 at 11.28.17 PM.png,Screen Shot 2018-06-12 at 11.28.17 PM.png_rottenoranges,2018-06-12 23:28:17,rottenoranges::block_3,5,3,rottenoranges,rottenapples,0.74763364
train/rottenoranges/Screen Shot 2018-06-12 at 11.28.12 PM.png,rottenoranges,Screen Shot 2018-06-12 at 11.28.12 PM.png,Screen Shot 2018-06-12 at 11.28.12 PM.png_rottenoranges,2018-06-12 23:28:12,rottenoranges::block_3,5,3,rottenoranges,rottenapples,0.43663177
train/rottenoranges/rotated_by_60_Screen Shot 2018-06-12 at 11.28.17 PM.png,rottenoranges,Screen Shot 2018-06-12 at 11.28.17 PM.png,Screen Shot 2018-06-12 at 11.28.17 PM.png_rottenoranges,2018-06-12 23:28:17,rottenoranges::block_3,5,3,rottenoranges,rottenapples,0.72981477
train/rottenoranges/Screen Shot 2018-06-12 at 11.28.08 PM.png,rottenoranges,Screen Shot 2018-06-12 at 11.28.08 PM.png,Screen Shot 2018-06-12 at 11.28.08 PM.png_rottenoranges,2018-06-12 23:28:08,rottenoranges::block_3,5,5,rottenoranges,rottenoranges,0.7186821
train/rottenoranges/translation_Screen Shot 2018-06-12 at 11.28.50 PM.png,rottenoranges,Screen Shot 2018-06-12 at 11.28.50 PM.png,Screen Shot 2018-06-12 at 11.28.50 PM.png_rottenoranges,2018-06-12 23:28:50,rottenoranges::block_3,5,3,rottenoranges,rottenapples,0.42511857
train/rottenoranges/vertical_flip_Screen Shot 2018-06-12 at 11.28.12 PM.png,rottenoranges,Screen Shot 2018-06-12 at 11.28.12 PM.png,Screen Shot 2018-06-12 at 11.28.12 PM.png_rottenoranges,2018-06-12 23:28:12,rottenoranges::block_3,5,3,rottenoranges,rottenapples,0.46620238
train/rottenoranges/rotated_by_75_Screen Shot 2018-06-12 at 11.28.08 PM.png,rottenoranges,Screen Shot 2018-06-12 at 11.28.08 PM.png,Screen Shot 2018-06-12 at 11.28.08 PM.png_rottenoranges,2018-06-12 23:28:08,rottenoranges::block_3,5,5,rottenoranges,rottenoranges,0.6909491
train/rottenoranges/saltandpepper_Screen Shot 2018-06-12 at 11.28.50 PM.png,rottenoranges,Screen Shot 2018-06-12 at 11.28.50 PM.png,Screen Shot 2018-06-12 at 11.28.50 PM.png_rottenoranges,2018-06-12 23:28:50,rottenoranges::block_3,5,3,rottenoranges,rottenapples,0.61424464
train/rottenoranges/rotated_by_45_Screen Shot 2018-06-12 at 11.28.08 PM.png,rottenoranges,Screen Shot 2018-06-12 at 11.28.08 PM.png,Screen Shot 2018-06-12 at 11.28.08 PM.png_rottenoranges,2018-06-12 23:28:08,rottenoranges::block_3,5,5,rottenoranges,rottenoranges,0.58922726
train/rottenoranges/rotated_by_60_Screen Shot 2018-06-12 at 11.28.12 PM.png,rottenoranges,Screen Shot 2018-06-12 at 11.28.12 PM.png,Screen Shot 2018-06-12 at 11.28.12 PM.png_rottenoranges,2018-06-12 23:28:12,rottenoranges::block_3,5,3,rottenoranges,rottenapples,0.4585911
train/rottenoranges/translation_Screen Shot 2018-06-12 at 11.28.08 PM.png,rottenoranges,Screen Shot 2018-06-12 at 11.28.08 PM.png,Screen Shot 2018-06-12 at 11.28.08 PM.png_rottenoranges,2018-06-12 23:28:08,rottenoranges::block_3,5,2,rottenoranges,freshoranges,0.60217273
test/freshapples/rotated_by_45_Screen Shot 2018-06-08 at 5.34.21 PM.png,freshapples,Screen Shot 2018-06-08 at 5.34.21 PM.png,Screen Shot 2018-06-08 at 5.34.21 PM.png_freshapples,2018-06-08 17:34:21,freshapples::block_9,0,0,freshapples,freshapples,0.99999976
test/freshapples/saltandpepper_Screen Shot 2018-06-08 at 5.34.01 PM.png,freshapples,Screen Shot 2018-06-08 at 5.34.01 PM.png,Screen Shot 2018-06-08 at 5.34.01 PM.png_freshapples,2018-06-08 17:34:01,freshapples::block_9,0,0,freshapples,freshapples,0.994603
test/freshapples/Screen Shot 2018-06-08 at 5.34.07 PM.png,freshapples,Screen Shot 2018-06-08 at 5.34.07 PM.png,Screen Shot 2018-06-08 at 5.34.07 PM.png_freshapples,2018-06-08 17:34:07,freshapples::block_9,0,0,freshapples,freshapples,0.99998
test/freshapples/rotated_by_60_Screen Shot 2018-06-08 at 5.34.07 PM.png,freshapples,Screen Shot 2018-06-08 at 5.34.07 PM.png,Screen Shot 2018-06-08 at 5.34.07 PM.png_freshapples,2018-06-08 17:34:07,freshapples::block_9,0,0,freshapples,freshapples,0.99996626
test/freshbanana/rotated_by_30_Screen Shot 2018-06-12 at 9.59.28 PM.png,freshbanana,Screen Shot 2018-06-12 at 9.59.28 PM.png,Screen Shot 2018-06-12 at 9.59.28 PM.png_freshbanana,2018-06-12 21:59:28,freshbanana::block_6,1,1,freshbanana,freshbanana,0.86836874
test/freshbanana/vertical_flip_Screen Shot 2018-06-12 at 9.56.56 PM.png,freshbanana,Screen Shot 2018-06-12 at 9.56.56 PM.png,Screen Shot 2018-06-12 at 9.56.56 PM.png_freshbanana,2018-06-12 21:56:56,freshbanana::block_6,1,1,freshbanana,freshbanana,0.9841756
test/freshbanana/rotated_by_15_Screen Shot 2018-06-12 at 9.59.12 PM.png,freshbanana,Screen Shot 2018-06-12 at 9.59.12 PM.png,Screen Shot 2018-06-12 at 9.59.12 PM.png_freshbanana,2018-06-12 21:59:12,freshbanana::block_6,1,1,freshbanana,freshbanana,0.65789723
test/freshbanana/rotated_by_60_Screen Shot 2018-06-12 at 9.56.56 PM.png,freshbanana,Screen Shot 2018-06-12 at 9.56.56 PM.png,Screen Shot 2018-06-12 at 9.56.56 PM.png_freshbanana,2018-06-12 21:56:56,freshbanana::block_6,1,1,freshbanana,freshbanana,0.9352818
test/freshbanana/rotated_by_15_Screen Shot 2018-06-12 at 9.59.35 PM.png,freshbanana,Screen Shot 2018-06-12 at 9.59.35 PM.png,Screen Shot 2018-06-12 at 9.59.35 PM.png_freshbanana,2018-06-12 21:59:35,freshbanana::block_6,1,1,freshbanana,freshbanana,0.97088456
test/freshbanana/rotated_by_30_Screen Shot 2018-06-12 at 9.59.41 PM.png,freshbanana,Screen Shot 2018-06-12 at 9.59.41 PM.png,Screen Shot 2018-06-12 at 9.59.41 PM.png_freshbanana,2018-06-12 21:59:41,freshbanana::block_6,1,1,freshbanana,freshbanana,0.88967484
test/freshbanana/Screen Shot 2018-06-12 at 9.57.17 PM.png,freshbanana,Screen Shot 2018-06-12 at 9.57.17 PM.png,Screen Shot 2018-06-12 at 9.57.17 PM.png_freshbanana,2018-06-12 21:57:17,freshbanana::block_6,1,1,freshbanana,freshbanana,0.98249626
test/freshbanana/rotated_by_60_Screen Shot 2018-06-12 at 9.57.42 PM.png,freshbanana,Screen Shot 2018-06-12 at 9.57.42 PM.png,Screen Shot 2018-06-12 at 9.57.42 PM.png_freshbanana,2018-06-12 21:57:42,freshbanana::block_6,1,1,freshbanana,freshbanana,0.9959085
test/freshbanana/rotated_by_60_Screen Shot 2018-06-12 at 9.59.35 PM.png,freshbanana,Screen Shot 2018-06-12 at 9.59.35 PM.png,Screen Shot 2018-06-12 at 9.59.35 PM.png_freshbanana,2018-06-12 21:59:35,freshbanana::block_6,1,1,freshbanana,freshbanana,0.93519753
test/freshbanana/rotated_by_45_Screen Shot 2018-06-12 at 9.57.42 PM.png,freshbanana,Screen Shot 2018-06-12 at 9.57.42 PM.png,Screen Shot 2018-06-12 at 9.57.42 PM.png_freshbanana,2018-06-12 21:57:42,freshbanana::block_6,1,1,freshbanana,freshbanana,0.99352217
test/freshbanana/vertical_flip_Screen Shot 2018-06-12 at 9.59.35 PM.png,freshbanana,Screen Shot 2018-06-12 at 9.59.35 PM.png,Screen Shot 2018-06-12 at 9.59.35 PM.png_freshbanana,2018-06-12 21:59:35,freshbanana::block_6,1,1,freshbanana,freshbanana,0.98609143
test/freshbanana/rotated_by_75_Screen Shot 2018-06-12 at 9.59.02 PM.png,freshbanana,Screen Shot 2018-06-12 at 9.59.02 PM.png,Screen Shot 2018-06-12 at 9.59.02 PM.png_freshbanana,2018-06-12 21:59:02,freshbanana::block_6,1,1,freshbanana,freshbanana,0.982405
test/freshbanana/rotated_by_15_Screen Shot 2018-06-12 at 9.59.28 PM.png,freshbanana,Screen Shot 2018-06-12 at 9.59.28 PM.png,Screen Shot 2018-06-12 at 9.59.28 PM.png_freshbanana,2018-06-12 21:59:28,freshbanana::block_6,1,1,freshbanana,freshbanana,0.8429644
test/freshbanana/rotated_by_15_Screen Shot 2018-06-12 at 9.59.17 PM.png,freshbanana,Screen Shot 2018-06-12 at 9.59.17 PM.png,Screen Shot 2018-06-12 at 9.59.17 PM.png_freshbanana,2018-06-12 21:59:17,freshbanana::block_6,1,1,freshbanana,freshbanana,0.9738166
test/freshbanana/rotated_by_45_Screen Shot 2018-06-12 at 9.59.41 PM.png,freshbanana,Screen Shot 2018-06-12 at 9.59.41 PM.png,Screen Shot 2018-06-12 at 9.59.41 PM.png_freshbanana,2018-06-12 21:59:41,freshbanana::block_6,1,1,freshbanana,freshbanana,0.8820377
test/freshbanana/rotated_by_15_Screen Shot 2018-06-12 at 9.59.02 PM.png,freshbanana,Screen Shot 2018-06-12 at 9.59.02 PM.png,Screen Shot 2018-06-12 at 9.59.02 PM.png_freshbanana,2018-06-12 21:59:02,freshbanana::block_6,1,1,freshbanana,freshbanana,0.9742313
test/freshbanana/vertical_flip_Screen Shot 2018-06-12 at 9.59.41 PM.png,freshbanana,Screen Shot 2018-06-12 at 9.59.41 PM.png,Screen Shot 2018-06-12 at 9.59.41 PM.png_freshbanana,2018-06-12 21:59:41,freshbanana::block_6,1,1,freshbanana,freshbanana,0.96199626
test/freshoranges/rotated_by_45_Screen Shot 2018-06-13 at 12.16.54 AM.png,freshoranges,Screen Shot 2018-06-13 at 12.16.54 AM.png,Screen Shot 2018-06-13 at 12.16.54 AM.png_freshoranges,2018-06-13 00:16:54,freshoranges::block_7,2,2,freshoranges,freshoranges,0.8921014
test/freshoranges/Screen Shot 2018-06-13 at 12.16.33 AM.png,freshoranges,Screen Shot 2018-06-13 at 12.16.33 AM.png,Screen Shot 2018-06-13 at 12.16.33 AM.png_freshoranges,2018-06-13 00:16:33,freshoranges::block_7,2,5,freshoranges,rottenoranges,0.6603658
test/freshoranges/rotated_by_30_Screen Shot 2018-06-13 at 12.16.33 AM.png,freshoranges,Screen Shot 2018-06-13 at 12.16.33 AM.png,Screen Shot 2018-06-13 at 12.16.33 AM.png_freshoranges,2018-06-13 00:16:33,freshoranges::block_7,2,5,freshoranges,rottenoranges,0.6374541
test/freshoranges/rotated_by_15_Screen Shot 2018-06-13 at 12.16.16 AM.png,freshoranges,Screen Shot 2018-06-13 at 12.16.16 AM.png,Screen Shot 2018-06-13 at 12.16.16 AM.png_freshoranges,2018-06-13 00:16:16,freshoranges::block_7,2,2,freshoranges,freshoranges,0.93745387
test/freshoranges/rotated_by_75_Screen Shot 2018-06-13 at 12.16.08 AM.png,freshoranges,Screen Shot 2018-06-13 at 12.16.08 AM.png,Screen Shot 2018-06-13 at 12.16.08 AM.png_freshoranges,2018-06-13 00:16:08,freshoranges::block_7,2,2,freshoranges,freshoranges,0.97506464
test/freshoranges/rotated_by_75_Screen Shot 2018-06-13 at 12.16.33 AM.png,freshoranges,Screen Shot 2018-06-13 at 12.16.33 AM.png,Screen Shot 2018-06-13 at 12.16.33 AM.png_freshoranges,2018-06-13 00:16:33,freshoranges::block_7,2,5,freshoranges,rottenoranges,0.65702075
test/freshoranges/vertical_flip_Screen Shot 2018-06-13 at 12.16.22 AM.png,freshoranges,Screen Shot 2018-06-13 at 12.16.22 AM.png,Screen Shot 2018-06-13 at 12.16.22 AM.png_freshoranges,2018-06-13 00:16:22,freshoranges::block_7,2,2,freshoranges,freshoranges,0.96402353
test/freshoranges/rotated_by_30_Screen Shot 2018-06-13 at 12.16.45 AM.png,freshoranges,Screen Shot 2018-06-13 at 12.16.45 AM.png,Screen Shot 2018-06-13 at 12.16.45 AM.png_freshoranges,2018-06-13 00:16:45,freshoranges::block_7,2,2,freshoranges,freshoranges,0.82332003
test/rottenapples/saltandpepper_Screen Shot 2018-06-07 at 2.52.30 PM.png,rottenapples,Screen Shot 2018-06-07 at 2.52.30 PM.png,Screen Shot 2018-06-07 at 2.52.30 PM.png_rottenapples,2018-06-07 14:52:30,rottenapples::block_4,3,3,rottenapples,rottenapples,0.75318635
test/rottenapples/vertical_flip_Screen Shot 2018-06-08 at 2.25.24 PM.png,rottenapples,Screen Shot 2018-06-08 at 2.25.24 PM.png,Screen Shot 2018-06-08 at 2.25.24 PM.png_rottenapples,2018-06-08 14:25:24,rottenapples::block_8,3,3,rottenapples,rottenapples,0.5086376
test/rottenapples/translation_Screen Shot 2018-06-07 at 2.52.44 PM.png,rottenapples,Screen Shot 2018-06-07 at 2.52.44 PM.png,Screen Shot 2018-06-07 at 2.52.44 PM.png_rottenapples,2018-06-07 14:52:44,rottenapples::block_4,3,3,rottenapples,rottenapples,0.7077402
test/rottenapples/Screen Shot 2018-06-07 at 2.47.50 PM.png,rottenapples,Screen Shot 2018-06-07 at 2.47.50 PM.png,Screen Shot 2018-06-07 at 2.47.50 PM.png_rottenapples,2018-06-07 14:47:50,rottenapples::block_4,3,3,rottenapples,rottenapples,0.86873597
test/rottenapples/rotated_by_30_Screen Shot 2018-06-07 at 2.52.30 PM.png,rottenapples,Screen Shot 2018-06-07 at 2.52.30 PM.png,Screen Shot 2018-06-07 at 2.52.30 PM.png_rottenapples,2018-06-07 14:52:30,rottenapples::block_4,3,3,rottenapples,rottenapples,0.72031903
test/rottenapples/translation_Screen Shot 2018-06-07 at 2.47.35 PM.png,rottenapples,Screen Shot 2018-06-07 at 2.47.35 PM.png,Screen Shot 2018-06-07 at 2.47.35 PM.png_rottenapples,2018-06-07 14:47:35,rottenapples::block_4,3,3,rottenapples,rottenapples,0.74445266
test/rottenapples/translation_Screen Shot 2018-06-07 at 2.50.52 PM.png,rottenapples,Screen Shot 2018-06-07 at 2.50.52 PM.png,Screen Shot 2018-06-07 at 2.50.52 PM.png_rottenapples,2018-06-07 14:50:52,rottenapples::block_4,3,3,rottenapples,rottenapples,0.5420211
test/rottenapples/rotated_by_15_Screen Shot 2018-06-07 at 2.47.35 PM.png,rottenapples,Screen Shot 2018-06-07 at 2.47.35 PM.png,Screen Shot 2018-06-07 at 2.47.35 PM.png_rottenapples,2018-06-07 14:47:35,rottenapples::block_4,3,3,rottenapples,rottenapples,0.81917155
test/rottenapples/rotated_by_30_Screen Shot 2018-06-07 at 2.52.00 PM.png,rottenapples,Screen Shot 2018-06-07 at 2.52.00 PM.png,Screen Shot 2018-06-07 at 2.52.00 PM.png_rottenapples,2018-06-07 14:52:00,rottenapples::block_4,3,3,rottenapples,rottenapples,0.7427238
test/rottenapples/Screen Shot 2018-06-08 at 2.25.24 PM.png,rottenapples,Screen Shot 2018-06-08 at 2.25.24 PM.png,Screen Shot 2018-06-08 at 2.25.24 PM.png_rottenapples,2018-06-08 14:25:24,rottenapples::block_8,3,3,rottenapples,rottenapples,0.49409997
test/rottenapples/rotated_by_45_Screen Shot 2018-06-07 at 2.50.52 PM.png,rottenapples,Screen Shot 2018-06-07 at 2.50.52 PM.png,Screen Shot 2018-06-07 at 2.50.52 PM.png_rottenapples,2018-06-07 14:50:52,rottenapples::block_4,3,3,rottenapples,rottenapples,0.6249473
test/rottenapples/rotated_by_45_Screen Shot 2018-06-07 at 2.52.44 PM.png,rottenapples,Screen Shot 2018-06-07 at 2.52.44 PM.png,Screen Shot 2018-06-07 at 2.52.44 PM.png_rottenapples,2018-06-07 14:52:44,rottenapples::block_4,3,3,rottenapples,rottenapples,0.6387402
test/rottenapples/translation_Screen Shot 2018-06-07 at 2.50.09 PM.png,rottenapples,Screen Shot 2018-06-07 at 2.50.09 PM.png,Screen Shot 2018-06-07 at 2.50.09 PM.png_rottenapples,2018-06-07 14:50:09,rottenapples::block_4,3,1,rottenapples,freshbanana,0.89774466
test/rottenapples/saltandpepper_Screen Shot 2018-06-07 at 2.52.09 PM.png,rottenapples,Screen Shot 2018-06-07 at 2.52.09 PM.png,Screen Shot 2018-06-07 at 2.52.09 PM.png_rottenapples,2018-06-07 14:52:09,rottenapples::block_4,3,3,rottenapples,rottenapples,0.94870025
test/rottenapples/rotated_by_60_Screen Shot 2018-06-07 at 2.52.44 PM.png,rottenapples,Screen Shot 2018-06-07 at 2.52.44 PM.png,Screen Shot 2018-06-07 at 2.52.44 PM.png_rottenapples,2018-06-07 14:52:44,rottenapples::block_4,3,3,rottenapples,rottenapples,0.62802637
test/rottenapples/rotated_by_75_Screen Shot 2018-06-07 at 2.52.00 PM.png,rottenapples,Screen Shot 2018-06-07 at 2.52.00 PM.png,Screen Shot 2018-06-07 at 2.52.00 PM.png_rottenapples,2018-06-07 14:52:00,rottenapples::block_4,3,3,rottenapples,rottenapples,0.74036556
test/rottenapples/rotated_by_75_Screen Shot 2018-06-08 at 2.25.43 PM.png,rottenapples,Screen Shot 2018-06-08 at 2.25.43 PM.png,Screen Shot 2018-06-08 at 2.25.43 PM.png_rottenapples,2018-06-08 14:25:43,rottenapples::block_8,3,2,rottenapples,freshoranges,0.48943147
test/rottenapples/Screen Shot 2018-06-08 at 2.25.17 PM.png,rottenapples,Screen Shot 2018-06-08 at 2.25.17 PM.png,Screen Shot 2018-06-08 at 2.25.17 PM.png_rottenapples,2018-06-08 14:25:17,rottenapples::block_8,3,3,rottenapples,rottenapples,0.86353904
test/rottenapples/saltandpepper_Screen Shot 2018-06-07 at 2.50.52 PM.png,rottenapples,Screen Shot 2018-06-07 at 2.50.52 PM.png,Screen Shot 2018-06-07 at 2.50.52 PM.png_rottenapples,2018-06-07 14:50:52,rottenapples::block_4,3,3,rottenapples,rottenapples,0.85723376
test/rottenapples/rotated_by_30_Screen Shot 2018-06-07 at 2.52.44 PM.png,rottenapples,Screen Shot 2018-06-07 at 2.52.44 PM.png,Screen Shot 2018-06-07 at 2.52.44 PM.png_rottenapples,2018-06-07 14:52:44,rottenapples::block_4,3,3,rottenapples,rottenapples,0.6678575
test/rottenapples/rotated_by_15_Screen Shot 2018-06-07 at 2.52.44 PM.png,rottenapples,Screen Shot 2018-06-07 at 2.52.44 PM.png,Screen Shot 2018-06-07 at 2.52.44 PM.png_rottenapples,2018-06-07 14:52:44,rottenapples::block_4,3,3,rottenapples,rottenapples,0.7068559
test/rottenoranges/rotated_by_60_Screen Shot 2018-06-12 at 11.28.50 PM.png,rottenoranges,Screen Shot 2018-06-12 at 11.28.50 PM.png,Screen Shot 2018-06-12 at 11.28.50 PM.png_rottenoranges,2018-06-12 23:28:50,rottenoranges::block_3,5,3,rottenoranges,rottenapples,0.44850102
test/rottenoranges/saltandpepper_Screen Shot 2018-06-12 at 11.28.17 PM.png,rottenoranges,Screen Shot 2018-06-12 at 11.28.17 PM.png,Screen Shot 2018-06-12 at 11.28.17 PM.png_rottenoranges,2018-06-12 23:28:17,rottenoranges::block_3,5,3,rottenoranges,rottenapples,0.80063176
train/freshapples/rotated_by_30_Screen Shot 2018-06-08 at 5.16.57 PM.png,freshapples,Screen Shot 2018-06-08 at 5.16.57 PM.png,Screen Shot 2018-06-08 at 5.16.57 PM.png_freshapples,2018-06-08 17:16:57,freshapples::block_5,0,0,freshapples,freshapples,0.99076325
train/freshapples/Screen Shot 2018-06-08 at 5.16.57 PM.png,freshapples,Screen Shot 2018-06-08 at 5.16.57 PM.png,Screen Shot 2018-06-08 at 5.16.57 PM.png_freshapples,2018-06-08 17:16:57,freshapples::block_5,0,0,freshapples,freshapples,0.9912703
train/freshapples/rotated_by_15_Screen Shot 2018-06-08 at 5.16.57 PM.png,freshapples,Screen Shot 2018-06-08 at 5.16.57 PM.png,Screen Shot 2018-06-08 at 5.16.57 PM.png_freshapples,2018-06-08 17:16:57,freshapples::block_5,0,0,freshapples,freshapples,0.99012405
train/freshapples/vertical_flip_Screen Shot 2018-06-08 at 5.16.57 PM.png,freshapples,Screen Shot 2018-06-08 at 5.16.57 PM.png,Screen Shot 2018-06-08 at 5.16.57 PM.png_freshapples,2018-06-08 17:16:57,freshapples::block_5,0,0,freshapples,freshapples,0.99184495
train/freshapples/rotated_by_60_Screen Shot 2018-06-08 at 5.16.57 PM.png,freshapples,Screen Shot 2018-06-08 at 5.16.57 PM.png,Screen Shot 2018-06-08 at 5.16.57 PM.png_freshapples,2018-06-08 17:16:57,freshapples::block_5,0,0,freshapples,freshapples,0.9926237
train/freshapples/rotated_by_45_Screen Shot 2018-06-08 at 5.16.57 PM.png,freshapples,Screen Shot 2018-06-08 at 5.16.57 PM.png,Screen Shot 2018-06-08 at 5.16.57 PM.png_freshapples,2018-06-08 17:16:57,freshapples::block_5,0,0,freshapples,freshapples,0.9923266
train/freshapples/rotated_by_75_Screen Shot 2018-06-08 at 5.16.57 PM.png,freshapples,Screen Shot 2018-06-08 at 5.16.57 PM.png,Screen Shot 2018-06-08 at 5.16.57 PM.png_freshapples,2018-06-08 17:16:57,freshapples::block_5,0,0,freshapples,freshapples,0.992489
train/freshbanana/rotated_by_30_Screen Shot 2018-06-12 at 9.59.07 PM.png,freshbanana,Screen Shot 2018-06-12 at 9.59.07 PM.png,Screen Shot 2018-06-12 at 9.59.07 PM.png_freshbanana,2018-06-12 21:59:07,freshbanana::block_6,1,1,freshbanana,freshbanana,0.7116319
train/freshbanana/rotated_by_45_Screen Shot 2018-06-12 at 9.59.07 PM.png,freshbanana,Screen Shot 2018-06-12 at 9.59.07 PM.png,Screen Shot 2018-06-12 at 9.59.07 PM.png_freshbanana,2018-06-12 21:59:07,freshbanana::block_6,1,1,freshbanana,freshbanana,0.78174704
train/freshbanana/translation_Screen Shot 2018-06-12 at 9.57.08 PM.png,freshbanana,Screen Shot 2018-06-12 at 9.57.08 PM.png,Screen Shot 2018-06-12 at 9.57.08 PM.png_freshbanana,2018-06-12 21:57:08,freshbanana::block_6,1,1,freshbanana,freshbanana,0.8649577
train/freshbanana/rotated_by_60_Screen Shot 2018-06-12 at 9.59.07 PM.png,freshbanana,Screen Shot 2018-06-12 at 9.59.07 PM.png,Screen Shot 2018-06-12 at 9.59.07 PM.png_freshbanana,2018-06-12 21:59:07,freshbanana::block_6,1,1,freshbanana,freshbanana,0.8114458
train/freshbanana/Screen Shot 2018-06-12 at 9.57.08 PM.png,freshbanana,Screen Shot 2018-06-12 at 9.57.08 PM.png,Screen Shot 2018-06-12 at 9.57.08 PM.png_freshbanana,2018-06-12 21:57:08,freshbanana::block_6,1,1,freshbanana,freshbanana,0.9331761
train/freshbanana/saltandpepper_Screen Shot 2018-06-12 at 9.59.48 PM.png,freshbanana,Screen Shot 2018-06-12 at 9.59.48 PM.png,Screen Shot 2018-06-12 at 9.59.48 PM.png_freshbanana,2018-06-12 21:59:48,freshbanana::block_6,1,1,freshbanana,freshbanana,0.98589694
train/freshbanana/rotated_by_75_Screen Shot 2018-06-12 at 9.57.08 PM.png,freshbanana,Screen Shot 2018-06-12 at 9.57.08 PM.png,Screen Shot 2018-06-12 at 9.57.08 PM.png_freshbanana,2018-06-12 21:57:08,freshbanana::block_6,1,1,freshbanana,freshbanana,0.8770158
train/freshbanana/Screen Shot 2018-06-12 at 9.59.07 PM.png,freshbanana,Screen Shot 2018-06-12 at 9.59.07 PM.png,Screen Shot 2018-06-12 at 9.59.07 PM.png_freshbanana,2018-06-12 21:59:07,freshbanana::block_6,1,1,freshbanana,freshbanana,0.75428164
train/freshbanana/rotated_by_15_Screen Shot 2018-06-12 at 9.59.48 PM.png,freshbanana,Screen Shot 2018-06-12 at 9.59.48 PM.png,Screen Shot 2018-06-12 at 9.59.48 PM.png_freshbanana,2018-06-12 21:59:48,freshbanana::block_6,1,1,freshbanana,freshbanana,0.9846543
train/freshbanana/rotated_by_75_Screen Shot 2018-06-12 at 9.59.07 PM.png,freshbanana,Screen Shot 2018-06-12 at 9.59.07 PM.png,Screen Shot 2018-06-12 at 9.59.07 PM.png_freshbanana,2018-06-12 21:59:07,freshbanana::block_6,1,1,freshbanana,freshbanana,0.78930366
train/freshbanana/rotated_by_45_Screen Shot 2018-06-12 at 9.57.08 PM.png,freshbanana,Screen Shot 2018-06-12 at 9.57.08 PM.png,Screen Shot 2018-06-12 at 9.57.08 PM.png_freshbanana,2018-06-12 21:57:08,freshbanana::block_6,1,1,freshbanana,freshbanana,0.76418865
train/freshbanana/rotated_by_75_Screen Shot 2018-06-12 at 9.59.48 PM.png,freshbanana,Screen Shot 2018-06-12 at 9.59.48 PM.png,Screen Shot 2018-06-12 at 9.59.48 PM.png_freshbanana,2018-06-12 21:59:48,freshbanana::block_6,1,1,freshbanana,freshbanana,0.975177
train/freshbanana/saltandpepper_Screen Shot 2018-06-12 at 9.57.08 PM.png,freshbanana,Screen Shot 2018-06-12 at 9.57.08 PM.png,Screen Shot 2018-06-12 at 9.57.08 PM.png_freshbanana,2018-06-12 21:57:08,freshbanana::block_6,1,1,freshbanana,freshbanana,0.9279776
train/freshbanana/vertical_flip_Screen Shot 2018-06-12 at 9.57.08 PM.png,freshbanana,Screen Shot 2018-06-12 at 9.57.08 PM.png,Screen Shot 2018-06-12 at 9.57.08 PM.png_freshbanana,2018-06-12 21:57:08,freshbanana::block_6,1,1,freshbanana,freshbanana,0.9285422
train/freshbanana/saltandpepper_Screen Shot 2018-06-12 at 9.59.07 PM.png,freshbanana,Screen Shot 2018-06-12 at 9.59.07 PM.png,Screen Shot 2018-06-12 at 9.59.07 PM.png_freshbanana,2018-06-12 21:59:07,freshbanana::block_6,1,1,freshbanana,freshbanana,0.7591982
train/freshbanana/rotated_by_60_Screen Shot 2018-06-12 at 9.57.08 PM.png,freshbanana,Screen Shot 2018-06-12 at 9.57.08 PM.png,Screen Shot 2018-06-12 at 9.57.08 PM.png_freshbanana,2018-06-12 21:57:08,freshbanana::block_6,1,1,freshbanana,freshbanana,0.7963051
train/freshbanana/rotated_by_45_Screen Shot 2018-06-12 at 9.59.48 PM.png,freshbanana,Screen Shot 2018-06-12 at 9.59.48 PM.png,Screen Shot 2018-06-12 at 9.59.48 PM.png_freshbanana,2018-06-12 21:59:48,freshbanana::block_6,1,1,freshbanana,freshbanana,0.9933595
train/freshbanana/rotated_by_15_Screen Shot 2018-06-12 at 9.57.08 PM.png,freshbanana,Screen Shot 2018-06-12 at 9.57.08 PM.png,Screen Shot 2018-06-12 at 9.57.08 PM.png_freshbanana,2018-06-12 21:57:08,freshbanana::block_6,1,1,freshbanana,freshbanana,0.8671908
train/freshbanana/translation_Screen Shot 2018-06-12 at 9.59.48 PM.png,freshbanana,Screen Shot 2018-06-12 at 9.59.48 PM.png,Screen Shot 2018-06-12 at 9.59.48 PM.png_freshbanana,2018-06-12 21:59:48,freshbanana::block_6,1,1,freshbanana,freshbanana,0.97310543
train/freshbanana/rotated_by_30_Screen Shot 2018-06-12 at 9.59.48 PM.png,freshbanana,Screen Shot 2018-06-12 at 9.59.48 PM.png,Screen Shot 2018-06-12 at 9.59.48 PM.png_freshbanana,2018-06-12 21:59:48,freshbanana::block_6,1,1,freshbanana,freshbanana,0.99228656
train/freshbanana/rotated_by_60_Screen Shot 2018-06-12 at 9.59.48 PM.png,freshbanana,Screen Shot 2018-06-12 at 9.59.48 PM.png,Screen Shot 2018-06-12 at 9.59.48 PM.png_freshbanana,2018-06-12 21:59:48,freshbanana::block_6,1,1,freshbanana,freshbanana,0.9872178
train/rottenapples/rotated_by_75_Screen Shot 2018-06-08 at 2.25.04 PM.png,rottenapples,Screen Shot 2018-06-08 at 2.25.04 PM.png,Screen Shot 2018-06-08 at 2.25.04 PM.png_rottenapples,2018-06-08 14:25:04,rottenapples::block_8,3,3,rottenapples,rottenapples,0.7740937
train/rottenapples/saltandpepper_Screen Shot 2018-06-08 at 2.25.04 PM.png,rottenapples,Screen Shot 2018-06-08 at 2.25.04 PM.png,Screen Shot 2018-06-08 at 2.25.04 PM.png_rottenapples,2018-06-08 14:25:04,rottenapples::block_8,3,3,rottenapples,rottenapples,0.7719695
train/rottenapples/rotated_by_15_Screen Shot 2018-06-08 at 2.25.04 PM.png,rottenapples,Screen Shot 2018-06-08 at 2.25.04 PM.png,Screen Shot 2018-06-08 at 2.25.04 PM.png_rottenapples,2018-06-08 14:25:04,rottenapples::block_8,3,3,rottenapples,rottenapples,0.7878552
train/rottenapples/rotated_by_45_Screen Shot 2018-06-08 at 2.25.04 PM.png,rottenapples,Screen Shot 2018-06-08 at 2.25.04 PM.png,Screen Shot 2018-06-08 at 2.25.04 PM.png_rottenapples,2018-06-08 14:25:04,rottenapples::block_8,3,3,rottenapples,rottenapples,0.7740731
train/rottenapples/rotated_by_30_Screen Shot 2018-06-08 at 2.25.04 PM.png,rottenapples,Screen Shot 2018-06-08 at 2.25.04 PM.png,Screen Shot 2018-06-08 at 2.25.04 PM.png_rottenapples,2018-06-08 14:25:04,rottenapples::block_8,3,3,rottenapples,rottenapples,0.7787867
train/rottenapples/vertical_flip_Screen Shot 2018-06-08 at 2.25.04 PM.png,rottenapples,Screen Shot 2018-06-08 at 2.25.04 PM.png,Screen Shot 2018-06-08 at 2.25.04 PM.png_rottenapples,2018-06-08 14:25:04,rottenapples::block_8,3,3,rottenapples,rottenapples,0.7898178
train/rottenoranges/rotated_by_45_Screen Shot 2018-06-12 at 11.28.00 PM.png,rottenoranges,Screen Shot 2018-06-12 at 11.28.00 PM.png,Screen Shot 2018-06-12 at 11.28.00 PM.png_rottenoranges,2018-06-12 23:28:00,rottenoranges::block_3,5,2,rottenoranges,freshoranges,0.63831073
train/rottenoranges/vertical_flip_Screen Shot 2018-06-12 at 11.28.28 PM.png,rottenoranges,Screen Shot 2018-06-12 at 11.28.28 PM.png,Screen Shot 2018-06-12 at 11.28.28 PM.png_rottenoranges,2018-06-12 23:28:28,rottenoranges::block_3,5,3,rottenoranges,rottenapples,0.5626573
train/rottenoranges/rotated_by_30_Screen Shot 2018-06-12 at 11.28.33 PM.png,rottenoranges,Screen Shot 2018-06-12 at 11.28.33 PM.png,Screen Shot 2018-06-12 at 11.28.33 PM.png_rottenoranges,2018-06-12 23:28:33,rottenoranges::block_3,5,3,rottenoranges,rottenapples,0.535871
train/rottenoranges/translation_Screen Shot 2018-06-12 at 11.28.33 PM.png,rottenoranges,Screen Shot 2018-06-12 at 11.28.33 PM.png,Screen Shot 2018-06-12 at 11.28.33 PM.png_rottenoranges,2018-06-12 23:28:33,rottenoranges::block_3,5,3,rottenoranges,rottenapples,0.57594246
train/rottenoranges/rotated_by_15_Screen Shot 2018-06-12 at 11.28.33 PM.png,rottenoranges,Screen Shot 2018-06-12 at 11.28.33 PM.png,Screen Shot 2018-06-12 at 11.28.33 PM.png_rottenoranges,2018-06-12 23:28:33,rottenoranges::block_3,5,3,rottenoranges,rottenapples,0.5478451
train/rottenoranges/translation_Screen Shot 2018-06-12 at 11.28.00 PM.png,rottenoranges,Screen Shot 2018-06-12 at 11.28.00 PM.png,Screen Shot 2018-06-12 at 11.28.00 PM.png_rottenoranges,2018-06-12 23:28:00,rottenoranges::block_3,5,2,rottenoranges,freshoranges,0.6707435
train/rottenoranges/rotated_by_45_Screen Shot 2018-06-12 at 11.28.28 PM.png,rottenoranges,Screen Shot 2018-06-12 at 11.28.28 PM.png,Screen Shot 2018-06-12 at 11.28.28 PM.png_rottenoranges,2018-06-12 23:28:28,rottenoranges::block_3,5,5,rottenoranges,rottenoranges,0.5133653
train/rottenoranges/Screen Shot 2018-06-12 at 11.28.00 PM.png,rottenoranges,Screen Shot 2018-06-12 at 11.28.00 PM.png,Screen Shot 2018-06-12 at 11.28.00 PM.png_rottenoranges,2018-06-12 23:28:00,rottenoranges::block_3,5,2,rottenoranges,freshoranges,0.51161426
train/rottenoranges/Screen Shot 2018-06-12 at 11.28.28 PM.png,rottenoranges,Screen Shot 2018-06-12 at 11.28.28 PM.png,Screen Shot 2018-06-12 at 11.28.28 PM.png_rottenoranges,2018-06-12 23:28:28,rottenoranges::block_3,5,3,rottenoranges,rottenapples,0.5319027
train/rottenoranges/vertical_flip_Screen Shot 2018-06-12 at 11.28.33 PM.png,rottenoranges,Screen Shot 2018-06-12 at 11.28.33 PM.png,Screen Shot 2018-06-12 at 11.28.33 PM.png_rottenoranges,2018-06-12 23:28:33,rottenoranges::block_3,5,3,rottenoranges,rottenapples,0.55972177
train/rottenoranges/saltandpepper_Screen Shot 2018-06-12 at 11.28.00 PM.png,rottenoranges,Screen Shot 2018-06-12 at 11.28.00 PM.png,Screen Shot 2018-06-12 at 11.28.00 PM.png_rottenoranges,2018-06-12 23:28:00,rottenoranges::block_3,5,2,rottenoranges,freshoranges,0.369739
train/rottenoranges/rotated_by_15_Screen Shot 2018-06-12 at 11.28.28 PM.png,rottenoranges,Screen Shot 2018-06-12 at 11.28.28 PM.png,Screen Shot 2018-06-12 at 11.28.28 PM.png_rottenoranges,2018-06-12 23:28:28,rottenoranges::block_3,5,3,rottenoranges,rottenapples,0.52451164
train/rottenoranges/vertical_flip_Screen Shot 2018-06-12 at 11.28.00 PM.png,rottenoranges,Screen Shot 2018-06-12 at 11.28.00 PM.png,Screen Shot 2018-06-12 at 11.28.00 PM.png_rottenoranges,2018-06-12 23:28:00,rottenoranges::block_3,5,2,rottenoranges,freshoranges,0.51840633
train/rottenoranges/rotated_by_75_Screen Shot 2018-06-12 at 11.28.33 PM.png,rottenoranges,Screen Shot 2018-06-12 at 11.28.33 PM.png,Screen Shot 2018-06-12 at 11.28.33 PM.png_rottenoranges,2018-06-12 23:28:33,rottenoranges::block_3,5,3,rottenoranges,rottenapples,0.50784
train/rottenoranges/rotated_by_60_Screen Shot 2018-06-12 at 11.28.28 PM.png,rottenoranges,Screen Shot 2018-06-12 at 11.28.28 PM.png,Screen Shot 2018-06-12 at 11.28.28 PM.png_rottenoranges,2018-06-12 23:28:28,rottenoranges::block_3,5,5,rottenoranges,rottenoranges,0.493216
train/rottenoranges/rotated_by_75_Screen Shot 2018-06-12 at 11.28.28 PM.png,rottenoranges,Screen Shot 2018-06-12 at 11.28.28 PM.png,Screen Shot 2018-06-12 at 11.28.28 PM.png_rottenoranges,2018-06-12 23:28:28,rottenoranges::block_3,5,3,rottenoranges,rottenapples,0.54250467
train/rottenoranges/translation_Screen Shot 2018-06-12 at 11.28.28 PM.png,rottenoranges,Screen Shot 2018-06-12 at 11.28.28 PM.png,Screen Shot 2018-06-12 at 11.28.28 PM.png_rottenoranges,2018-06-12 23:28:28,rottenoranges::block_3,5,5,rottenoranges,rottenoranges,0.56698287
train/rottenoranges/rotated_by_15_Screen Shot 2018-06-12 at 11.28.00 PM.png,rottenoranges,Screen Shot 2018-06-12 at 11.28.00 PM.png,Screen Shot 2018-06-12 at 11.28.00 PM.png_rottenoranges,2018-06-12 23:28:00,rottenoranges::block_3,5,2,rottenoranges,freshoranges,0.52183396
train/rottenoranges/rotated_by_60_Screen Shot 2018-06-12 at 11.28.00 PM.png,rottenoranges,Screen Shot 2018-06-12 at 11.28.00 PM.png,Screen Shot 2018-06-12 at 11.28.00 PM.png_rottenoranges,2018-06-12 23:28:00,rottenoranges::block_3,5,2,rottenoranges,freshoranges,0.64857346
train/rottenoranges/rotated_by_30_Screen Shot 2018-06-12 at 11.28.28 PM.png,rottenoranges,Screen Shot 2018-06-12 at 11.28.28 PM.png,Screen Shot 2018-06-12 at 11.28.28 PM.png_rottenoranges,2018-06-12 23:28:28,rottenoranges::block_3,5,3,rottenoranges,rottenapples,0.48694023
train/rottenoranges/Screen Shot 2018-06-12 at 11.28.33 PM.png,rottenoranges,Screen Shot 2018-06-12 at 11.28.33 PM.png,Screen Shot 2018-06-12 at 11.28.33 PM.png_rottenoranges,2018-06-12 23:28:33,rottenoranges::block_3,5,3,rottenoranges,rottenapples,0.5130546
train/rottenoranges/saltandpepper_Screen Shot 2018-06-12 at 11.28.28 PM.png,rottenoranges,Screen Shot 2018-06-12 at 11.28.28 PM.png,Screen Shot 2018-06-12 at 11.28.28 PM.png_rottenoranges,2018-06-12 23:28:28,rottenoranges::block_3,5,3,rottenoranges,rottenapples,0.52339286
train/rottenoranges/rotated_by_30_Screen Shot 2018-06-12 at 11.28.00 PM.png,rottenoranges,Screen Shot 2018-06-12 at 11.28.00 PM.png,Screen Shot 2018-06-12 at 11.28.00 PM.png_rottenoranges,2018-06-12 23:28:00,rottenoranges::block_3,5,2,rottenoranges,freshoranges,0.5943439
test/freshapples/translation_Screen Shot 2018-06-08 at 5.16.57 PM.png,freshapples,Screen Shot 2018-06-08 at 5.16.57 PM.png,Screen Shot 2018-06-08 at 5.16.57 PM.png_freshapples,2018-06-08 17:16:57,freshapples::block_5,0,0,freshapples,freshapples,0.9906088
test/freshapples/saltandpepper_Screen Shot 2018-06-08 at 5.16.57 PM.png,freshapples,Screen Shot 2018-06-08 at 5.16.57 PM.png,Screen Shot 2018-06-08 at 5.16.57 PM.png_freshapples,2018-06-08 17:16:57,freshapples::block_5,0,0,freshapples,freshapples,0.9898942
test/freshbanana/translation_Screen Shot 2018-06-12 at 9.59.07 PM.png,freshbanana,Screen Shot 2018-06-12 at 9.59.07 PM.png,Screen Shot 2018-06-12 at 9.59.07 PM.png_freshbanana,2018-06-12 21:59:07,freshbanana::block_6,1,1,freshbanana,freshbanana,0.46211794
test/freshbanana/rotated_by_30_Screen Shot 2018-06-12 at 9.57.08 PM.png,freshbanana,Screen Shot 2018-06-12 at 9.57.08 PM.png,Screen Shot 2018-06-12 at 9.57.08 PM.png_freshbanana,2018-06-12 21:57:08,freshbanana::block_6,1,1,freshbanana,freshbanana,0.7956818
test/freshbanana/Screen Shot 2018-06-12 at 9.59.48 PM.png,freshbanana,Screen Shot 2018-06-12 at 9.59.48 PM.png,Screen Shot 2018-06-12 at 9.59.48 PM.png_freshbanana,2018-06-12 21:59:48,freshbanana::block_6,1,1,freshbanana,freshbanana,0.98397774
test/freshbanana/rotated_by_15_Screen Shot 2018-06-12 at 9.59.07 PM.png,freshbanana,Screen Shot 2018-06-12 at 9.59.07 PM.png,Screen Shot 2018-06-12 at 9.59.07 PM.png_freshbanana,2018-06-12 21:59:07,freshbanana::block_6,1,1,freshbanana,freshbanana,0.6982031
test/freshbanana/vertical_flip_Screen Shot 2018-06-12 at 9.59.07 PM.png,freshbanana,Screen Shot 2018-06-12 at 9.59.07 PM.png,Screen Shot 2018-06-12 at 9.59.07 PM.png_freshbanana,2018-06-12 21:59:07,freshbanana::block_6,1,1,freshbanana,freshbanana,0.75402385
test/freshbanana/vertical_flip_Screen Shot 2018-06-12 at 9.59.48 PM.png,freshbanana,Screen Shot 2018-06-12 at 9.59.48 PM.png,Screen Shot 2018-06-12 at 9.59.48 PM.png_freshbanana,2018-06-12 21:59:48,freshbanana::block_6,1,1,freshbanana,freshbanana,0.9847484
test/rottenapples/Screen Shot 2018-06-08 at 2.25.04 PM.png,rottenapples,Screen Shot 2018-06-08 at 2.25.04 PM.png,Screen Shot 2018-06-08 at 2.25.04 PM.png_rottenapples,2018-06-08 14:25:04,rottenapples::block_8,3,3,rottenapples,rottenapples,0.7906134
test/rottenapples/rotated_by_60_Screen Shot 2018-06-08 at 2.25.04 PM.png,rottenapples,Screen Shot 2018-06-08 at 2.25.04 PM.png,Screen Shot 2018-06-08 at 2.25.04 PM.png_rottenapples,2018-06-08 14:25:04,rottenapples::block_8,3,3,rottenapples,rottenapples,0.77336305
test/rottenapples/translation_Screen Shot 2018-06-08 at 2.25.04 PM.png,rottenapples,Screen Shot 2018-06-08 at 2.25.04 PM.png,Screen Shot 2018-06-08 at 2.25.04 PM.png_rottenapples,2018-06-08 14:25:04,rottenapples::block_8,3,3,rottenapples,rottenapples,0.75086135
test/rottenoranges/rotated_by_75_Screen Shot 2018-06-12 at 11.28.00 PM.png,rottenoranges,Screen Shot 2018-06-12 at 11.28.00 PM.png,Screen Shot 2018-06-12 at 11.28.00 PM.png_rottenoranges,2018-06-12 23:28:00,rottenoranges::block_3,5,2,rottenoranges,freshoranges,0.6388287
test/rottenoranges/rotated_by_45_Screen Shot 2018-06-12 at 11.28.33 PM.png,rottenoranges,Screen Shot 2018-06-12 at 11.28.33 PM.png,Screen Shot 2018-06-12 at 11.28.33 PM.png_rottenoranges,2018-06-12 23:28:33,rottenoranges::block_3,5,3,rottenoranges,rottenapples,0.5453594
test/rottenoranges/saltandpepper_Screen Shot 2018-06-12 at 11.28.33 PM.png,rottenoranges,Screen Shot 2018-06-12 at 11.28.33 PM.png,Screen Shot 2018-06-12 at 11.28.33 PM.png_rottenoranges,2018-06-12 23:28:33,rottenoranges::block_3,5,4,rottenoranges,rottenbanana,0.61739725
test/rottenoranges/rotated_by_60_Screen Shot 2018-06-12 at 11.28.33 PM.png,rottenoranges,Screen Shot 2018-06-12 at 11.28.33 PM.png,Screen Shot 2018-06-12 at 11.28.33 PM.png_rottenoranges,2018-06-12 23:28:33,rottenoranges::block_3,5,3,rottenoranges,rottenapples,0.5359809
train/freshapples/saltandpepper_Screen Shot 2018-06-08 at 5.16.49 PM.png,freshapples,Screen Shot 2018-06-08 at 5.16.49 PM.png,Screen Shot 2018-06-08 at 5.16.49 PM.png_freshapples,2018-06-08 17:16:49,freshapples::block_5,0,0,freshapples,freshapples,0.90412265
train/freshapples/rotated_by_75_Screen Shot 2018-06-08 at 5.34.14 PM.png,freshapples,Screen Shot 2018-06-08 at 5.34.14 PM.png,Screen Shot 2018-06-08 at 5.34.14 PM.png_freshapples,2018-06-08 17:34:14,freshapples::block_9,0,0,freshapples,freshapples,0.9271558
train/freshapples/vertical_flip_Screen Shot 2018-06-08 at 5.34.14 PM.png,freshapples,Screen Shot 2018-06-08 at 5.34.14 PM.png,Screen Shot 2018-06-08 at 5.34.14 PM.png_freshapples,2018-06-08 17:34:14,freshapples::block_9,0,0,freshapples,freshapples,0.925356
train/freshapples/translation_Screen Shot 2018-06-08 at 5.34.14 PM.png,freshapples,Screen Shot 2018-06-08 at 5.34.14 PM.png,Screen Shot 2018-06-08 at 5.34.14 PM.png_freshapples,2018-06-08 17:34:14,freshapples::block_9,0,0,freshapples,freshapples,0.94841623
train/freshapples/Screen Shot 2018-06-08 at 5.16.49 PM.png,freshapples,Screen Shot 2018-06-08 at 5.16.49 PM.png,Screen Shot 2018-06-08 at 5.16.49 PM.png_freshapples,2018-06-08 17:16:49,freshapples::block_5,0,0,freshapples,freshapples,0.9603744
train/freshapples/vertical_flip_Screen Shot 2018-06-08 at 5.16.49 PM.png,freshapples,Screen Shot 2018-06-08 at 5.16.49 PM.png,Screen Shot 2018-06-08 at 5.16.49 PM.png_freshapples,2018-06-08 17:16:49,freshapples::block_5,0,0,freshapples,freshapples,0.94796115
train/freshapples/rotated_by_15_Screen Shot 2018-06-08 at 5.34.14 PM.png,freshapples,Screen Shot 2018-06-08 at 5.34.14 PM.png,Screen Shot 2018-06-08 at 5.34.14 PM.png_freshapples,2018-06-08 17:34:14,freshapples::block_9,0,0,freshapples,freshapples,0.9320051
train/freshapples/translation_Screen Shot 2018-06-08 at 5.16.49 PM.png,freshapples,Screen Shot 2018-06-08 at 5.16.49 PM.png,Screen Shot 2018-06-08 at 5.16.49 PM.png_freshapples,2018-06-08 17:16:49,freshapples::block_5,0,0,freshapples,freshapples,0.97558504
train/freshapples/Screen Shot 2018-06-08 at 5.34.14 PM.png,freshapples,Screen Shot 2018-06-08 at 5.34.14 PM.png,Screen Shot 2018-06-08 at 5.34.14 PM.png_freshapples,2018-06-08 17:34:14,freshapples::block_9,0,0,freshapples,freshapples,0.93056744
train/freshapples/rotated_by_60_Screen Shot 2018-06-08 at 5.34.14 PM.png,freshapples,Screen Shot 2018-06-08 at 5.34.14 PM.png,Screen Shot 2018-06-08 at 5.34.14 PM.png_freshapples,2018-06-08 17:34:14,freshapples::block_9,0,0,freshapples,freshapples,0.93669254
train/freshapples/rotated_by_15_Screen Shot 2018-06-08 at 5.16.49 PM.png,freshapples,Screen Shot 2018-06-08 at 5.16.49 PM.png,Screen Shot 2018-06-08 at 5.16.49 PM.png_freshapples,2018-06-08 17:16:49,freshapples::block_5,0,0,freshapples,freshapples,0.96048504
train/freshapples/rotated_by_30_Screen Shot 2018-06-08 at 5.34.14 PM.png,freshapples,Screen Shot 2018-06-08 at 5.34.14 PM.png,Screen Shot 2018-06-08 at 5.34.14 PM.png_freshapples,2018-06-08 17:34:14,freshapples::block_9,0,0,freshapples,freshapples,0.93138266
train/freshapples/rotated_by_60_Screen Shot 2018-06-08 at 5.16.49 PM.png,freshapples,Screen Shot 2018-06-08 at 5.16.49 PM.png,Screen Shot 2018-06-08 at 5.16.49 PM.png_freshapples,2018-06-08 17:16:49,freshapples::block_5,0,0,freshapples,freshapples,0.9610319
train/freshapples/rotated_by_45_Screen Shot 2018-06-08 at 5.16.49 PM.png,freshapples,Screen Shot 2018-06-08 at 5.16.49 PM.png,Screen Shot 2018-06-08 at 5.16.49 PM.png_freshapples,2018-06-08 17:16:49,freshapples::block_5,0,0,freshapples,freshapples,0.96833795
train/freshbanana/rotated_by_15_Screen Shot 2018-06-12 at 9.57.31 PM.png,freshbanana,Screen Shot 2018-06-12 at 9.57.31 PM.png,Screen Shot 2018-06-12 at 9.57.31 PM.png_freshbanana,2018-06-12 21:57:31,freshbanana::block_6,1,1,freshbanana,freshbanana,0.99115187
train/freshbanana/rotated_by_60_Screen Shot 2018-06-12 at 9.57.25 PM.png,freshbanana,Screen Shot 2018-06-12 at 9.57.25 PM.png,Screen Shot 2018-06-12 at 9.57.25 PM.png_freshbanana,2018-06-12 21:57:25,freshbanana::block_6,1,1,freshbanana,freshbanana,0.99188083
train/freshbanana/translation_Screen Shot 2018-06-12 at 9.57.46 PM.png,freshbanana,Screen Shot 2018-06-12 at 9.57.46 PM.png,Screen Shot 2018-06-12 at 9.57.46 PM.png_freshbanana,2018-06-12 21:57:46,freshbanana::block_6,1,1,freshbanana,freshbanana,0.99046636
train/freshbanana/rotated_by_15_Screen Shot 2018-06-12 at 9.57.38 PM.png,freshbanana,Screen Shot 2018-06-12 at 9.57.38 PM.png,Screen Shot 2018-06-12 at 9.57.38 PM.png_freshbanana,2018-06-12 21:57:38,freshbanana::block_6,1,1,freshbanana,freshbanana,0.9841548
train/freshbanana/saltandpepper_Screen Shot 2018-06-12 at 9.57.25 PM.png,freshbanana,Screen Shot 2018-06-12 at 9.57.25 PM.png,Screen Shot 2018-06-12 at 9.57.25 PM.png_freshbanana,2018-06-12 21:57:25,freshbanana::block_6,1,1,freshbanana,freshbanana,0.9769842
train/freshbanana/rotated_by_30_Screen Shot 2018-06-12 at 9.57.31 PM.png,freshbanana,Screen Shot 2018-06-12 at 9.57.31 PM.png,Screen Shot 2018-06-12 at 9.57.31 PM.png_freshbanana,2018-06-12 21:57:31,freshbanana::block_6,1,1,freshbanana,freshbanana,0.9921554
train/freshbanana/rotated_by_75_Screen Shot 2018-06-12 at 9.57.46 PM.png,freshbanana,Screen Shot 2018-06-12 at 9.57.46 PM.png,Screen Shot 2018-06-12 at 9.57.46 PM.png_freshbanana,2018-06-12 21:57:46,freshbanana::block_6,1,1,freshbanana,freshbanana,0.9910006
train/freshbanana/rotated_by_45_Screen Shot 2018-06-12 at 9.57.31 PM.png,freshbanana,Screen Shot 2018-06-12 at 9.57.31 PM.png,Screen Shot 2018-06-12 at 9.57.31 PM.png_freshbanana,2018-06-12 21:57:31,freshbanana::block_6,1,1,freshbanana,freshbanana,0.99340063
train/freshbanana/saltandpepper_Screen Shot 2018-06-12 at 9.57.46 PM.png,freshbanana,Screen Shot 2018-06-12 at 9.57.46 PM.png,Screen Shot 2018-06-12 at 9.57.46 PM.png_freshbanana,2018-06-12 21:57:46,freshbanana::block_6,1,1,freshbanana,freshbanana,0.99483347
train/freshbanana/Screen Shot 2018-06-12 at 9.57.46 PM.png,freshbanana,Screen Shot 2018-06-12 at 9.57.46 PM.png,Screen Shot 2018-06-12 at 9.57.46 PM.png_freshbanana,2018-06-12 21:57:46,freshbanana::block_6,1,1,freshbanana,freshbanana,0.9949
train/freshbanana/rotated_by_15_Screen Shot 2018-06-12 at 9.57.46 PM.png,freshbanana,Screen Shot 2018-06-12 at 9.57.46 PM.png,Screen Shot 2018-06-12 at 9.57.46 PM.png_freshbanana,2018-06-12 21:57:46,freshbanana::block_6,1,1,freshbanana,freshbanana,0.99338734
train/freshbanana/saltandpepper_Screen Shot 2018-06-12 at 9.57.38 PM.png,freshbanana,Screen Shot 2018-06-12 at 9.57.38 PM.png,Screen Shot 2018-06-12 at 9.57.38 PM.png_freshbanana,2018-06-12 21:57:38,freshbanana::block_6,1,1,freshbanana,freshbanana,0.9897632
train/freshbanana/rotated_by_30_Screen Shot 2018-06-12 at 9.57.46 PM.png,freshbanana,Screen Shot 2018-06-12 at 9.57.46 PM.png,Screen Shot 2018-06-12 at 9.57.46 PM.png_freshbanana,2018-06-12 21:57:46,freshbanana::block_6,1,1,freshbanana,freshbanana,0.99518234
train/freshbanana/rotated_by_45_Screen Shot 2018-06-12 at 9.57.25 PM.png,freshbanana,Screen Shot 2018-06-12 at 9.57.25 PM.png,Screen Shot 2018-06-12 at 9.57.25 PM.png_freshbanana,2018-06-12 21:57:25,freshbanana::block_6,1,1,freshbanana,freshbanana,0.98739046
train/freshbanana/vertical_flip_Screen Shot 2018-06-12 at 9.57.46 PM.png,freshbanana,Screen Shot 2018-06-12 at 9.57.46 PM.png,Screen Shot 2018-06-12 at 9.57.46 PM.png_freshbanana,2018-06-12 21:57:46,freshbanana::block_6,1,1,freshbanana,freshbanana,0.9949243
train/freshbanana/rotated_by_75_Screen Shot 2018-06-12 at 9.57.31 PM.png,freshbanana,Screen Shot 2018-06-12 at 9.57.31 PM.png,Screen Shot 2018-06-12 at 9.57.31 PM.png_freshbanana,2018-06-12 21:57:31,freshbanana::block_6,1,1,freshbanana,freshbanana,0.99319786
train/freshbanana/Screen Shot 2018-06-12 at 9.57.38 PM.png,freshbanana,Screen Shot 2018-06-12 at 9.57.38 PM.png,Screen Shot 2018-06-12 at 9.57.38 PM.png_freshbanana,2018-06-12 21:57:38,freshbanana::block_6,1,1,freshbanana,freshbanana,0.989421
train/freshbanana/translation_Screen Shot 2018-06-12 at 9.57.31 PM.png,freshbanana,Screen Shot 2018-06-12 at 9.57.31 PM.png,Screen Shot 2018-06-12 at 9.57.31 PM.png_freshbanana,2018-06-12 21:57:31,freshbanana::block_6,1,1,freshbanana,freshbanana,0.98579776
train/freshbanana/rotated_by_45_Screen Shot 2018-06-12 at 9.57.46 PM.png,freshbanana,Screen Shot 2018-06-12 at 9.57.46 PM.png,Screen Shot 2018-06-12 at 9.57.46 PM.png_freshbanana,2018-06-12 21:57:46,freshbanana::block_6,1,1,freshbanana,freshbanana,0.9957106
train/freshbanana/rotated_by_75_Screen Shot 2018-06-12 at 9.57.38 PM.png,freshbanana,Screen Shot 2018-06-12 at 9.57.38 PM.png,Screen Shot 2018-06-12 at 9.57.38 PM.png_freshbanana,2018-06-12 21:57:38,freshbanana::block_6,1,1,freshbanana,freshbanana,0.98785174
train/freshbanana/rotated_by_60_Screen Shot 2018-06-12 at 9.57.46 PM.png,freshbanana,Screen Shot 2018-06-12 at 9.57.46 PM.png,Screen Shot 2018-06-12 at 9.57.46 PM.png_freshbanana,2018-06-12 21:57:46,freshbanana::block_6,1,1,freshbanana,freshbanana,0.99444085
train/freshbanana/saltandpepper_Screen Shot 2018-06-12 at 9.57.31 PM.png,freshbanana,Screen Shot 2018-06-12 at 9.57.31 PM.png,Screen Shot 2018-06-12 at 9.57.31 PM.png_freshbanana,2018-06-12 21:57:31,freshbanana::block_6,1,1,freshbanana,freshbanana,0.99416023
train/freshbanana/rotated_by_30_Screen Shot 2018-06-12 at 9.57.38 PM.png,freshbanana,Screen Shot 2018-06-12 at 9.57.38 PM.png,Screen Shot 2018-06-12 at 9.57.38 PM.png_freshbanana,2018-06-12 21:57:38,freshbanana::block_6,1,1,freshbanana,freshbanana,0.98503727
train/freshbanana/rotated_by_60_Screen Shot 2018-06-12 at 9.57.31 PM.png,freshbanana,Screen Shot 2018-06-12 at 9.57.31 PM.png,Screen Shot 2018-06-12 at 9.57.31 PM.png_freshbanana,2018-06-12 21:57:31,freshbanana::block_6,1,1,freshbanana,freshbanana,0.9953421
train/freshbanana/rotated_by_30_Screen Shot 2018-06-12 at 9.57.25 PM.png,freshbanana,Screen Shot 2018-06-12 at 9.57.25 PM.png,Screen Shot 2018-06-12 at 9.57.25 PM.png_freshbanana,2018-06-12 21:57:25,freshbanana::block_6,1,1,freshbanana,freshbanana,0.9832477
train/freshbanana/rotated_by_60_Screen Shot 2018-06-12 at 9.57.38 PM.png,freshbanana,Screen Shot 2018-06-12 at 9.57.38 PM.png,Screen Shot 2018-06-12 at 9.57.38 PM.png_freshbanana,2018-06-12 21:57:38,freshbanana::block_6,1,1,freshbanana,freshbanana,0.99023765
train/freshbanana/translation_Screen Shot 2018-06-12 at 9.57.38 PM.png,freshbanana,Screen Shot 2018-06-12 at 9.57.38 PM.png,Screen Shot 2018-06-12 at 9.57.38 PM.png_freshbanana,2018-06-12 21:57:38,freshbanana::block_6,1,1,freshbanana,freshbanana,0.9737215
train/rottenapples/Screen Shot 2018-06-07 at 2.50.31 PM.png,rottenapples,Screen Shot 2018-06-07 at 2.50.31 PM.png,Screen Shot 2018-06-07 at 2.50.31 PM.png_rottenapples,2018-06-07 14:50:31,rottenapples::block_4,3,3,rottenapples,rottenapples,0.8971328
train/rottenapples/rotated_by_45_Screen Shot 2018-06-07 at 2.50.31 PM.png,rottenapples,Screen Shot 2018-06-07 at 2.50.31 PM.png,Screen Shot 2018-06-07 at 2.50.31 PM.png_rottenapples,2018-06-07 14:50:31,rottenapples::block_4,3,3,rottenapples,rottenapples,0.85114807
train/rottenapples/rotated_by_60_Screen Shot 2018-06-07 at 2.50.31 PM.png,rottenapples,Screen Shot 2018-06-07 at 2.50.31 PM.png,Screen Shot 2018-06-07 at 2.50.31 PM.png_rottenapples,2018-06-07 14:50:31,rottenapples::block_4,3,3,rottenapples,rottenapples,0.8472307
train/rottenapples/translation_Screen Shot 2018-06-07 at 2.50.31 PM.png,rottenapples,Screen Shot 2018-06-07 at 2.50.31 PM.png,Screen Shot 2018-06-07 at 2.50.31 PM.png_rottenapples,2018-06-07 14:50:31,rottenapples::block_4,3,3,rottenapples,rottenapples,0.82895756
train/rottenapples/saltandpepper_Screen Shot 2018-06-07 at 2.50.31 PM.png,rottenapples,Screen Shot 2018-06-07 at 2.50.31 PM.png,Screen Shot 2018-06-07 at 2.50.31 PM.png_rottenapples,2018-06-07 14:50:31,rottenapples::block_4,3,3,rottenapples,rottenapples,0.92192787
train/rottenapples/rotated_by_15_Screen Shot 2018-06-07 at 2.50.31 PM.png,rottenapples,Screen Shot 2018-06-07 at 2.50.31 PM.png,Screen Shot 2018-06-07 at 2.50.31 PM.png_rottenapples,2018-06-07 14:50:31,rottenapples::block_4,3,3,rottenapples,rottenapples,0.889657
train/rottenapples/vertical_flip_Screen Shot 2018-06-07 at 2.50.31 PM.png,rottenapples,Screen Shot 2018-06-07 at 2.50.31 PM.png,Screen Shot 2018-06-07 at 2.50.31 PM.png_rottenapples,2018-06-07 14:50:31,rottenapples::block_4,3,3,rottenapples,rottenapples,0.8925927
train/rottenoranges/rotated_by_45_Screen Shot 2018-06-12 at 11.28.21 PM.png,rottenoranges,Screen Shot 2018-06-12 at 11.28.21 PM.png,Screen Shot 2018-06-12 at 11.28.21 PM.png_rottenoranges,2018-06-12 23:28:21,rottenoranges::block_3,5,2,rottenoranges,freshoranges,0.4106898
train/rottenoranges/saltandpepper_Screen Shot 2018-06-12 at 11.28.21 PM.png,rottenoranges,Screen Shot 2018-06-12 at 11.28.21 PM.png,Screen Shot 2018-06-12 at 11.28.21 PM.png_rottenoranges,2018-06-12 23:28:21,rottenoranges::block_3,5,3,rottenoranges,rottenapples,0.4976537
train/rottenoranges/vertical_flip_Screen Shot 2018-06-12 at 11.28.21 PM.png,rottenoranges,Screen Shot 2018-06-12 at 11.28.21 PM.png,Screen Shot 2018-06-12 at 11.28.21 PM.png_rottenoranges,2018-06-12 23:28:21,rottenoranges::block_3,5,3,rottenoranges,rottenapples,0.38657454
train/rottenoranges/translation_Screen Shot 2018-06-12 at 11.28.21 PM.png,rottenoranges,Screen Shot 2018-06-12 at 11.28.21 PM.png,Screen Shot 2018-06-12 at 11.28.21 PM.png_rottenoranges,2018-06-12 23:28:21,rottenoranges::block_3,5,2,rottenoranges,freshoranges,0.37803164
train/rottenoranges/rotated_by_15_Screen Shot 2018-06-12 at 11.28.21 PM.png,rottenoranges,Screen Shot 2018-06-12 at 11.28.21 PM.png,Screen Shot 2018-06-12 at 11.28.21 PM.png_rottenoranges,2018-06-12 23:28:21,rottenoranges::block_3,5,3,rottenoranges,rottenapples,0.40003332
train/rottenoranges/rotated_by_60_Screen Shot 2018-06-12 at 11.28.21 PM.png,rottenoranges,Screen Shot 2018-06-12 at 11.28.21 PM.png,Screen Shot 2018-06-12 at 11.28.21 PM.png_rottenoranges,2018-06-12 23:28:21,rottenoranges::block_3,5,2,rottenoranges,freshoranges,0.41214305
train/rottenoranges/rotated_by_75_Screen Shot 2018-06-12 at 11.28.21 PM.png,rottenoranges,Screen Shot 2018-06-12 at 11.28.21 PM.png,Screen Shot 2018-06-12 at 11.28.21 PM.png_rottenoranges,2018-06-12 23:28:21,rottenoranges::block_3,5,2,rottenoranges,freshoranges,0.38943395
test/freshapples/rotated_by_75_Screen Shot 2018-06-08 at 5.16.49 PM.png,freshapples,Screen Shot 2018-06-08 at 5.16.49 PM.png,Screen Shot 2018-06-08 at 5.16.49 PM.png_freshapples,2018-06-08 17:16:49,freshapples::block_5,0,0,freshapples,freshapples,0.9493362
test/freshapples/saltandpepper_Screen Shot 2018-06-08 at 5.34.14 PM.png,freshapples,Screen Shot 2018-06-08 at 5.34.14 PM.png,Screen Shot 2018-06-08 at 5.34.14 PM.png_freshapples,2018-06-08 17:34:14,freshapples::block_9,0,0,freshapples,freshapples,0.81888014
test/freshapples/rotated_by_45_Screen Shot 2018-06-08 at 5.34.14 PM.png,freshapples,Screen Shot 2018-06-08 at 5.34.14 PM.png,Screen Shot 2018-06-08 at 5.34.14 PM.png_freshapples,2018-06-08 17:34:14,freshapples::block_9,0,0,freshapples,freshapples,0.9408334
test/freshapples/rotated_by_30_Screen Shot 2018-06-08 at 5.16.49 PM.png,freshapples,Screen Shot 2018-06-08 at 5.16.49 PM.png,Screen Shot 2018-06-08 at 5.16.49 PM.png_freshapples,2018-06-08 17:16:49,freshapples::block_5,0,0,freshapples,freshapples,0.96468884
test/freshbanana/rotated_by_45_Screen Shot 2018-06-12 at 9.57.38 PM.png,freshbanana,Screen Shot 2018-06-12 at 9.57.38 PM.png,Screen Shot 2018-06-12 at 9.57.38 PM.png_freshbanana,2018-06-12 21:57:38,freshbanana::block_6,1,1,freshbanana,freshbanana,0.9862273
test/freshbanana/rotated_by_15_Screen Shot 2018-06-12 at 9.57.25 PM.png,freshbanana,Screen Shot 2018-06-12 at 9.57.25 PM.png,Screen Shot 2018-06-12 at 9.57.25 PM.png_freshbanana,2018-06-12 21:57:25,freshbanana::block_6,1,1,freshbanana,freshbanana,0.9747635
test/freshbanana/Screen Shot 2018-06-12 at 9.57.25 PM.png,freshbanana,Screen Shot 2018-06-12 at 9.57.25 PM.png,Screen Shot 2018-06-12 at 9.57.25 PM.png_freshbanana,2018-06-12 21:57:25,freshbanana::block_6,1,1,freshbanana,freshbanana,0.97637796
test/freshbanana/vertical_flip_Screen Shot 2018-06-12 at 9.57.38 PM.png,freshbanana,Screen Shot 2018-06-12 at 9.57.38 PM.png,Screen Shot 2018-06-12 at 9.57.38 PM.png_freshbanana,2018-06-12 21:57:38,freshbanana::block_6,1,1,freshbanana,freshbanana,0.98972636
test/freshbanana/translation_Screen Shot 2018-06-12 at 9.57.25 PM.png,freshbanana,Screen Shot 2018-06-12 at 9.57.25 PM.png,Screen Shot 2018-06-12 at 9.57.25 PM.png_freshbanana,2018-06-12 21:57:25,freshbanana::block_6,1,1,freshbanana,freshbanana,0.96052253
test/freshbanana/vertical_flip_Screen Shot 2018-06-12 at 9.57.31 PM.png,freshbanana,Screen Shot 2018-06-12 at 9.57.31 PM.png,Screen Shot 2018-06-12 at 9.57.31 PM.png_freshbanana,2018-06-12 21:57:31,freshbanana::block_6,1,1,freshbanana,freshbanana,0.9933994
test/freshbanana/Screen Shot 2018-06-12 at 9.57.31 PM.png,freshbanana,Screen Shot 2018-06-12 at 9.57.31 PM.png,Screen Shot 2018-06-12 at 9.57.31 PM.png_freshbanana,2018-06-12 21:57:31,freshbanana::block_6,1,1,freshbanana,freshbanana,0.9933824
test/freshbanana/rotated_by_75_Screen Shot 2018-06-12 at 9.57.25 PM.png,freshbanana,Screen Shot 2018-06-12 at 9.57.25 PM.png,Screen Shot 2018-06-12 at 9.57.25 PM.png_freshbanana,2018-06-12 21:57:25,freshbanana::block_6,1,1,freshbanana,freshbanana,0.9897524
test/freshbanana/vertical_flip_Screen Shot 2018-06-12 at 9.57.25 PM.png,freshbanana,Screen Shot 2018-06-12 at 9.57.25 PM.png,Screen Shot 2018-06-12 at 9.57.25 PM.png_freshbanana,2018-06-12 21:57:25,freshbanana::block_6,1,1,freshbanana,freshbanana,0.97651845
test/rottenapples/rotated_by_75_Screen Shot 2018-06-07 at 2.50.31 PM.png,rottenapples,Screen Shot 2018-06-07 at 2.50.31 PM.png,Screen Shot 2018-06-07 at 2.50.31 PM.png_rottenapples,2018-06-07 14:50:31,rottenapples::block_4,3,3,rottenapples,rottenapples,0.84798557
test/rottenapples/rotated_by_30_Screen Shot 2018-06-07 at 2.50.31 PM.png,rottenapples,Screen Shot 2018-06-07 at 2.50.31 PM.png,Screen Shot 2018-06-07 at 2.50.31 PM.png_rottenapples,2018-06-07 14:50:31,rottenapples::block_4,3,3,rottenapples,rottenapples,0.86965275
test/rottenoranges/rotated_by_30_Screen Shot 2018-06-12 at 11.28.21 PM.png,rottenoranges,Screen Shot 2018-06-12 at 11.28.21 PM.png,Screen Shot 2018-06-12 at 11.28.21 PM.png_rottenoranges,2018-06-12 23:28:21,rottenoranges::block_3,5,2,rottenoranges,freshoranges,0.35292134
test/rottenoranges/Screen Shot 2018-06-12 at 11.28.21 PM.png,rottenoranges,Screen Shot 2018-06-12 at 11.28.21 PM.png,Screen Shot 2018-06-12 at 11.28.21 PM.png_rottenoranges,2018-06-12 23:28:21,rottenoranges::block_3,5,3,rottenoranges,rottenapples,0.3961729
